EVENT_ID	CZ_NAME_STR	BEGIN_LOCATION	BEGIN_DATE	BEGIN_TIME	EVENT_TYPE	MAGNITUDE	TOR_F_SCALE	DEATHS_DIRECT	INJURIES_DIRECT	DAMAGE_PROPERTY_NUM	DAMAGE_CROPS_NUM	STATE_ABBR	CZ_TIMEZONE	MAGNITUDE_TYPE	EPISODE_ID	CZ_TYPE	CZ_FIPS	WFO	INJURIES_INDIRECT	DEATHS_INDIRECT	SOURCE	FLOOD_CAUSE	TOR_LENGTH	TOR_WIDTH	BEGIN_RANGE	BEGIN_AZIMUTH	END_RANGE	END_AZIMUTH	END_LOCATION	END_DATE	END_TIME	BEGIN_LAT	BEGIN_LON	END_LAT	END_LON	EVENT_NARRATIVE	EPISODE_NARRATIVE	ABSOLUTE_ROWNUMBER
5275807	MARSHALL ISLANDS (ZONE)	 	12/12/2001	0	Hurricane (Typhoon)	 	 	1	0	500000	400000	XX	SST	 	1125744	Z	3	GUA	0	0	OFFICIAL NWS OBS.	 	 	 	 	 	 	 	 	12/20/2001	1000	 	 	 	 		"A trough of low pressure had been noted for days in synoptic and Quick Scat data between
the equator and 10N and from 150E to 160E. By the evening of the 10th a circulation was 
observed in Quick Scat data near 5N156E. Between 16Z and 21Z on the morning of the 11th an 
automated weather observing station on Nukuror(3.85N 155.01E) observed wind westerly
winds were consistently gusting near 40 kt with a peak gust of 42 kt at 1707Z. This
indicated that the system was possibly strengthening and by the morning of the 12th 
it became Tropical Depression 31W 250 miles southeast of Chuuk. By the morning of the
13th the depression became Tropical Storm Faxai when it was located 115 miles southeast
of Pohnpei. A westerly wind burst along the equator pushed the tropical storm further
eastward and by the evening of the 13th Faxai was located near Kosrae(5.6N 163.0E). 
On the morning of the 16th the storm was about 30 miles west-southwest of Kosrae. 
With weak steering currents Faxai was nearly stationary for a few days in the vicinity
of Kosrae. This resulted in heavy rainfall over the island. The 24 hour rainfall total
ending at 0757Z on the 15th was 10.74 inches with 24.76 inches falling from 13/1957Z to
18/2257Z. An automated wind sensor on Kosrae reported sustained winds of 36 mph twice on
the 19th. The 1st at 1257 and the second at 2257. Both winds were from the southwest. 
A peak wind of 64 mph was recorded on the 15th at 1857. Only one indirect death occurred on
Kosrae. Electrical power was knocked out on the island and because of the heavy rainfall
a lot of flooding was reported. Because of the persistent southwest fetch caused by the 
storm the southern clockwise through western shore of Kosrae experienced some coastal 
inundation. Many rocks were thrown up on the road on that portion of the island. Damage 
was reported to the banana crops. 

By the 18th the storm had drifted west and was near Pingelap(6.2N 160.7E). An automated
anemometer recorded a maximum sustained wind of 29 mph of 0758 and 1158 on the 18th. A peak
gust of 48 mph was recorded early on the morning of the 18th at 0058. The center of the tropical
storm passed very close to Pingelap on the afternoon of the 18th. Strong winds on Pingelap 
downed many banana trees. Runup of sea water caused by the tropical storm caused damage to
some Taro patches.   

The tropical storm continued on its slow northwest movement with the center passing 135 miles to the
north of the island on morning of the 21st. Rainbands and a southwesterly monsoon flow created
lower pressure and stronger winds along the right periphery of the tropical storm. As a result
Pohnpei received strong winds on the 20th with a peak wind of 34 mph at 1352. On the 20 the 24 hour
rainfall total at the Pohnpei WSO was 3.13 inches. The heavy rain caused flooding and two landslides
in the Nett Municipality of Pohnpei. 

Shortly after making its closest approach to Pohnpei the tropical storm became Typhoon Faxai at 
1000 on the 20th."	1
5275808	NORTHERN MARIANAS (ZONE)	 	12/23/2001	0	Hurricane (Typhoon)	 	 	0	0	50000	50000	XX	SST	 	1125745	Z	5	GUA	0	0	OFFICIAL NWS OBS.	 	 	 	 	 	 	 	 	12/24/2001	0	 	 	 	 		Early computer projects had the Typhoon Faxai passing near Guam on Christmas Eve and as a result Typhoon Watches were issued for Guam...Rota...Tinian and Saipan on the morning of the 22nd. The typhoon , however , curved and headed further north. It passed 355 miles to the northeast of Guam on the afternoon of the 23rd and 180 miles to the north-northeast of Saipan on the morning of the 24th. Typhoon Faxai passed close to northen Mariana Island of Agrihan. At 1400 on the 24th the typhoon was only 45 miles to the east of Agrihan. Despite being buffeted by strong winds, the small group of people (9 adults, one child) on Agrihan survived. The only reported damage was a water well being inundated by saltwater.	2
5285870	MICRONESIA (ZONE)	 	3/1/2002	0	Hurricane (Typhoon)	 	 	1	0	50000000	100000000	XX	SST	 	1131922	Z	2	GUA	0	0	OFFICIAL NWS OBS.	 	 	 	 	 	 	 	 	3/4/2002	0	 	 	 	 		"SUPERTYPHOON MITAG

On the morning of the 25th Scatterometer data had shown a weak circulation south of Pohnpei near 4N 158E. Near midnight on the morning of February 27  the circulation moved west to a location near 285 miles east-southeast of Chuuk. At 6am on the 27th the circulation had strengthened to become Tropical

Depression 02W. By the evening of the 27th Tropical Depression 02W had become a Tropical Storm. The tropical storm moved slowly westward over the next few days intensifying only slightly. By the night of the 28th the storm was located 20 miles south-southeast of Weno Chuuk. Wind gust of 47 mph were recorded at the Chuuk WSO during the afternoon of the 28th. By midnight on March 1 Tropical Storm Mitag inched closer to Weno Chuuk passing 35 miles southwest. WSO Chuuk had 6.94 inches of rain during the 24 hour period ending 2200L on the 28th.

Damage on Chuuk

No deaths or injuries were reported. 

Flooding and landslides. Heavy flooding resulting mostly from overflowing man-hole and trapped run-off water flooded many homes on Weno in the Seletiw area. The flooded home received damage to household goods, appliances and personal property. A few minor landslide also occurred on two of the islands in the lagoon, Fason in Tol Municipality and Eot Municipality. 

The Tropical Storm increased its forward speed on the 1st, going from 10 mph in the early morning to 16 mph by noon time. The storm passed over or very close to Puluwat during the late morning hours of the 1st. Moving further west Tropical Storm Mitag increased strength becoming a typhoon by that evening. During that night Mitag passed 50 miles south of Satawal.

Around noon on the 2nd, Typhoon Mitag passed less than 30 miles south of Woleai. Reports from Woleai said power was knocked out, all breadfruit trees and most of the coconut trees and also the thatched roof houses were blown down. Residents of Woleai sought shelter in the Elementary and High School facilities. Winds were estimated to have gusted as high as 105 mph. 

During the early morning hours of the 3rd the typhoon passed over the atoll of of Sorol. Sorol was uninhabited at the time. Just before noon that day Mitag passed 50 miles south of Yap. Just after noon the typhoon passed 60 miles northwest of Ngulu.  


Maximum gust       WSO YAP   from       SE   at 75 mph at 1310 on the 3rd
                              NGULU AMOS from SW   at 63 mph at 1400 on the 3rd
                             ULITHI AMOS from    E-NE at 49 mph at 0300 on the 3rd
             
24 Hr rainfall    
            WSO YAP received     3.70 inches ending at 1600L on the 3rd with a storm total was 3.89 inches
             NGULU AMOS received 10.05 inches ending at 1500L on the 3rd
             ULITHI AMOS received 1.00 inch ending at   0600L on the 3rd
                   

Damage on Yap 

No injuries or deaths were reported. 

Island power failed at 1300L on the 3rd due to some lines being ripped off the poles by high winds. Island power was restored at 1600L on the 5th.

Northern clockwise through southern shores of the main Island of Yap was heavily destroyed, mainly 
due to the thunderous storm surge pounding the shoreline. Private dwellings along the shore was washed 
away. Even some concrete buildings close to the shoreline was destroyed by the surf. Destiny Hotel in 
Gilman was completely demolished. In some areas, the strong tidal surge went inland as far as 600 feet. 

Part of the roof at the Yap International Airport terminal was ripped off. The boarding area, check-in area, waiting area, and arrival area flooded with rain water and debris. 


Most of the roads and causeways in Colonia were under 4 to 5 feet of water. The whole length of the
Colonia Park Seawall was damaged by high tide and strong currents from the storm. 

Numerous trees were damaged or knocked down across Yap. The fallen trees blocked many roads. On the southern most tip of Yap much damage was done to food crops and residential areas. The southeastern side of the tip had about 95 % damage from the shoreline up to 400 meters inland. The western side of the southern tip only had 30 % overall damage. The Church of St. Francis Assisi in Guroor near the southern tip of Yap lost part of its stone platform due to the strong currents from the storm surge. In Magachgil to the south of Guroor, many coconut trees were either uprooted or broken in half.  

Many Taro crops had salt water intrusion caused by the sea inundating them. Those Taro patches that were  not destroyed by the inundation had plants die later on due to salt water intrusion into the roots or 
even from salt spray. 

A sample of crop damage  on Yap

Land Taro             50 to 90%  damage
Taro                     10 to 50%  damage
Papaya                40 to 50%  damage
Banana                70 to 90%  damage
Sweet Potatoes     0  to 80%  damage
Pumpkin                0 to  70% damage
Breadfruit             60 to 80%  damage
Coconut               40 to 50%  damage
Mangoes                        5%  damage
Betel Nut                       60% damage
Pepper leaves                 80% damage


During the evening of the 3rd Typhoon Mitag passed about 200 miles north of Koror in Palau. Some wind
gust were observed on the northern islands of Kay Angle. No damage was reported. 


Indirect effects of the Typhoon. 

The damage to the food crops on some of the small islands in Yap and Chuuk States caused hardships on the people there. With Taro crops filled with salt water and banana and breadfruit trees destroyed or damaged many people went hungry on the small islands. A death on Nomwim Atoll in Chuuk State has been attributed to health problems caused in the wake of Typhoon Mitag. Some of the islands only had food for one to two weeks.

A man in Palau died as an indirect result of the storm. 36 year old Akino Isamu was helping his friend to 
cut down a coconut tree in Peleliu. They thought it posed a danger to a house if strong winds from the 
typhoon reached Palau. When the tree was cut and started to fall, Akino tried to avoid it but guessed
wrongly. The tree fell directly on him, pinning him to the ground."	3
5319177	LOWER BALDWIN (ZONE)	 	10/2/2002	900	Hurricane (Typhoon)	 	 	0	0	75000	0	AL	CST	 	1144252	Z	64	MOB	0	0	EMERGENCY MANAGER	 	 	 	 	 	 	 	 	10/3/2002	1300	 	 	 	 		"Hurricane Lili moved west of the area but brought high waves and some rains to the coast.  Mobile and Baldwin counties were put under a Tropical Storm Warning at 300 AM CST on Wednesday October 2.  The Tropical Storm Warning was lowered Thursday afternoon at 100 PM CST on October 3 as Lili moved through central Louisiana.
Some of the highest winds recorded across Southwest Alabama and Southeast Mississippi were as follows:  Mobile Regional Airport, sustained winds of 28 knots with gusts to 36 knots. Brookley Field, sustained winds of 30 knots with gusts to 36 knots. Dauphin Island, sustained winds of 31 knots with gusts to 35 knots. Cedar Point, sustained winds of 26 knots with gusts to 36 knots.  Wiggins Mississippi, Gusts to 36 knots.
The lowest sea level pressures were recorded at Mobile Regional Airport,1010 MB, Wiggins Mississippi 1007 MB and Lucedale Mississippi, 1006 MB.
Rainfall totals during the storm were:  In Alabama: Mobile Regional Airport: 0.88, Fairhope: 1.20 and Semmes 0.97 inches.   In Mississippi: Wiggins 2.10, Lucedale 0.73 and Beaumont 1.67 inches.
The highest storm tides were: Mobile State Docks 4.0 feet, Cedar Point 3.5 feet and Dauphin Island 3.2 feet.
Only minor beach erosion occurred from Dauphin Island to Orange Beach.
Minor storm tide flooding occurred on the west end of Dauphin Island and in the south part of Mobile county as well as along the Causeway that crosses Mobile Bay.  Minor flooding also occurred on the west end of Baldwin county and in Orange Beach.
Only one F0 tornado occurred, that being in Stone county in Mississippi.
This was the fifth time this season that the area has been threatened by a tropical system.  Only minor damage occurred across mostly the coastal areas of Mobile and Baldwin counties with Lili.  Water also again backed up along the Dog River in the south part of Mobile county and caused minor damage."	4
5319178	LOWER MOBILE (ZONE)	 	10/2/2002	900	Hurricane (Typhoon)	 	 	0	0	100000	0	AL	CST	 	1144252	Z	63	MOB	0	0	EMERGENCY MANAGER	 	 	 	 	 	 	 	 	10/3/2002	1300	 	 	 	 		"Hurricane Lili moved west of the area but brought high waves and some rains to the coast.  Mobile and Baldwin counties were put under a Tropical Storm Warning at 300 AM CST on Wednesday October 2.  The Tropical Storm Warning was lowered Thursday afternoon at 100 PM CST on October 3 as Lili moved through central Louisiana.
Some of the highest winds recorded across Southwest Alabama and Southeast Mississippi were as follows:  Mobile Regional Airport, sustained winds of 28 knots with gusts to 36 knots. Brookley Field, sustained winds of 30 knots with gusts to 36 knots. Dauphin Island, sustained winds of 31 knots with gusts to 35 knots. Cedar Point, sustained winds of 26 knots with gusts to 36 knots.  Wiggins Mississippi, Gusts to 36 knots.
The lowest sea level pressures were recorded at Mobile Regional Airport,1010 MB, Wiggins Mississippi 1007 MB and Lucedale Mississippi, 1006 MB.
Rainfall totals during the storm were:  In Alabama: Mobile Regional Airport: 0.88, Fairhope: 1.20 and Semmes 0.97 inches.   In Mississippi: Wiggins 2.10, Lucedale 0.73 and Beaumont 1.67 inches.
The highest storm tides were: Mobile State Docks 4.0 feet, Cedar Point 3.5 feet and Dauphin Island 3.2 feet.
Only minor beach erosion occurred from Dauphin Island to Orange Beach.
Minor storm tide flooding occurred on the west end of Dauphin Island and in the south part of Mobile county as well as along the Causeway that crosses Mobile Bay.  Minor flooding also occurred on the west end of Baldwin county and in Orange Beach.
Only one F0 tornado occurred, that being in Stone county in Mississippi.
This was the fifth time this season that the area has been threatened by a tropical system.  Only minor damage occurred across mostly the coastal areas of Mobile and Baldwin counties with Lili.  Water also again backed up along the Dog River in the south part of Mobile county and caused minor damage."	5
5319180	UPPER MOBILE (ZONE)	 	10/2/2002	900	Hurricane (Typhoon)	 	 	0	0	0	0	AL	CST	 	1144252	Z	61	MOB	0	0	EMERGENCY MANAGER	 	 	 	 	 	 	 	 	10/3/2002	1300	 	 	 	 		"Hurricane Lili moved west of the area but brought high waves and some rains to the coast.  Mobile and Baldwin counties were put under a Tropical Storm Warning at 300 AM CST on Wednesday October 2.  The Tropical Storm Warning was lowered Thursday afternoon at 100 PM CST on October 3 as Lili moved through central Louisiana.
Some of the highest winds recorded across Southwest Alabama and Southeast Mississippi were as follows:  Mobile Regional Airport, sustained winds of 28 knots with gusts to 36 knots. Brookley Field, sustained winds of 30 knots with gusts to 36 knots. Dauphin Island, sustained winds of 31 knots with gusts to 35 knots. Cedar Point, sustained winds of 26 knots with gusts to 36 knots.  Wiggins Mississippi, Gusts to 36 knots.
The lowest sea level pressures were recorded at Mobile Regional Airport,1010 MB, Wiggins Mississippi 1007 MB and Lucedale Mississippi, 1006 MB.
Rainfall totals during the storm were:  In Alabama: Mobile Regional Airport: 0.88, Fairhope: 1.20 and Semmes 0.97 inches.   In Mississippi: Wiggins 2.10, Lucedale 0.73 and Beaumont 1.67 inches.
The highest storm tides were: Mobile State Docks 4.0 feet, Cedar Point 3.5 feet and Dauphin Island 3.2 feet.
Only minor beach erosion occurred from Dauphin Island to Orange Beach.
Minor storm tide flooding occurred on the west end of Dauphin Island and in the south part of Mobile county as well as along the Causeway that crosses Mobile Bay.  Minor flooding also occurred on the west end of Baldwin county and in Orange Beach.
Only one F0 tornado occurred, that being in Stone county in Mississippi.
This was the fifth time this season that the area has been threatened by a tropical system.  Only minor damage occurred across mostly the coastal areas of Mobile and Baldwin counties with Lili.  Water also again backed up along the Dog River in the south part of Mobile county and caused minor damage."	6
5319179	UPPER BALDWIN (ZONE)	 	10/2/2002	900	Hurricane (Typhoon)	 	 	0	0	0	0	AL	CST	 	1144252	Z	62	MOB	0	0	EMERGENCY MANAGER	 	 	 	 	 	 	 	 	10/3/2002	1300	 	 	 	 		"Hurricane Lili moved west of the area but brought high waves and some rains to the coast.  Mobile and Baldwin counties were put under a Tropical Storm Warning at 300 AM CST on Wednesday October 2.  The Tropical Storm Warning was lowered Thursday afternoon at 100 PM CST on October 3 as Lili moved through central Louisiana.
Some of the highest winds recorded across Southwest Alabama and Southeast Mississippi were as follows:  Mobile Regional Airport, sustained winds of 28 knots with gusts to 36 knots. Brookley Field, sustained winds of 30 knots with gusts to 36 knots. Dauphin Island, sustained winds of 31 knots with gusts to 35 knots. Cedar Point, sustained winds of 26 knots with gusts to 36 knots.  Wiggins Mississippi, Gusts to 36 knots.
The lowest sea level pressures were recorded at Mobile Regional Airport,1010 MB, Wiggins Mississippi 1007 MB and Lucedale Mississippi, 1006 MB.
Rainfall totals during the storm were:  In Alabama: Mobile Regional Airport: 0.88, Fairhope: 1.20 and Semmes 0.97 inches.   In Mississippi: Wiggins 2.10, Lucedale 0.73 and Beaumont 1.67 inches.
The highest storm tides were: Mobile State Docks 4.0 feet, Cedar Point 3.5 feet and Dauphin Island 3.2 feet.
Only minor beach erosion occurred from Dauphin Island to Orange Beach.
Minor storm tide flooding occurred on the west end of Dauphin Island and in the south part of Mobile county as well as along the Causeway that crosses Mobile Bay.  Minor flooding also occurred on the west end of Baldwin county and in Orange Beach.
Only one F0 tornado occurred, that being in Stone county in Mississippi.
This was the fifth time this season that the area has been threatened by a tropical system.  Only minor damage occurred across mostly the coastal areas of Mobile and Baldwin counties with Lili.  Water also again backed up along the Dog River in the south part of Mobile county and caused minor damage."	7
5323887	EAST BATON ROUGE (ZONE)	 	10/2/2002	1800	Hurricane (Typhoon)	 	 	0	0	5540000	0	LA	CST	 	1144604	Z	48	LIX	0	0	EMERGENCY MANAGER	 	 	 	 	 	 	 	 	10/3/2002	1800	 	 	 	 		"Hurricane Lili, a major hurricane over the Gulf of Mexico, during the daylight hours of October 2, 2002 moved steadily northwest around 15 mph toward the Louisiana coast during the evening hour. The hurricane weakened rapidly to a Saffir Simpson Scale Category 1 Hurricane by the time it made landfall during the morning of October 3rd along the south central Louisiana coast. The hurricane continued to moved north northwest across south central Louisiana before turning northeast across the northern portion of the state.  Due to the rapid weakening, no sustained hurricane force winds were measured in southeast Louisiana.  However, storm surge was significant across the southeast Louisiana coastal areas and tidal lakes. Storm surge tides were 3 to 5 feet above normal across much of coastal southeast Louisiana except 4 to 7 feet above normal across south Lafourche and Terrebonne Parishes, closer to the location where the hurricane made landfall. 

Storm surge caused the most damage in Terrebonne Parish where many communities situated along bayous in the southern portion of the parish received considerable flooding. Storm surge also overtopped or breached several locally built drainage levees during the morning hours of October 4th. Particularly hard hit was the community of Montegut where many homes were flooded several feet deep. Over a thousand homes and businesses in Terrebonne Parish sustained some type of water damage due to storm surge. 

Storm surge flooding was also reported in southern Lafourche Parish where areas outside of the Larose-Golden Meadow were inundated by storm surge flooding.  Grand Isle also was hit with considerable storm surge and beach erosion. 

Considerable flooding of roadways and low lying structures was reported in many areas in coastal southeast Louisiana outside of the hurricane protection levees. Along Lake Pontchartrain and Maurepas, low lying roadways and structures were also flooded, many having been flooded a week earlier due to Tropical Storm Isidore. 

No sustained hurricane force winds were measured across southeast Louisiana. Highest wind gusts recorded on October 3rd included: Houma 61 mph at 0200 CST, Paincourtville 61 mph at 0700 CST, New Orleans Louis Armstrong Intl Airport  51 mph at 0400 CST, Baton Rouge 47 mph at 1117 CST, and Mid Lake Pontchartrain Causeway 69 mph at 0530 CST.

Strong wind gusts downed trees and large tree branches across much of southeast Louisiana. Property damage occurred when the trees and tree limbs fell onto houses and automobiles. In St. Tammany Parish, one man was injured when a tree fell on the mobile home in which he was living. In Point Coupee Parish, the emergency manager reported 800 to 1000 trees were blown down.  

Several short lived tornadoes touched down producing only minor property damage. Heavy rainfall was not widespread, in part due to the rapid movement of the hurricane away from the area. Flash flooding occurred in only a couple of areas."	8
5322590	POINTE COUPEE (ZONE)	 	10/2/2002	1800	Hurricane (Typhoon)	 	 	0	0	5540000	0	LA	CST	 	1144604	Z	34	LIX	0	0	EMERGENCY MANAGER	 	 	 	 	 	 	 	 	10/3/2002	1800	 	 	 	 		"Hurricane Lili, a major hurricane over the Gulf of Mexico, during the daylight hours of October 2, 2002 moved steadily northwest around 15 mph toward the Louisiana coast during the evening hour. The hurricane weakened rapidly to a Saffir Simpson Scale Category 1 Hurricane by the time it made landfall during the morning of October 3rd along the south central Louisiana coast. The hurricane continued to moved north northwest across south central Louisiana before turning northeast across the northern portion of the state.  Due to the rapid weakening, no sustained hurricane force winds were measured in southeast Louisiana.  However, storm surge was significant across the southeast Louisiana coastal areas and tidal lakes. Storm surge tides were 3 to 5 feet above normal across much of coastal southeast Louisiana except 4 to 7 feet above normal across south Lafourche and Terrebonne Parishes, closer to the location where the hurricane made landfall. 

Storm surge caused the most damage in Terrebonne Parish where many communities situated along bayous in the southern portion of the parish received considerable flooding. Storm surge also overtopped or breached several locally built drainage levees during the morning hours of October 4th. Particularly hard hit was the community of Montegut where many homes were flooded several feet deep. Over a thousand homes and businesses in Terrebonne Parish sustained some type of water damage due to storm surge. 

Storm surge flooding was also reported in southern Lafourche Parish where areas outside of the Larose-Golden Meadow were inundated by storm surge flooding.  Grand Isle also was hit with considerable storm surge and beach erosion. 

Considerable flooding of roadways and low lying structures was reported in many areas in coastal southeast Louisiana outside of the hurricane protection levees. Along Lake Pontchartrain and Maurepas, low lying roadways and structures were also flooded, many having been flooded a week earlier due to Tropical Storm Isidore. 

No sustained hurricane force winds were measured across southeast Louisiana. Highest wind gusts recorded on October 3rd included: Houma 61 mph at 0200 CST, Paincourtville 61 mph at 0700 CST, New Orleans Louis Armstrong Intl Airport  51 mph at 0400 CST, Baton Rouge 47 mph at 1117 CST, and Mid Lake Pontchartrain Causeway 69 mph at 0530 CST.

Strong wind gusts downed trees and large tree branches across much of southeast Louisiana. Property damage occurred when the trees and tree limbs fell onto houses and automobiles. In St. Tammany Parish, one man was injured when a tree fell on the mobile home in which he was living. In Point Coupee Parish, the emergency manager reported 800 to 1000 trees were blown down.  

Several short lived tornadoes touched down producing only minor property damage. Heavy rainfall was not widespread, in part due to the rapid movement of the hurricane away from the area. Flash flooding occurred in only a couple of areas."	9
5322589	ORLEANS (ZONE)	 	10/2/2002	1800	Hurricane (Typhoon)	 	 	0	0	5540000	0	LA	CST	 	1144604	Z	62	LIX	0	0	EMERGENCY MANAGER	 	 	 	 	 	 	 	 	10/3/2002	1800	 	 	 	 		"Hurricane Lili, a major hurricane over the Gulf of Mexico, during the daylight hours of October 2, 2002 moved steadily northwest around 15 mph toward the Louisiana coast during the evening hour. The hurricane weakened rapidly to a Saffir Simpson Scale Category 1 Hurricane by the time it made landfall during the morning of October 3rd along the south central Louisiana coast. The hurricane continued to moved north northwest across south central Louisiana before turning northeast across the northern portion of the state.  Due to the rapid weakening, no sustained hurricane force winds were measured in southeast Louisiana.  However, storm surge was significant across the southeast Louisiana coastal areas and tidal lakes. Storm surge tides were 3 to 5 feet above normal across much of coastal southeast Louisiana except 4 to 7 feet above normal across south Lafourche and Terrebonne Parishes, closer to the location where the hurricane made landfall. 

Storm surge caused the most damage in Terrebonne Parish where many communities situated along bayous in the southern portion of the parish received considerable flooding. Storm surge also overtopped or breached several locally built drainage levees during the morning hours of October 4th. Particularly hard hit was the community of Montegut where many homes were flooded several feet deep. Over a thousand homes and businesses in Terrebonne Parish sustained some type of water damage due to storm surge. 

Storm surge flooding was also reported in southern Lafourche Parish where areas outside of the Larose-Golden Meadow were inundated by storm surge flooding.  Grand Isle also was hit with considerable storm surge and beach erosion. 

Considerable flooding of roadways and low lying structures was reported in many areas in coastal southeast Louisiana outside of the hurricane protection levees. Along Lake Pontchartrain and Maurepas, low lying roadways and structures were also flooded, many having been flooded a week earlier due to Tropical Storm Isidore. 

No sustained hurricane force winds were measured across southeast Louisiana. Highest wind gusts recorded on October 3rd included: Houma 61 mph at 0200 CST, Paincourtville 61 mph at 0700 CST, New Orleans Louis Armstrong Intl Airport  51 mph at 0400 CST, Baton Rouge 47 mph at 1117 CST, and Mid Lake Pontchartrain Causeway 69 mph at 0530 CST.

Strong wind gusts downed trees and large tree branches across much of southeast Louisiana. Property damage occurred when the trees and tree limbs fell onto houses and automobiles. In St. Tammany Parish, one man was injured when a tree fell on the mobile home in which he was living. In Point Coupee Parish, the emergency manager reported 800 to 1000 trees were blown down.  

Several short lived tornadoes touched down producing only minor property damage. Heavy rainfall was not widespread, in part due to the rapid movement of the hurricane away from the area. Flash flooding occurred in only a couple of areas."	10
5322588	LOWER TERREBONNE (ZONE)	 	10/2/2002	1800	Hurricane (Typhoon)	 	 	0	0	5540000	0	LA	CST	 	1144604	Z	66	LIX	0	0	EMERGENCY MANAGER	 	 	 	 	 	 	 	 	10/3/2002	1800	 	 	 	 		"Hurricane Lili, a major hurricane over the Gulf of Mexico, during the daylight hours of October 2, 2002 moved steadily northwest around 15 mph toward the Louisiana coast during the evening hour. The hurricane weakened rapidly to a Saffir Simpson Scale Category 1 Hurricane by the time it made landfall during the morning of October 3rd along the south central Louisiana coast. The hurricane continued to moved north northwest across south central Louisiana before turning northeast across the northern portion of the state.  Due to the rapid weakening, no sustained hurricane force winds were measured in southeast Louisiana.  However, storm surge was significant across the southeast Louisiana coastal areas and tidal lakes. Storm surge tides were 3 to 5 feet above normal across much of coastal southeast Louisiana except 4 to 7 feet above normal across south Lafourche and Terrebonne Parishes, closer to the location where the hurricane made landfall. 

Storm surge caused the most damage in Terrebonne Parish where many communities situated along bayous in the southern portion of the parish received considerable flooding. Storm surge also overtopped or breached several locally built drainage levees during the morning hours of October 4th. Particularly hard hit was the community of Montegut where many homes were flooded several feet deep. Over a thousand homes and businesses in Terrebonne Parish sustained some type of water damage due to storm surge. 

Storm surge flooding was also reported in southern Lafourche Parish where areas outside of the Larose-Golden Meadow were inundated by storm surge flooding.  Grand Isle also was hit with considerable storm surge and beach erosion. 

Considerable flooding of roadways and low lying structures was reported in many areas in coastal southeast Louisiana outside of the hurricane protection levees. Along Lake Pontchartrain and Maurepas, low lying roadways and structures were also flooded, many having been flooded a week earlier due to Tropical Storm Isidore. 

No sustained hurricane force winds were measured across southeast Louisiana. Highest wind gusts recorded on October 3rd included: Houma 61 mph at 0200 CST, Paincourtville 61 mph at 0700 CST, New Orleans Louis Armstrong Intl Airport  51 mph at 0400 CST, Baton Rouge 47 mph at 1117 CST, and Mid Lake Pontchartrain Causeway 69 mph at 0530 CST.

Strong wind gusts downed trees and large tree branches across much of southeast Louisiana. Property damage occurred when the trees and tree limbs fell onto houses and automobiles. In St. Tammany Parish, one man was injured when a tree fell on the mobile home in which he was living. In Point Coupee Parish, the emergency manager reported 800 to 1000 trees were blown down.  

Several short lived tornadoes touched down producing only minor property damage. Heavy rainfall was not widespread, in part due to the rapid movement of the hurricane away from the area. Flash flooding occurred in only a couple of areas."	11
5322587	LOWER ST. BERNARD (ZONE)	 	10/2/2002	1800	Hurricane (Typhoon)	 	 	0	0	5540000	0	LA	CST	 	1144604	Z	70	LIX	0	0	EMERGENCY MANAGER	 	 	 	 	 	 	 	 	10/3/2002	1800	 	 	 	 		"Hurricane Lili, a major hurricane over the Gulf of Mexico, during the daylight hours of October 2, 2002 moved steadily northwest around 15 mph toward the Louisiana coast during the evening hour. The hurricane weakened rapidly to a Saffir Simpson Scale Category 1 Hurricane by the time it made landfall during the morning of October 3rd along the south central Louisiana coast. The hurricane continued to moved north northwest across south central Louisiana before turning northeast across the northern portion of the state.  Due to the rapid weakening, no sustained hurricane force winds were measured in southeast Louisiana.  However, storm surge was significant across the southeast Louisiana coastal areas and tidal lakes. Storm surge tides were 3 to 5 feet above normal across much of coastal southeast Louisiana except 4 to 7 feet above normal across south Lafourche and Terrebonne Parishes, closer to the location where the hurricane made landfall. 

Storm surge caused the most damage in Terrebonne Parish where many communities situated along bayous in the southern portion of the parish received considerable flooding. Storm surge also overtopped or breached several locally built drainage levees during the morning hours of October 4th. Particularly hard hit was the community of Montegut where many homes were flooded several feet deep. Over a thousand homes and businesses in Terrebonne Parish sustained some type of water damage due to storm surge. 

Storm surge flooding was also reported in southern Lafourche Parish where areas outside of the Larose-Golden Meadow were inundated by storm surge flooding.  Grand Isle also was hit with considerable storm surge and beach erosion. 

Considerable flooding of roadways and low lying structures was reported in many areas in coastal southeast Louisiana outside of the hurricane protection levees. Along Lake Pontchartrain and Maurepas, low lying roadways and structures were also flooded, many having been flooded a week earlier due to Tropical Storm Isidore. 

No sustained hurricane force winds were measured across southeast Louisiana. Highest wind gusts recorded on October 3rd included: Houma 61 mph at 0200 CST, Paincourtville 61 mph at 0700 CST, New Orleans Louis Armstrong Intl Airport  51 mph at 0400 CST, Baton Rouge 47 mph at 1117 CST, and Mid Lake Pontchartrain Causeway 69 mph at 0530 CST.

Strong wind gusts downed trees and large tree branches across much of southeast Louisiana. Property damage occurred when the trees and tree limbs fell onto houses and automobiles. In St. Tammany Parish, one man was injured when a tree fell on the mobile home in which he was living. In Point Coupee Parish, the emergency manager reported 800 to 1000 trees were blown down.  

Several short lived tornadoes touched down producing only minor property damage. Heavy rainfall was not widespread, in part due to the rapid movement of the hurricane away from the area. Flash flooding occurred in only a couple of areas."	12
5322600	UPPER ST. BERNARD (ZONE)	 	10/2/2002	1800	Hurricane (Typhoon)	 	 	0	0	5540000	0	LA	CST	 	1144604	Z	64	LIX	0	0	EMERGENCY MANAGER	 	 	 	 	 	 	 	 	10/3/2002	1800	 	 	 	 		"Hurricane Lili, a major hurricane over the Gulf of Mexico, during the daylight hours of October 2, 2002 moved steadily northwest around 15 mph toward the Louisiana coast during the evening hour. The hurricane weakened rapidly to a Saffir Simpson Scale Category 1 Hurricane by the time it made landfall during the morning of October 3rd along the south central Louisiana coast. The hurricane continued to moved north northwest across south central Louisiana before turning northeast across the northern portion of the state.  Due to the rapid weakening, no sustained hurricane force winds were measured in southeast Louisiana.  However, storm surge was significant across the southeast Louisiana coastal areas and tidal lakes. Storm surge tides were 3 to 5 feet above normal across much of coastal southeast Louisiana except 4 to 7 feet above normal across south Lafourche and Terrebonne Parishes, closer to the location where the hurricane made landfall. 

Storm surge caused the most damage in Terrebonne Parish where many communities situated along bayous in the southern portion of the parish received considerable flooding. Storm surge also overtopped or breached several locally built drainage levees during the morning hours of October 4th. Particularly hard hit was the community of Montegut where many homes were flooded several feet deep. Over a thousand homes and businesses in Terrebonne Parish sustained some type of water damage due to storm surge. 

Storm surge flooding was also reported in southern Lafourche Parish where areas outside of the Larose-Golden Meadow were inundated by storm surge flooding.  Grand Isle also was hit with considerable storm surge and beach erosion. 

Considerable flooding of roadways and low lying structures was reported in many areas in coastal southeast Louisiana outside of the hurricane protection levees. Along Lake Pontchartrain and Maurepas, low lying roadways and structures were also flooded, many having been flooded a week earlier due to Tropical Storm Isidore. 

No sustained hurricane force winds were measured across southeast Louisiana. Highest wind gusts recorded on October 3rd included: Houma 61 mph at 0200 CST, Paincourtville 61 mph at 0700 CST, New Orleans Louis Armstrong Intl Airport  51 mph at 0400 CST, Baton Rouge 47 mph at 1117 CST, and Mid Lake Pontchartrain Causeway 69 mph at 0530 CST.

Strong wind gusts downed trees and large tree branches across much of southeast Louisiana. Property damage occurred when the trees and tree limbs fell onto houses and automobiles. In St. Tammany Parish, one man was injured when a tree fell on the mobile home in which he was living. In Point Coupee Parish, the emergency manager reported 800 to 1000 trees were blown down.  

Several short lived tornadoes touched down producing only minor property damage. Heavy rainfall was not widespread, in part due to the rapid movement of the hurricane away from the area. Flash flooding occurred in only a couple of areas."	13
5322599	UPPER PLAQUEMINES (ZONE)	 	10/2/2002	1800	Hurricane (Typhoon)	 	 	0	0	5540000	0	LA	CST	 	1144604	Z	63	LIX	0	0	EMERGENCY MANAGER	 	 	 	 	 	 	 	 	10/3/2002	1800	 	 	 	 		"Hurricane Lili, a major hurricane over the Gulf of Mexico, during the daylight hours of October 2, 2002 moved steadily northwest around 15 mph toward the Louisiana coast during the evening hour. The hurricane weakened rapidly to a Saffir Simpson Scale Category 1 Hurricane by the time it made landfall during the morning of October 3rd along the south central Louisiana coast. The hurricane continued to moved north northwest across south central Louisiana before turning northeast across the northern portion of the state.  Due to the rapid weakening, no sustained hurricane force winds were measured in southeast Louisiana.  However, storm surge was significant across the southeast Louisiana coastal areas and tidal lakes. Storm surge tides were 3 to 5 feet above normal across much of coastal southeast Louisiana except 4 to 7 feet above normal across south Lafourche and Terrebonne Parishes, closer to the location where the hurricane made landfall. 

Storm surge caused the most damage in Terrebonne Parish where many communities situated along bayous in the southern portion of the parish received considerable flooding. Storm surge also overtopped or breached several locally built drainage levees during the morning hours of October 4th. Particularly hard hit was the community of Montegut where many homes were flooded several feet deep. Over a thousand homes and businesses in Terrebonne Parish sustained some type of water damage due to storm surge. 

Storm surge flooding was also reported in southern Lafourche Parish where areas outside of the Larose-Golden Meadow were inundated by storm surge flooding.  Grand Isle also was hit with considerable storm surge and beach erosion. 

Considerable flooding of roadways and low lying structures was reported in many areas in coastal southeast Louisiana outside of the hurricane protection levees. Along Lake Pontchartrain and Maurepas, low lying roadways and structures were also flooded, many having been flooded a week earlier due to Tropical Storm Isidore. 

No sustained hurricane force winds were measured across southeast Louisiana. Highest wind gusts recorded on October 3rd included: Houma 61 mph at 0200 CST, Paincourtville 61 mph at 0700 CST, New Orleans Louis Armstrong Intl Airport  51 mph at 0400 CST, Baton Rouge 47 mph at 1117 CST, and Mid Lake Pontchartrain Causeway 69 mph at 0530 CST.

Strong wind gusts downed trees and large tree branches across much of southeast Louisiana. Property damage occurred when the trees and tree limbs fell onto houses and automobiles. In St. Tammany Parish, one man was injured when a tree fell on the mobile home in which he was living. In Point Coupee Parish, the emergency manager reported 800 to 1000 trees were blown down.  

Several short lived tornadoes touched down producing only minor property damage. Heavy rainfall was not widespread, in part due to the rapid movement of the hurricane away from the area. Flash flooding occurred in only a couple of areas."	14
5322598	UPPER LAFOURCHE (ZONE)	 	10/2/2002	1800	Hurricane (Typhoon)	 	 	0	0	5540000	0	LA	CST	 	1144604	Z	59	LIX	0	0	EMERGENCY MANAGER	 	 	 	 	 	 	 	 	10/3/2002	1800	 	 	 	 		"Hurricane Lili, a major hurricane over the Gulf of Mexico, during the daylight hours of October 2, 2002 moved steadily northwest around 15 mph toward the Louisiana coast during the evening hour. The hurricane weakened rapidly to a Saffir Simpson Scale Category 1 Hurricane by the time it made landfall during the morning of October 3rd along the south central Louisiana coast. The hurricane continued to moved north northwest across south central Louisiana before turning northeast across the northern portion of the state.  Due to the rapid weakening, no sustained hurricane force winds were measured in southeast Louisiana.  However, storm surge was significant across the southeast Louisiana coastal areas and tidal lakes. Storm surge tides were 3 to 5 feet above normal across much of coastal southeast Louisiana except 4 to 7 feet above normal across south Lafourche and Terrebonne Parishes, closer to the location where the hurricane made landfall. 

Storm surge caused the most damage in Terrebonne Parish where many communities situated along bayous in the southern portion of the parish received considerable flooding. Storm surge also overtopped or breached several locally built drainage levees during the morning hours of October 4th. Particularly hard hit was the community of Montegut where many homes were flooded several feet deep. Over a thousand homes and businesses in Terrebonne Parish sustained some type of water damage due to storm surge. 

Storm surge flooding was also reported in southern Lafourche Parish where areas outside of the Larose-Golden Meadow were inundated by storm surge flooding.  Grand Isle also was hit with considerable storm surge and beach erosion. 

Considerable flooding of roadways and low lying structures was reported in many areas in coastal southeast Louisiana outside of the hurricane protection levees. Along Lake Pontchartrain and Maurepas, low lying roadways and structures were also flooded, many having been flooded a week earlier due to Tropical Storm Isidore. 

No sustained hurricane force winds were measured across southeast Louisiana. Highest wind gusts recorded on October 3rd included: Houma 61 mph at 0200 CST, Paincourtville 61 mph at 0700 CST, New Orleans Louis Armstrong Intl Airport  51 mph at 0400 CST, Baton Rouge 47 mph at 1117 CST, and Mid Lake Pontchartrain Causeway 69 mph at 0530 CST.

Strong wind gusts downed trees and large tree branches across much of southeast Louisiana. Property damage occurred when the trees and tree limbs fell onto houses and automobiles. In St. Tammany Parish, one man was injured when a tree fell on the mobile home in which he was living. In Point Coupee Parish, the emergency manager reported 800 to 1000 trees were blown down.  

Several short lived tornadoes touched down producing only minor property damage. Heavy rainfall was not widespread, in part due to the rapid movement of the hurricane away from the area. Flash flooding occurred in only a couple of areas."	15
5322597	UPPER JEFFERSON (ZONE)	 	10/2/2002	1800	Hurricane (Typhoon)	 	 	0	0	5540000	0	LA	CST	 	1144604	Z	61	LIX	0	0	EMERGENCY MANAGER	 	 	 	 	 	 	 	 	10/3/2002	1800	 	 	 	 		"Hurricane Lili, a major hurricane over the Gulf of Mexico, during the daylight hours of October 2, 2002 moved steadily northwest around 15 mph toward the Louisiana coast during the evening hour. The hurricane weakened rapidly to a Saffir Simpson Scale Category 1 Hurricane by the time it made landfall during the morning of October 3rd along the south central Louisiana coast. The hurricane continued to moved north northwest across south central Louisiana before turning northeast across the northern portion of the state.  Due to the rapid weakening, no sustained hurricane force winds were measured in southeast Louisiana.  However, storm surge was significant across the southeast Louisiana coastal areas and tidal lakes. Storm surge tides were 3 to 5 feet above normal across much of coastal southeast Louisiana except 4 to 7 feet above normal across south Lafourche and Terrebonne Parishes, closer to the location where the hurricane made landfall. 

Storm surge caused the most damage in Terrebonne Parish where many communities situated along bayous in the southern portion of the parish received considerable flooding. Storm surge also overtopped or breached several locally built drainage levees during the morning hours of October 4th. Particularly hard hit was the community of Montegut where many homes were flooded several feet deep. Over a thousand homes and businesses in Terrebonne Parish sustained some type of water damage due to storm surge. 

Storm surge flooding was also reported in southern Lafourche Parish where areas outside of the Larose-Golden Meadow were inundated by storm surge flooding.  Grand Isle also was hit with considerable storm surge and beach erosion. 

Considerable flooding of roadways and low lying structures was reported in many areas in coastal southeast Louisiana outside of the hurricane protection levees. Along Lake Pontchartrain and Maurepas, low lying roadways and structures were also flooded, many having been flooded a week earlier due to Tropical Storm Isidore. 

No sustained hurricane force winds were measured across southeast Louisiana. Highest wind gusts recorded on October 3rd included: Houma 61 mph at 0200 CST, Paincourtville 61 mph at 0700 CST, New Orleans Louis Armstrong Intl Airport  51 mph at 0400 CST, Baton Rouge 47 mph at 1117 CST, and Mid Lake Pontchartrain Causeway 69 mph at 0530 CST.

Strong wind gusts downed trees and large tree branches across much of southeast Louisiana. Property damage occurred when the trees and tree limbs fell onto houses and automobiles. In St. Tammany Parish, one man was injured when a tree fell on the mobile home in which he was living. In Point Coupee Parish, the emergency manager reported 800 to 1000 trees were blown down.  

Several short lived tornadoes touched down producing only minor property damage. Heavy rainfall was not widespread, in part due to the rapid movement of the hurricane away from the area. Flash flooding occurred in only a couple of areas."	16
5322596	TANGIPAHOA (ZONE)	 	10/2/2002	1800	Hurricane (Typhoon)	 	 	0	0	5540000	0	LA	CST	 	1144604	Z	38	LIX	0	0	EMERGENCY MANAGER	 	 	 	 	 	 	 	 	10/3/2002	1800	 	 	 	 		"Hurricane Lili, a major hurricane over the Gulf of Mexico, during the daylight hours of October 2, 2002 moved steadily northwest around 15 mph toward the Louisiana coast during the evening hour. The hurricane weakened rapidly to a Saffir Simpson Scale Category 1 Hurricane by the time it made landfall during the morning of October 3rd along the south central Louisiana coast. The hurricane continued to moved north northwest across south central Louisiana before turning northeast across the northern portion of the state.  Due to the rapid weakening, no sustained hurricane force winds were measured in southeast Louisiana.  However, storm surge was significant across the southeast Louisiana coastal areas and tidal lakes. Storm surge tides were 3 to 5 feet above normal across much of coastal southeast Louisiana except 4 to 7 feet above normal across south Lafourche and Terrebonne Parishes, closer to the location where the hurricane made landfall. 

Storm surge caused the most damage in Terrebonne Parish where many communities situated along bayous in the southern portion of the parish received considerable flooding. Storm surge also overtopped or breached several locally built drainage levees during the morning hours of October 4th. Particularly hard hit was the community of Montegut where many homes were flooded several feet deep. Over a thousand homes and businesses in Terrebonne Parish sustained some type of water damage due to storm surge. 

Storm surge flooding was also reported in southern Lafourche Parish where areas outside of the Larose-Golden Meadow were inundated by storm surge flooding.  Grand Isle also was hit with considerable storm surge and beach erosion. 

Considerable flooding of roadways and low lying structures was reported in many areas in coastal southeast Louisiana outside of the hurricane protection levees. Along Lake Pontchartrain and Maurepas, low lying roadways and structures were also flooded, many having been flooded a week earlier due to Tropical Storm Isidore. 

No sustained hurricane force winds were measured across southeast Louisiana. Highest wind gusts recorded on October 3rd included: Houma 61 mph at 0200 CST, Paincourtville 61 mph at 0700 CST, New Orleans Louis Armstrong Intl Airport  51 mph at 0400 CST, Baton Rouge 47 mph at 1117 CST, and Mid Lake Pontchartrain Causeway 69 mph at 0530 CST.

Strong wind gusts downed trees and large tree branches across much of southeast Louisiana. Property damage occurred when the trees and tree limbs fell onto houses and automobiles. In St. Tammany Parish, one man was injured when a tree fell on the mobile home in which he was living. In Point Coupee Parish, the emergency manager reported 800 to 1000 trees were blown down.  

Several short lived tornadoes touched down producing only minor property damage. Heavy rainfall was not widespread, in part due to the rapid movement of the hurricane away from the area. Flash flooding occurred in only a couple of areas."	17
5322595	ST. TAMMANY (ZONE)	 	10/2/2002	1800	Hurricane (Typhoon)	 	 	0	0	5540000	0	LA	CST	 	1144604	Z	40	LIX	0	0	EMERGENCY MANAGER	 	 	 	 	 	 	 	 	10/3/2002	1800	 	 	 	 		"Hurricane Lili, a major hurricane over the Gulf of Mexico, during the daylight hours of October 2, 2002 moved steadily northwest around 15 mph toward the Louisiana coast during the evening hour. The hurricane weakened rapidly to a Saffir Simpson Scale Category 1 Hurricane by the time it made landfall during the morning of October 3rd along the south central Louisiana coast. The hurricane continued to moved north northwest across south central Louisiana before turning northeast across the northern portion of the state.  Due to the rapid weakening, no sustained hurricane force winds were measured in southeast Louisiana.  However, storm surge was significant across the southeast Louisiana coastal areas and tidal lakes. Storm surge tides were 3 to 5 feet above normal across much of coastal southeast Louisiana except 4 to 7 feet above normal across south Lafourche and Terrebonne Parishes, closer to the location where the hurricane made landfall. 

Storm surge caused the most damage in Terrebonne Parish where many communities situated along bayous in the southern portion of the parish received considerable flooding. Storm surge also overtopped or breached several locally built drainage levees during the morning hours of October 4th. Particularly hard hit was the community of Montegut where many homes were flooded several feet deep. Over a thousand homes and businesses in Terrebonne Parish sustained some type of water damage due to storm surge. 

Storm surge flooding was also reported in southern Lafourche Parish where areas outside of the Larose-Golden Meadow were inundated by storm surge flooding.  Grand Isle also was hit with considerable storm surge and beach erosion. 

Considerable flooding of roadways and low lying structures was reported in many areas in coastal southeast Louisiana outside of the hurricane protection levees. Along Lake Pontchartrain and Maurepas, low lying roadways and structures were also flooded, many having been flooded a week earlier due to Tropical Storm Isidore. 

No sustained hurricane force winds were measured across southeast Louisiana. Highest wind gusts recorded on October 3rd included: Houma 61 mph at 0200 CST, Paincourtville 61 mph at 0700 CST, New Orleans Louis Armstrong Intl Airport  51 mph at 0400 CST, Baton Rouge 47 mph at 1117 CST, and Mid Lake Pontchartrain Causeway 69 mph at 0530 CST.

Strong wind gusts downed trees and large tree branches across much of southeast Louisiana. Property damage occurred when the trees and tree limbs fell onto houses and automobiles. In St. Tammany Parish, one man was injured when a tree fell on the mobile home in which he was living. In Point Coupee Parish, the emergency manager reported 800 to 1000 trees were blown down.  

Several short lived tornadoes touched down producing only minor property damage. Heavy rainfall was not widespread, in part due to the rapid movement of the hurricane away from the area. Flash flooding occurred in only a couple of areas."	18
5322594	ST. JOHN THE BAPTIST (ZONE)	 	10/2/2002	1800	Hurricane (Typhoon)	 	 	0	0	5540000	0	LA	CST	 	1144604	Z	58	LIX	0	0	EMERGENCY MANAGER	 	 	 	 	 	 	 	 	10/3/2002	1800	 	 	 	 		"Hurricane Lili, a major hurricane over the Gulf of Mexico, during the daylight hours of October 2, 2002 moved steadily northwest around 15 mph toward the Louisiana coast during the evening hour. The hurricane weakened rapidly to a Saffir Simpson Scale Category 1 Hurricane by the time it made landfall during the morning of October 3rd along the south central Louisiana coast. The hurricane continued to moved north northwest across south central Louisiana before turning northeast across the northern portion of the state.  Due to the rapid weakening, no sustained hurricane force winds were measured in southeast Louisiana.  However, storm surge was significant across the southeast Louisiana coastal areas and tidal lakes. Storm surge tides were 3 to 5 feet above normal across much of coastal southeast Louisiana except 4 to 7 feet above normal across south Lafourche and Terrebonne Parishes, closer to the location where the hurricane made landfall. 

Storm surge caused the most damage in Terrebonne Parish where many communities situated along bayous in the southern portion of the parish received considerable flooding. Storm surge also overtopped or breached several locally built drainage levees during the morning hours of October 4th. Particularly hard hit was the community of Montegut where many homes were flooded several feet deep. Over a thousand homes and businesses in Terrebonne Parish sustained some type of water damage due to storm surge. 

Storm surge flooding was also reported in southern Lafourche Parish where areas outside of the Larose-Golden Meadow were inundated by storm surge flooding.  Grand Isle also was hit with considerable storm surge and beach erosion. 

Considerable flooding of roadways and low lying structures was reported in many areas in coastal southeast Louisiana outside of the hurricane protection levees. Along Lake Pontchartrain and Maurepas, low lying roadways and structures were also flooded, many having been flooded a week earlier due to Tropical Storm Isidore. 

No sustained hurricane force winds were measured across southeast Louisiana. Highest wind gusts recorded on October 3rd included: Houma 61 mph at 0200 CST, Paincourtville 61 mph at 0700 CST, New Orleans Louis Armstrong Intl Airport  51 mph at 0400 CST, Baton Rouge 47 mph at 1117 CST, and Mid Lake Pontchartrain Causeway 69 mph at 0530 CST.

Strong wind gusts downed trees and large tree branches across much of southeast Louisiana. Property damage occurred when the trees and tree limbs fell onto houses and automobiles. In St. Tammany Parish, one man was injured when a tree fell on the mobile home in which he was living. In Point Coupee Parish, the emergency manager reported 800 to 1000 trees were blown down.  

Several short lived tornadoes touched down producing only minor property damage. Heavy rainfall was not widespread, in part due to the rapid movement of the hurricane away from the area. Flash flooding occurred in only a couple of areas."	19
5322593	ST. JAMES (ZONE)	 	10/2/2002	1800	Hurricane (Typhoon)	 	 	0	0	5540000	0	LA	CST	 	1144604	Z	57	LIX	0	0	EMERGENCY MANAGER	 	 	 	 	 	 	 	 	10/3/2002	1800	 	 	 	 		"Hurricane Lili, a major hurricane over the Gulf of Mexico, during the daylight hours of October 2, 2002 moved steadily northwest around 15 mph toward the Louisiana coast during the evening hour. The hurricane weakened rapidly to a Saffir Simpson Scale Category 1 Hurricane by the time it made landfall during the morning of October 3rd along the south central Louisiana coast. The hurricane continued to moved north northwest across south central Louisiana before turning northeast across the northern portion of the state.  Due to the rapid weakening, no sustained hurricane force winds were measured in southeast Louisiana.  However, storm surge was significant across the southeast Louisiana coastal areas and tidal lakes. Storm surge tides were 3 to 5 feet above normal across much of coastal southeast Louisiana except 4 to 7 feet above normal across south Lafourche and Terrebonne Parishes, closer to the location where the hurricane made landfall. 

Storm surge caused the most damage in Terrebonne Parish where many communities situated along bayous in the southern portion of the parish received considerable flooding. Storm surge also overtopped or breached several locally built drainage levees during the morning hours of October 4th. Particularly hard hit was the community of Montegut where many homes were flooded several feet deep. Over a thousand homes and businesses in Terrebonne Parish sustained some type of water damage due to storm surge. 

Storm surge flooding was also reported in southern Lafourche Parish where areas outside of the Larose-Golden Meadow were inundated by storm surge flooding.  Grand Isle also was hit with considerable storm surge and beach erosion. 

Considerable flooding of roadways and low lying structures was reported in many areas in coastal southeast Louisiana outside of the hurricane protection levees. Along Lake Pontchartrain and Maurepas, low lying roadways and structures were also flooded, many having been flooded a week earlier due to Tropical Storm Isidore. 

No sustained hurricane force winds were measured across southeast Louisiana. Highest wind gusts recorded on October 3rd included: Houma 61 mph at 0200 CST, Paincourtville 61 mph at 0700 CST, New Orleans Louis Armstrong Intl Airport  51 mph at 0400 CST, Baton Rouge 47 mph at 1117 CST, and Mid Lake Pontchartrain Causeway 69 mph at 0530 CST.

Strong wind gusts downed trees and large tree branches across much of southeast Louisiana. Property damage occurred when the trees and tree limbs fell onto houses and automobiles. In St. Tammany Parish, one man was injured when a tree fell on the mobile home in which he was living. In Point Coupee Parish, the emergency manager reported 800 to 1000 trees were blown down.  

Several short lived tornadoes touched down producing only minor property damage. Heavy rainfall was not widespread, in part due to the rapid movement of the hurricane away from the area. Flash flooding occurred in only a couple of areas."	20
5322592	ST. HELENA (ZONE)	 	10/2/2002	1800	Hurricane (Typhoon)	 	 	0	0	5540000	0	LA	CST	 	1144604	Z	37	LIX	0	0	EMERGENCY MANAGER	 	 	 	 	 	 	 	 	10/3/2002	1800	 	 	 	 		"Hurricane Lili, a major hurricane over the Gulf of Mexico, during the daylight hours of October 2, 2002 moved steadily northwest around 15 mph toward the Louisiana coast during the evening hour. The hurricane weakened rapidly to a Saffir Simpson Scale Category 1 Hurricane by the time it made landfall during the morning of October 3rd along the south central Louisiana coast. The hurricane continued to moved north northwest across south central Louisiana before turning northeast across the northern portion of the state.  Due to the rapid weakening, no sustained hurricane force winds were measured in southeast Louisiana.  However, storm surge was significant across the southeast Louisiana coastal areas and tidal lakes. Storm surge tides were 3 to 5 feet above normal across much of coastal southeast Louisiana except 4 to 7 feet above normal across south Lafourche and Terrebonne Parishes, closer to the location where the hurricane made landfall. 

Storm surge caused the most damage in Terrebonne Parish where many communities situated along bayous in the southern portion of the parish received considerable flooding. Storm surge also overtopped or breached several locally built drainage levees during the morning hours of October 4th. Particularly hard hit was the community of Montegut where many homes were flooded several feet deep. Over a thousand homes and businesses in Terrebonne Parish sustained some type of water damage due to storm surge. 

Storm surge flooding was also reported in southern Lafourche Parish where areas outside of the Larose-Golden Meadow were inundated by storm surge flooding.  Grand Isle also was hit with considerable storm surge and beach erosion. 

Considerable flooding of roadways and low lying structures was reported in many areas in coastal southeast Louisiana outside of the hurricane protection levees. Along Lake Pontchartrain and Maurepas, low lying roadways and structures were also flooded, many having been flooded a week earlier due to Tropical Storm Isidore. 

No sustained hurricane force winds were measured across southeast Louisiana. Highest wind gusts recorded on October 3rd included: Houma 61 mph at 0200 CST, Paincourtville 61 mph at 0700 CST, New Orleans Louis Armstrong Intl Airport  51 mph at 0400 CST, Baton Rouge 47 mph at 1117 CST, and Mid Lake Pontchartrain Causeway 69 mph at 0530 CST.

Strong wind gusts downed trees and large tree branches across much of southeast Louisiana. Property damage occurred when the trees and tree limbs fell onto houses and automobiles. In St. Tammany Parish, one man was injured when a tree fell on the mobile home in which he was living. In Point Coupee Parish, the emergency manager reported 800 to 1000 trees were blown down.  

Several short lived tornadoes touched down producing only minor property damage. Heavy rainfall was not widespread, in part due to the rapid movement of the hurricane away from the area. Flash flooding occurred in only a couple of areas."	21
5322591	ST. CHARLES (ZONE)	 	10/2/2002	1800	Hurricane (Typhoon)	 	 	0	0	5540000	0	LA	CST	 	1144604	Z	60	LIX	0	0	EMERGENCY MANAGER	 	 	 	 	 	 	 	 	10/3/2002	1800	 	 	 	 		"Hurricane Lili, a major hurricane over the Gulf of Mexico, during the daylight hours of October 2, 2002 moved steadily northwest around 15 mph toward the Louisiana coast during the evening hour. The hurricane weakened rapidly to a Saffir Simpson Scale Category 1 Hurricane by the time it made landfall during the morning of October 3rd along the south central Louisiana coast. The hurricane continued to moved north northwest across south central Louisiana before turning northeast across the northern portion of the state.  Due to the rapid weakening, no sustained hurricane force winds were measured in southeast Louisiana.  However, storm surge was significant across the southeast Louisiana coastal areas and tidal lakes. Storm surge tides were 3 to 5 feet above normal across much of coastal southeast Louisiana except 4 to 7 feet above normal across south Lafourche and Terrebonne Parishes, closer to the location where the hurricane made landfall. 

Storm surge caused the most damage in Terrebonne Parish where many communities situated along bayous in the southern portion of the parish received considerable flooding. Storm surge also overtopped or breached several locally built drainage levees during the morning hours of October 4th. Particularly hard hit was the community of Montegut where many homes were flooded several feet deep. Over a thousand homes and businesses in Terrebonne Parish sustained some type of water damage due to storm surge. 

Storm surge flooding was also reported in southern Lafourche Parish where areas outside of the Larose-Golden Meadow were inundated by storm surge flooding.  Grand Isle also was hit with considerable storm surge and beach erosion. 

Considerable flooding of roadways and low lying structures was reported in many areas in coastal southeast Louisiana outside of the hurricane protection levees. Along Lake Pontchartrain and Maurepas, low lying roadways and structures were also flooded, many having been flooded a week earlier due to Tropical Storm Isidore. 

No sustained hurricane force winds were measured across southeast Louisiana. Highest wind gusts recorded on October 3rd included: Houma 61 mph at 0200 CST, Paincourtville 61 mph at 0700 CST, New Orleans Louis Armstrong Intl Airport  51 mph at 0400 CST, Baton Rouge 47 mph at 1117 CST, and Mid Lake Pontchartrain Causeway 69 mph at 0530 CST.

Strong wind gusts downed trees and large tree branches across much of southeast Louisiana. Property damage occurred when the trees and tree limbs fell onto houses and automobiles. In St. Tammany Parish, one man was injured when a tree fell on the mobile home in which he was living. In Point Coupee Parish, the emergency manager reported 800 to 1000 trees were blown down.  

Several short lived tornadoes touched down producing only minor property damage. Heavy rainfall was not widespread, in part due to the rapid movement of the hurricane away from the area. Flash flooding occurred in only a couple of areas."	22
5322604	WEST FELICIANA (ZONE)	 	10/2/2002	1800	Hurricane (Typhoon)	 	 	0	0	5540000	0	LA	CST	 	1144604	Z	35	LIX	0	0	EMERGENCY MANAGER	 	 	 	 	 	 	 	 	10/3/2002	1800	 	 	 	 		"Hurricane Lili, a major hurricane over the Gulf of Mexico, during the daylight hours of October 2, 2002 moved steadily northwest around 15 mph toward the Louisiana coast during the evening hour. The hurricane weakened rapidly to a Saffir Simpson Scale Category 1 Hurricane by the time it made landfall during the morning of October 3rd along the south central Louisiana coast. The hurricane continued to moved north northwest across south central Louisiana before turning northeast across the northern portion of the state.  Due to the rapid weakening, no sustained hurricane force winds were measured in southeast Louisiana.  However, storm surge was significant across the southeast Louisiana coastal areas and tidal lakes. Storm surge tides were 3 to 5 feet above normal across much of coastal southeast Louisiana except 4 to 7 feet above normal across south Lafourche and Terrebonne Parishes, closer to the location where the hurricane made landfall. 

Storm surge caused the most damage in Terrebonne Parish where many communities situated along bayous in the southern portion of the parish received considerable flooding. Storm surge also overtopped or breached several locally built drainage levees during the morning hours of October 4th. Particularly hard hit was the community of Montegut where many homes were flooded several feet deep. Over a thousand homes and businesses in Terrebonne Parish sustained some type of water damage due to storm surge. 

Storm surge flooding was also reported in southern Lafourche Parish where areas outside of the Larose-Golden Meadow were inundated by storm surge flooding.  Grand Isle also was hit with considerable storm surge and beach erosion. 

Considerable flooding of roadways and low lying structures was reported in many areas in coastal southeast Louisiana outside of the hurricane protection levees. Along Lake Pontchartrain and Maurepas, low lying roadways and structures were also flooded, many having been flooded a week earlier due to Tropical Storm Isidore. 

No sustained hurricane force winds were measured across southeast Louisiana. Highest wind gusts recorded on October 3rd included: Houma 61 mph at 0200 CST, Paincourtville 61 mph at 0700 CST, New Orleans Louis Armstrong Intl Airport  51 mph at 0400 CST, Baton Rouge 47 mph at 1117 CST, and Mid Lake Pontchartrain Causeway 69 mph at 0530 CST.

Strong wind gusts downed trees and large tree branches across much of southeast Louisiana. Property damage occurred when the trees and tree limbs fell onto houses and automobiles. In St. Tammany Parish, one man was injured when a tree fell on the mobile home in which he was living. In Point Coupee Parish, the emergency manager reported 800 to 1000 trees were blown down.  

Several short lived tornadoes touched down producing only minor property damage. Heavy rainfall was not widespread, in part due to the rapid movement of the hurricane away from the area. Flash flooding occurred in only a couple of areas."	23
5322603	WEST BATON ROUGE (ZONE)	 	10/2/2002	1800	Hurricane (Typhoon)	 	 	0	0	5540000	0	LA	CST	 	1144604	Z	47	LIX	0	0	EMERGENCY MANAGER	 	 	 	 	 	 	 	 	10/3/2002	1800	 	 	 	 		"Hurricane Lili, a major hurricane over the Gulf of Mexico, during the daylight hours of October 2, 2002 moved steadily northwest around 15 mph toward the Louisiana coast during the evening hour. The hurricane weakened rapidly to a Saffir Simpson Scale Category 1 Hurricane by the time it made landfall during the morning of October 3rd along the south central Louisiana coast. The hurricane continued to moved north northwest across south central Louisiana before turning northeast across the northern portion of the state.  Due to the rapid weakening, no sustained hurricane force winds were measured in southeast Louisiana.  However, storm surge was significant across the southeast Louisiana coastal areas and tidal lakes. Storm surge tides were 3 to 5 feet above normal across much of coastal southeast Louisiana except 4 to 7 feet above normal across south Lafourche and Terrebonne Parishes, closer to the location where the hurricane made landfall. 

Storm surge caused the most damage in Terrebonne Parish where many communities situated along bayous in the southern portion of the parish received considerable flooding. Storm surge also overtopped or breached several locally built drainage levees during the morning hours of October 4th. Particularly hard hit was the community of Montegut where many homes were flooded several feet deep. Over a thousand homes and businesses in Terrebonne Parish sustained some type of water damage due to storm surge. 

Storm surge flooding was also reported in southern Lafourche Parish where areas outside of the Larose-Golden Meadow were inundated by storm surge flooding.  Grand Isle also was hit with considerable storm surge and beach erosion. 

Considerable flooding of roadways and low lying structures was reported in many areas in coastal southeast Louisiana outside of the hurricane protection levees. Along Lake Pontchartrain and Maurepas, low lying roadways and structures were also flooded, many having been flooded a week earlier due to Tropical Storm Isidore. 

No sustained hurricane force winds were measured across southeast Louisiana. Highest wind gusts recorded on October 3rd included: Houma 61 mph at 0200 CST, Paincourtville 61 mph at 0700 CST, New Orleans Louis Armstrong Intl Airport  51 mph at 0400 CST, Baton Rouge 47 mph at 1117 CST, and Mid Lake Pontchartrain Causeway 69 mph at 0530 CST.

Strong wind gusts downed trees and large tree branches across much of southeast Louisiana. Property damage occurred when the trees and tree limbs fell onto houses and automobiles. In St. Tammany Parish, one man was injured when a tree fell on the mobile home in which he was living. In Point Coupee Parish, the emergency manager reported 800 to 1000 trees were blown down.  

Several short lived tornadoes touched down producing only minor property damage. Heavy rainfall was not widespread, in part due to the rapid movement of the hurricane away from the area. Flash flooding occurred in only a couple of areas."	24
5322602	WASHINGTON (ZONE)	 	10/2/2002	1800	Hurricane (Typhoon)	 	 	0	0	5540000	0	LA	CST	 	1144604	Z	39	LIX	0	0	EMERGENCY MANAGER	 	 	 	 	 	 	 	 	10/3/2002	1800	 	 	 	 		"Hurricane Lili, a major hurricane over the Gulf of Mexico, during the daylight hours of October 2, 2002 moved steadily northwest around 15 mph toward the Louisiana coast during the evening hour. The hurricane weakened rapidly to a Saffir Simpson Scale Category 1 Hurricane by the time it made landfall during the morning of October 3rd along the south central Louisiana coast. The hurricane continued to moved north northwest across south central Louisiana before turning northeast across the northern portion of the state.  Due to the rapid weakening, no sustained hurricane force winds were measured in southeast Louisiana.  However, storm surge was significant across the southeast Louisiana coastal areas and tidal lakes. Storm surge tides were 3 to 5 feet above normal across much of coastal southeast Louisiana except 4 to 7 feet above normal across south Lafourche and Terrebonne Parishes, closer to the location where the hurricane made landfall. 

Storm surge caused the most damage in Terrebonne Parish where many communities situated along bayous in the southern portion of the parish received considerable flooding. Storm surge also overtopped or breached several locally built drainage levees during the morning hours of October 4th. Particularly hard hit was the community of Montegut where many homes were flooded several feet deep. Over a thousand homes and businesses in Terrebonne Parish sustained some type of water damage due to storm surge. 

Storm surge flooding was also reported in southern Lafourche Parish where areas outside of the Larose-Golden Meadow were inundated by storm surge flooding.  Grand Isle also was hit with considerable storm surge and beach erosion. 

Considerable flooding of roadways and low lying structures was reported in many areas in coastal southeast Louisiana outside of the hurricane protection levees. Along Lake Pontchartrain and Maurepas, low lying roadways and structures were also flooded, many having been flooded a week earlier due to Tropical Storm Isidore. 

No sustained hurricane force winds were measured across southeast Louisiana. Highest wind gusts recorded on October 3rd included: Houma 61 mph at 0200 CST, Paincourtville 61 mph at 0700 CST, New Orleans Louis Armstrong Intl Airport  51 mph at 0400 CST, Baton Rouge 47 mph at 1117 CST, and Mid Lake Pontchartrain Causeway 69 mph at 0530 CST.

Strong wind gusts downed trees and large tree branches across much of southeast Louisiana. Property damage occurred when the trees and tree limbs fell onto houses and automobiles. In St. Tammany Parish, one man was injured when a tree fell on the mobile home in which he was living. In Point Coupee Parish, the emergency manager reported 800 to 1000 trees were blown down.  

Several short lived tornadoes touched down producing only minor property damage. Heavy rainfall was not widespread, in part due to the rapid movement of the hurricane away from the area. Flash flooding occurred in only a couple of areas."	25
5322601	UPPER TERREBONNE (ZONE)	 	10/2/2002	1800	Hurricane (Typhoon)	 	 	0	0	5540000	0	LA	CST	 	1144604	Z	65	LIX	0	0	EMERGENCY MANAGER	 	 	 	 	 	 	 	 	10/3/2002	1800	 	 	 	 		"Hurricane Lili, a major hurricane over the Gulf of Mexico, during the daylight hours of October 2, 2002 moved steadily northwest around 15 mph toward the Louisiana coast during the evening hour. The hurricane weakened rapidly to a Saffir Simpson Scale Category 1 Hurricane by the time it made landfall during the morning of October 3rd along the south central Louisiana coast. The hurricane continued to moved north northwest across south central Louisiana before turning northeast across the northern portion of the state.  Due to the rapid weakening, no sustained hurricane force winds were measured in southeast Louisiana.  However, storm surge was significant across the southeast Louisiana coastal areas and tidal lakes. Storm surge tides were 3 to 5 feet above normal across much of coastal southeast Louisiana except 4 to 7 feet above normal across south Lafourche and Terrebonne Parishes, closer to the location where the hurricane made landfall. 

Storm surge caused the most damage in Terrebonne Parish where many communities situated along bayous in the southern portion of the parish received considerable flooding. Storm surge also overtopped or breached several locally built drainage levees during the morning hours of October 4th. Particularly hard hit was the community of Montegut where many homes were flooded several feet deep. Over a thousand homes and businesses in Terrebonne Parish sustained some type of water damage due to storm surge. 

Storm surge flooding was also reported in southern Lafourche Parish where areas outside of the Larose-Golden Meadow were inundated by storm surge flooding.  Grand Isle also was hit with considerable storm surge and beach erosion. 

Considerable flooding of roadways and low lying structures was reported in many areas in coastal southeast Louisiana outside of the hurricane protection levees. Along Lake Pontchartrain and Maurepas, low lying roadways and structures were also flooded, many having been flooded a week earlier due to Tropical Storm Isidore. 

No sustained hurricane force winds were measured across southeast Louisiana. Highest wind gusts recorded on October 3rd included: Houma 61 mph at 0200 CST, Paincourtville 61 mph at 0700 CST, New Orleans Louis Armstrong Intl Airport  51 mph at 0400 CST, Baton Rouge 47 mph at 1117 CST, and Mid Lake Pontchartrain Causeway 69 mph at 0530 CST.

Strong wind gusts downed trees and large tree branches across much of southeast Louisiana. Property damage occurred when the trees and tree limbs fell onto houses and automobiles. In St. Tammany Parish, one man was injured when a tree fell on the mobile home in which he was living. In Point Coupee Parish, the emergency manager reported 800 to 1000 trees were blown down.  

Several short lived tornadoes touched down producing only minor property damage. Heavy rainfall was not widespread, in part due to the rapid movement of the hurricane away from the area. Flash flooding occurred in only a couple of areas."	26
5322586	LOWER PLAQUEMINES (ZONE)	 	10/2/2002	1800	Hurricane (Typhoon)	 	 	0	0	5540000	0	LA	CST	 	1144604	Z	69	LIX	0	0	EMERGENCY MANAGER	 	 	 	 	 	 	 	 	10/3/2002	1800	 	 	 	 		"Hurricane Lili, a major hurricane over the Gulf of Mexico, during the daylight hours of October 2, 2002 moved steadily northwest around 15 mph toward the Louisiana coast during the evening hour. The hurricane weakened rapidly to a Saffir Simpson Scale Category 1 Hurricane by the time it made landfall during the morning of October 3rd along the south central Louisiana coast. The hurricane continued to moved north northwest across south central Louisiana before turning northeast across the northern portion of the state.  Due to the rapid weakening, no sustained hurricane force winds were measured in southeast Louisiana.  However, storm surge was significant across the southeast Louisiana coastal areas and tidal lakes. Storm surge tides were 3 to 5 feet above normal across much of coastal southeast Louisiana except 4 to 7 feet above normal across south Lafourche and Terrebonne Parishes, closer to the location where the hurricane made landfall. 

Storm surge caused the most damage in Terrebonne Parish where many communities situated along bayous in the southern portion of the parish received considerable flooding. Storm surge also overtopped or breached several locally built drainage levees during the morning hours of October 4th. Particularly hard hit was the community of Montegut where many homes were flooded several feet deep. Over a thousand homes and businesses in Terrebonne Parish sustained some type of water damage due to storm surge. 

Storm surge flooding was also reported in southern Lafourche Parish where areas outside of the Larose-Golden Meadow were inundated by storm surge flooding.  Grand Isle also was hit with considerable storm surge and beach erosion. 

Considerable flooding of roadways and low lying structures was reported in many areas in coastal southeast Louisiana outside of the hurricane protection levees. Along Lake Pontchartrain and Maurepas, low lying roadways and structures were also flooded, many having been flooded a week earlier due to Tropical Storm Isidore. 

No sustained hurricane force winds were measured across southeast Louisiana. Highest wind gusts recorded on October 3rd included: Houma 61 mph at 0200 CST, Paincourtville 61 mph at 0700 CST, New Orleans Louis Armstrong Intl Airport  51 mph at 0400 CST, Baton Rouge 47 mph at 1117 CST, and Mid Lake Pontchartrain Causeway 69 mph at 0530 CST.

Strong wind gusts downed trees and large tree branches across much of southeast Louisiana. Property damage occurred when the trees and tree limbs fell onto houses and automobiles. In St. Tammany Parish, one man was injured when a tree fell on the mobile home in which he was living. In Point Coupee Parish, the emergency manager reported 800 to 1000 trees were blown down.  

Several short lived tornadoes touched down producing only minor property damage. Heavy rainfall was not widespread, in part due to the rapid movement of the hurricane away from the area. Flash flooding occurred in only a couple of areas."	27
5322585	LOWER LAFOURCHE (ZONE)	 	10/2/2002	1800	Hurricane (Typhoon)	 	 	0	0	5540000	0	LA	CST	 	1144604	Z	67	LIX	0	0	EMERGENCY MANAGER	 	 	 	 	 	 	 	 	10/3/2002	1800	 	 	 	 		"Hurricane Lili, a major hurricane over the Gulf of Mexico, during the daylight hours of October 2, 2002 moved steadily northwest around 15 mph toward the Louisiana coast during the evening hour. The hurricane weakened rapidly to a Saffir Simpson Scale Category 1 Hurricane by the time it made landfall during the morning of October 3rd along the south central Louisiana coast. The hurricane continued to moved north northwest across south central Louisiana before turning northeast across the northern portion of the state.  Due to the rapid weakening, no sustained hurricane force winds were measured in southeast Louisiana.  However, storm surge was significant across the southeast Louisiana coastal areas and tidal lakes. Storm surge tides were 3 to 5 feet above normal across much of coastal southeast Louisiana except 4 to 7 feet above normal across south Lafourche and Terrebonne Parishes, closer to the location where the hurricane made landfall. 

Storm surge caused the most damage in Terrebonne Parish where many communities situated along bayous in the southern portion of the parish received considerable flooding. Storm surge also overtopped or breached several locally built drainage levees during the morning hours of October 4th. Particularly hard hit was the community of Montegut where many homes were flooded several feet deep. Over a thousand homes and businesses in Terrebonne Parish sustained some type of water damage due to storm surge. 

Storm surge flooding was also reported in southern Lafourche Parish where areas outside of the Larose-Golden Meadow were inundated by storm surge flooding.  Grand Isle also was hit with considerable storm surge and beach erosion. 

Considerable flooding of roadways and low lying structures was reported in many areas in coastal southeast Louisiana outside of the hurricane protection levees. Along Lake Pontchartrain and Maurepas, low lying roadways and structures were also flooded, many having been flooded a week earlier due to Tropical Storm Isidore. 

No sustained hurricane force winds were measured across southeast Louisiana. Highest wind gusts recorded on October 3rd included: Houma 61 mph at 0200 CST, Paincourtville 61 mph at 0700 CST, New Orleans Louis Armstrong Intl Airport  51 mph at 0400 CST, Baton Rouge 47 mph at 1117 CST, and Mid Lake Pontchartrain Causeway 69 mph at 0530 CST.

Strong wind gusts downed trees and large tree branches across much of southeast Louisiana. Property damage occurred when the trees and tree limbs fell onto houses and automobiles. In St. Tammany Parish, one man was injured when a tree fell on the mobile home in which he was living. In Point Coupee Parish, the emergency manager reported 800 to 1000 trees were blown down.  

Several short lived tornadoes touched down producing only minor property damage. Heavy rainfall was not widespread, in part due to the rapid movement of the hurricane away from the area. Flash flooding occurred in only a couple of areas."	28
5322584	LOWER JEFFERSON (ZONE)	 	10/2/2002	1800	Hurricane (Typhoon)	 	 	0	0	5540000	0	LA	CST	 	1144604	Z	68	LIX	0	0	EMERGENCY MANAGER	 	 	 	 	 	 	 	 	10/3/2002	1800	 	 	 	 		"Hurricane Lili, a major hurricane over the Gulf of Mexico, during the daylight hours of October 2, 2002 moved steadily northwest around 15 mph toward the Louisiana coast during the evening hour. The hurricane weakened rapidly to a Saffir Simpson Scale Category 1 Hurricane by the time it made landfall during the morning of October 3rd along the south central Louisiana coast. The hurricane continued to moved north northwest across south central Louisiana before turning northeast across the northern portion of the state.  Due to the rapid weakening, no sustained hurricane force winds were measured in southeast Louisiana.  However, storm surge was significant across the southeast Louisiana coastal areas and tidal lakes. Storm surge tides were 3 to 5 feet above normal across much of coastal southeast Louisiana except 4 to 7 feet above normal across south Lafourche and Terrebonne Parishes, closer to the location where the hurricane made landfall. 

Storm surge caused the most damage in Terrebonne Parish where many communities situated along bayous in the southern portion of the parish received considerable flooding. Storm surge also overtopped or breached several locally built drainage levees during the morning hours of October 4th. Particularly hard hit was the community of Montegut where many homes were flooded several feet deep. Over a thousand homes and businesses in Terrebonne Parish sustained some type of water damage due to storm surge. 

Storm surge flooding was also reported in southern Lafourche Parish where areas outside of the Larose-Golden Meadow were inundated by storm surge flooding.  Grand Isle also was hit with considerable storm surge and beach erosion. 

Considerable flooding of roadways and low lying structures was reported in many areas in coastal southeast Louisiana outside of the hurricane protection levees. Along Lake Pontchartrain and Maurepas, low lying roadways and structures were also flooded, many having been flooded a week earlier due to Tropical Storm Isidore. 

No sustained hurricane force winds were measured across southeast Louisiana. Highest wind gusts recorded on October 3rd included: Houma 61 mph at 0200 CST, Paincourtville 61 mph at 0700 CST, New Orleans Louis Armstrong Intl Airport  51 mph at 0400 CST, Baton Rouge 47 mph at 1117 CST, and Mid Lake Pontchartrain Causeway 69 mph at 0530 CST.

Strong wind gusts downed trees and large tree branches across much of southeast Louisiana. Property damage occurred when the trees and tree limbs fell onto houses and automobiles. In St. Tammany Parish, one man was injured when a tree fell on the mobile home in which he was living. In Point Coupee Parish, the emergency manager reported 800 to 1000 trees were blown down.  

Several short lived tornadoes touched down producing only minor property damage. Heavy rainfall was not widespread, in part due to the rapid movement of the hurricane away from the area. Flash flooding occurred in only a couple of areas."	29
5322583	LIVINGSTON (ZONE)	 	10/2/2002	1800	Hurricane (Typhoon)	 	 	0	0	5540000	0	LA	CST	 	1144604	Z	50	LIX	0	0	EMERGENCY MANAGER	 	 	 	 	 	 	 	 	10/3/2002	1800	 	 	 	 		"Hurricane Lili, a major hurricane over the Gulf of Mexico, during the daylight hours of October 2, 2002 moved steadily northwest around 15 mph toward the Louisiana coast during the evening hour. The hurricane weakened rapidly to a Saffir Simpson Scale Category 1 Hurricane by the time it made landfall during the morning of October 3rd along the south central Louisiana coast. The hurricane continued to moved north northwest across south central Louisiana before turning northeast across the northern portion of the state.  Due to the rapid weakening, no sustained hurricane force winds were measured in southeast Louisiana.  However, storm surge was significant across the southeast Louisiana coastal areas and tidal lakes. Storm surge tides were 3 to 5 feet above normal across much of coastal southeast Louisiana except 4 to 7 feet above normal across south Lafourche and Terrebonne Parishes, closer to the location where the hurricane made landfall. 

Storm surge caused the most damage in Terrebonne Parish where many communities situated along bayous in the southern portion of the parish received considerable flooding. Storm surge also overtopped or breached several locally built drainage levees during the morning hours of October 4th. Particularly hard hit was the community of Montegut where many homes were flooded several feet deep. Over a thousand homes and businesses in Terrebonne Parish sustained some type of water damage due to storm surge. 

Storm surge flooding was also reported in southern Lafourche Parish where areas outside of the Larose-Golden Meadow were inundated by storm surge flooding.  Grand Isle also was hit with considerable storm surge and beach erosion. 

Considerable flooding of roadways and low lying structures was reported in many areas in coastal southeast Louisiana outside of the hurricane protection levees. Along Lake Pontchartrain and Maurepas, low lying roadways and structures were also flooded, many having been flooded a week earlier due to Tropical Storm Isidore. 

No sustained hurricane force winds were measured across southeast Louisiana. Highest wind gusts recorded on October 3rd included: Houma 61 mph at 0200 CST, Paincourtville 61 mph at 0700 CST, New Orleans Louis Armstrong Intl Airport  51 mph at 0400 CST, Baton Rouge 47 mph at 1117 CST, and Mid Lake Pontchartrain Causeway 69 mph at 0530 CST.

Strong wind gusts downed trees and large tree branches across much of southeast Louisiana. Property damage occurred when the trees and tree limbs fell onto houses and automobiles. In St. Tammany Parish, one man was injured when a tree fell on the mobile home in which he was living. In Point Coupee Parish, the emergency manager reported 800 to 1000 trees were blown down.  

Several short lived tornadoes touched down producing only minor property damage. Heavy rainfall was not widespread, in part due to the rapid movement of the hurricane away from the area. Flash flooding occurred in only a couple of areas."	30
5322582	IBERVILLE (ZONE)	 	10/2/2002	1800	Hurricane (Typhoon)	 	 	0	0	5540000	0	LA	CST	 	1144604	Z	46	LIX	0	0	EMERGENCY MANAGER	 	 	 	 	 	 	 	 	10/3/2002	1800	 	 	 	 		"Hurricane Lili, a major hurricane over the Gulf of Mexico, during the daylight hours of October 2, 2002 moved steadily northwest around 15 mph toward the Louisiana coast during the evening hour. The hurricane weakened rapidly to a Saffir Simpson Scale Category 1 Hurricane by the time it made landfall during the morning of October 3rd along the south central Louisiana coast. The hurricane continued to moved north northwest across south central Louisiana before turning northeast across the northern portion of the state.  Due to the rapid weakening, no sustained hurricane force winds were measured in southeast Louisiana.  However, storm surge was significant across the southeast Louisiana coastal areas and tidal lakes. Storm surge tides were 3 to 5 feet above normal across much of coastal southeast Louisiana except 4 to 7 feet above normal across south Lafourche and Terrebonne Parishes, closer to the location where the hurricane made landfall. 

Storm surge caused the most damage in Terrebonne Parish where many communities situated along bayous in the southern portion of the parish received considerable flooding. Storm surge also overtopped or breached several locally built drainage levees during the morning hours of October 4th. Particularly hard hit was the community of Montegut where many homes were flooded several feet deep. Over a thousand homes and businesses in Terrebonne Parish sustained some type of water damage due to storm surge. 

Storm surge flooding was also reported in southern Lafourche Parish where areas outside of the Larose-Golden Meadow were inundated by storm surge flooding.  Grand Isle also was hit with considerable storm surge and beach erosion. 

Considerable flooding of roadways and low lying structures was reported in many areas in coastal southeast Louisiana outside of the hurricane protection levees. Along Lake Pontchartrain and Maurepas, low lying roadways and structures were also flooded, many having been flooded a week earlier due to Tropical Storm Isidore. 

No sustained hurricane force winds were measured across southeast Louisiana. Highest wind gusts recorded on October 3rd included: Houma 61 mph at 0200 CST, Paincourtville 61 mph at 0700 CST, New Orleans Louis Armstrong Intl Airport  51 mph at 0400 CST, Baton Rouge 47 mph at 1117 CST, and Mid Lake Pontchartrain Causeway 69 mph at 0530 CST.

Strong wind gusts downed trees and large tree branches across much of southeast Louisiana. Property damage occurred when the trees and tree limbs fell onto houses and automobiles. In St. Tammany Parish, one man was injured when a tree fell on the mobile home in which he was living. In Point Coupee Parish, the emergency manager reported 800 to 1000 trees were blown down.  

Several short lived tornadoes touched down producing only minor property damage. Heavy rainfall was not widespread, in part due to the rapid movement of the hurricane away from the area. Flash flooding occurred in only a couple of areas."	31
5322581	EAST FELICIANA (ZONE)	 	10/2/2002	1800	Hurricane (Typhoon)	 	 	0	0	5540000	0	LA	CST	 	1144604	Z	36	LIX	0	0	EMERGENCY MANAGER	 	 	 	 	 	 	 	 	10/3/2002	1800	 	 	 	 		"Hurricane Lili, a major hurricane over the Gulf of Mexico, during the daylight hours of October 2, 2002 moved steadily northwest around 15 mph toward the Louisiana coast during the evening hour. The hurricane weakened rapidly to a Saffir Simpson Scale Category 1 Hurricane by the time it made landfall during the morning of October 3rd along the south central Louisiana coast. The hurricane continued to moved north northwest across south central Louisiana before turning northeast across the northern portion of the state.  Due to the rapid weakening, no sustained hurricane force winds were measured in southeast Louisiana.  However, storm surge was significant across the southeast Louisiana coastal areas and tidal lakes. Storm surge tides were 3 to 5 feet above normal across much of coastal southeast Louisiana except 4 to 7 feet above normal across south Lafourche and Terrebonne Parishes, closer to the location where the hurricane made landfall. 

Storm surge caused the most damage in Terrebonne Parish where many communities situated along bayous in the southern portion of the parish received considerable flooding. Storm surge also overtopped or breached several locally built drainage levees during the morning hours of October 4th. Particularly hard hit was the community of Montegut where many homes were flooded several feet deep. Over a thousand homes and businesses in Terrebonne Parish sustained some type of water damage due to storm surge. 

Storm surge flooding was also reported in southern Lafourche Parish where areas outside of the Larose-Golden Meadow were inundated by storm surge flooding.  Grand Isle also was hit with considerable storm surge and beach erosion. 

Considerable flooding of roadways and low lying structures was reported in many areas in coastal southeast Louisiana outside of the hurricane protection levees. Along Lake Pontchartrain and Maurepas, low lying roadways and structures were also flooded, many having been flooded a week earlier due to Tropical Storm Isidore. 

No sustained hurricane force winds were measured across southeast Louisiana. Highest wind gusts recorded on October 3rd included: Houma 61 mph at 0200 CST, Paincourtville 61 mph at 0700 CST, New Orleans Louis Armstrong Intl Airport  51 mph at 0400 CST, Baton Rouge 47 mph at 1117 CST, and Mid Lake Pontchartrain Causeway 69 mph at 0530 CST.

Strong wind gusts downed trees and large tree branches across much of southeast Louisiana. Property damage occurred when the trees and tree limbs fell onto houses and automobiles. In St. Tammany Parish, one man was injured when a tree fell on the mobile home in which he was living. In Point Coupee Parish, the emergency manager reported 800 to 1000 trees were blown down.  

Several short lived tornadoes touched down producing only minor property damage. Heavy rainfall was not widespread, in part due to the rapid movement of the hurricane away from the area. Flash flooding occurred in only a couple of areas."	32
5323886	ASSUMPTION (ZONE)	 	10/2/2002	1800	Hurricane (Typhoon)	 	 	0	0	5540000	0	LA	CST	 	1144604	Z	56	LIX	0	0	EMERGENCY MANAGER	 	 	 	 	 	 	 	 	10/3/2002	1800	 	 	 	 		"Hurricane Lili, a major hurricane over the Gulf of Mexico, during the daylight hours of October 2, 2002 moved steadily northwest around 15 mph toward the Louisiana coast during the evening hour. The hurricane weakened rapidly to a Saffir Simpson Scale Category 1 Hurricane by the time it made landfall during the morning of October 3rd along the south central Louisiana coast. The hurricane continued to moved north northwest across south central Louisiana before turning northeast across the northern portion of the state.  Due to the rapid weakening, no sustained hurricane force winds were measured in southeast Louisiana.  However, storm surge was significant across the southeast Louisiana coastal areas and tidal lakes. Storm surge tides were 3 to 5 feet above normal across much of coastal southeast Louisiana except 4 to 7 feet above normal across south Lafourche and Terrebonne Parishes, closer to the location where the hurricane made landfall. 

Storm surge caused the most damage in Terrebonne Parish where many communities situated along bayous in the southern portion of the parish received considerable flooding. Storm surge also overtopped or breached several locally built drainage levees during the morning hours of October 4th. Particularly hard hit was the community of Montegut where many homes were flooded several feet deep. Over a thousand homes and businesses in Terrebonne Parish sustained some type of water damage due to storm surge. 

Storm surge flooding was also reported in southern Lafourche Parish where areas outside of the Larose-Golden Meadow were inundated by storm surge flooding.  Grand Isle also was hit with considerable storm surge and beach erosion. 

Considerable flooding of roadways and low lying structures was reported in many areas in coastal southeast Louisiana outside of the hurricane protection levees. Along Lake Pontchartrain and Maurepas, low lying roadways and structures were also flooded, many having been flooded a week earlier due to Tropical Storm Isidore. 

No sustained hurricane force winds were measured across southeast Louisiana. Highest wind gusts recorded on October 3rd included: Houma 61 mph at 0200 CST, Paincourtville 61 mph at 0700 CST, New Orleans Louis Armstrong Intl Airport  51 mph at 0400 CST, Baton Rouge 47 mph at 1117 CST, and Mid Lake Pontchartrain Causeway 69 mph at 0530 CST.

Strong wind gusts downed trees and large tree branches across much of southeast Louisiana. Property damage occurred when the trees and tree limbs fell onto houses and automobiles. In St. Tammany Parish, one man was injured when a tree fell on the mobile home in which he was living. In Point Coupee Parish, the emergency manager reported 800 to 1000 trees were blown down.  

Several short lived tornadoes touched down producing only minor property damage. Heavy rainfall was not widespread, in part due to the rapid movement of the hurricane away from the area. Flash flooding occurred in only a couple of areas."	33
5323885	ASCENSION (ZONE)	 	10/2/2002	1800	Hurricane (Typhoon)	 	 	0	0	5540000	0	LA	CST	 	1144604	Z	49	LIX	0	0	EMERGENCY MANAGER	 	 	 	 	 	 	 	 	10/3/2002	1800	 	 	 	 		"Hurricane Lili, a major hurricane over the Gulf of Mexico, during the daylight hours of October 2, 2002 moved steadily northwest around 15 mph toward the Louisiana coast during the evening hour. The hurricane weakened rapidly to a Saffir Simpson Scale Category 1 Hurricane by the time it made landfall during the morning of October 3rd along the south central Louisiana coast. The hurricane continued to moved north northwest across south central Louisiana before turning northeast across the northern portion of the state.  Due to the rapid weakening, no sustained hurricane force winds were measured in southeast Louisiana.  However, storm surge was significant across the southeast Louisiana coastal areas and tidal lakes. Storm surge tides were 3 to 5 feet above normal across much of coastal southeast Louisiana except 4 to 7 feet above normal across south Lafourche and Terrebonne Parishes, closer to the location where the hurricane made landfall. 

Storm surge caused the most damage in Terrebonne Parish where many communities situated along bayous in the southern portion of the parish received considerable flooding. Storm surge also overtopped or breached several locally built drainage levees during the morning hours of October 4th. Particularly hard hit was the community of Montegut where many homes were flooded several feet deep. Over a thousand homes and businesses in Terrebonne Parish sustained some type of water damage due to storm surge. 

Storm surge flooding was also reported in southern Lafourche Parish where areas outside of the Larose-Golden Meadow were inundated by storm surge flooding.  Grand Isle also was hit with considerable storm surge and beach erosion. 

Considerable flooding of roadways and low lying structures was reported in many areas in coastal southeast Louisiana outside of the hurricane protection levees. Along Lake Pontchartrain and Maurepas, low lying roadways and structures were also flooded, many having been flooded a week earlier due to Tropical Storm Isidore. 

No sustained hurricane force winds were measured across southeast Louisiana. Highest wind gusts recorded on October 3rd included: Houma 61 mph at 0200 CST, Paincourtville 61 mph at 0700 CST, New Orleans Louis Armstrong Intl Airport  51 mph at 0400 CST, Baton Rouge 47 mph at 1117 CST, and Mid Lake Pontchartrain Causeway 69 mph at 0530 CST.

Strong wind gusts downed trees and large tree branches across much of southeast Louisiana. Property damage occurred when the trees and tree limbs fell onto houses and automobiles. In St. Tammany Parish, one man was injured when a tree fell on the mobile home in which he was living. In Point Coupee Parish, the emergency manager reported 800 to 1000 trees were blown down.  

Several short lived tornadoes touched down producing only minor property damage. Heavy rainfall was not widespread, in part due to the rapid movement of the hurricane away from the area. Flash flooding occurred in only a couple of areas."	34
5319438	ALLEN (ZONE)	 	10/3/2002	700	Hurricane (Typhoon)	 	 	0	0	2000000	500000	LA	CST	 	1144282	Z	31	LCH	0	0	NWS STORM SURVEY	 	 	 	 	 	 	 	 	10/3/2002	1800	 	 	 	 		"Hurricane Lili made landfall the morning of October 3rd near Intracoastal City in Vermilion Parish as a category one hurricane. Over 48,000 claims were filed with FEMA by homeowners who received damage. along the path of Lili, from southwest Louisiana into central Louisiana. Only 3 injuries were reported. One injury in Evangeline Parish at Ville Platte occurred when a policeman on patrol had a tree fall on his vehicle, trapping him inside. He received minor injuries and was treated and released from a local hospital. The other two injuries occurred in Acadia Parish. Two Rayne city employees were moving vehicles to a safer location when a brick facade at the water plant fell on them. Tornadoes and Flash Flood events associated with Lili are listed separately. Property damage estimates were based on insured losses reported to the state government. Crop damage estimates were based on state figures related to sugarcane, soybeans, cotton, and rice losses.

Along the coast, storm surge estimates ranged  from around 10 to 12 feet in St. Mary Parish at Burns Point and Cypremort Point, to 4 to 6 feet in Vermilion Parish near Intracoastal City. Top wind gusts were measured at 120 mph at Intracoastal City and 100 mph in Vermilion Parish, and 100 mph at Cypremort Point in St. Mary Parish. Other wind estimates include 80 mph at New Iberia and Jeanerette in Iberia Parish, 70 mph at Iota, 80 mph at Church Point, and 90 mph at Crowley in Acadia Parish, 70 mph at Bunkie in Avoyelles Parish, 70 to 80 mph at Basile, Bayou Chicot, Chataignier, and Mamou in Evangeline Parish, 90 mph at Jennings in Jeff Davis Parish, 80 mph at Youngsville in Lafayette Parish, 70 mph at Alexandria in Rapides Parish, and 80 mph at Eunice in St. Landry Parish."	35
5319437	ACADIA (ZONE)	 	10/3/2002	700	Hurricane (Typhoon)	 	 	0	2	50000000	11500000	LA	CST	 	1144282	Z	43	LCH	0	0	NWS STORM SURVEY	 	 	 	 	 	 	 	 	10/3/2002	1800	 	 	 	 		"Hurricane Lili made landfall the morning of October 3rd near Intracoastal City in Vermilion Parish as a category one hurricane. Over 48,000 claims were filed with FEMA by homeowners who received damage. along the path of Lili, from southwest Louisiana into central Louisiana. Only 3 injuries were reported. One injury in Evangeline Parish at Ville Platte occurred when a policeman on patrol had a tree fall on his vehicle, trapping him inside. He received minor injuries and was treated and released from a local hospital. The other two injuries occurred in Acadia Parish. Two Rayne city employees were moving vehicles to a safer location when a brick facade at the water plant fell on them. Tornadoes and Flash Flood events associated with Lili are listed separately. Property damage estimates were based on insured losses reported to the state government. Crop damage estimates were based on state figures related to sugarcane, soybeans, cotton, and rice losses.

Along the coast, storm surge estimates ranged  from around 10 to 12 feet in St. Mary Parish at Burns Point and Cypremort Point, to 4 to 6 feet in Vermilion Parish near Intracoastal City. Top wind gusts were measured at 120 mph at Intracoastal City and 100 mph in Vermilion Parish, and 100 mph at Cypremort Point in St. Mary Parish. Other wind estimates include 80 mph at New Iberia and Jeanerette in Iberia Parish, 70 mph at Iota, 80 mph at Church Point, and 90 mph at Crowley in Acadia Parish, 70 mph at Bunkie in Avoyelles Parish, 70 to 80 mph at Basile, Bayou Chicot, Chataignier, and Mamou in Evangeline Parish, 90 mph at Jennings in Jeff Davis Parish, 80 mph at Youngsville in Lafayette Parish, 70 mph at Alexandria in Rapides Parish, and 80 mph at Eunice in St. Landry Parish."	36
5319446	LAFAYETTE (ZONE)	 	10/3/2002	700	Hurricane (Typhoon)	 	 	0	0	80000000	8000000	LA	CST	 	1144282	Z	44	LCH	0	0	NWS STORM SURVEY	 	 	 	 	 	 	 	 	10/3/2002	1800	 	 	 	 		"Hurricane Lili made landfall the morning of October 3rd near Intracoastal City in Vermilion Parish as a category one hurricane. Over 48,000 claims were filed with FEMA by homeowners who received damage. along the path of Lili, from southwest Louisiana into central Louisiana. Only 3 injuries were reported. One injury in Evangeline Parish at Ville Platte occurred when a policeman on patrol had a tree fall on his vehicle, trapping him inside. He received minor injuries and was treated and released from a local hospital. The other two injuries occurred in Acadia Parish. Two Rayne city employees were moving vehicles to a safer location when a brick facade at the water plant fell on them. Tornadoes and Flash Flood events associated with Lili are listed separately. Property damage estimates were based on insured losses reported to the state government. Crop damage estimates were based on state figures related to sugarcane, soybeans, cotton, and rice losses.

Along the coast, storm surge estimates ranged  from around 10 to 12 feet in St. Mary Parish at Burns Point and Cypremort Point, to 4 to 6 feet in Vermilion Parish near Intracoastal City. Top wind gusts were measured at 120 mph at Intracoastal City and 100 mph in Vermilion Parish, and 100 mph at Cypremort Point in St. Mary Parish. Other wind estimates include 80 mph at New Iberia and Jeanerette in Iberia Parish, 70 mph at Iota, 80 mph at Church Point, and 90 mph at Crowley in Acadia Parish, 70 mph at Bunkie in Avoyelles Parish, 70 to 80 mph at Basile, Bayou Chicot, Chataignier, and Mamou in Evangeline Parish, 90 mph at Jennings in Jeff Davis Parish, 80 mph at Youngsville in Lafayette Parish, 70 mph at Alexandria in Rapides Parish, and 80 mph at Eunice in St. Landry Parish."	37
5319441	CALCASIEU (ZONE)	 	10/3/2002	700	Hurricane (Typhoon)	 	 	0	0	500000	3000000	LA	CST	 	1144282	Z	41	LCH	0	0	NWS STORM SURVEY	 	 	 	 	 	 	 	 	10/3/2002	1800	 	 	 	 		"Hurricane Lili made landfall the morning of October 3rd near Intracoastal City in Vermilion Parish as a category one hurricane. Over 48,000 claims were filed with FEMA by homeowners who received damage. along the path of Lili, from southwest Louisiana into central Louisiana. Only 3 injuries were reported. One injury in Evangeline Parish at Ville Platte occurred when a policeman on patrol had a tree fall on his vehicle, trapping him inside. He received minor injuries and was treated and released from a local hospital. The other two injuries occurred in Acadia Parish. Two Rayne city employees were moving vehicles to a safer location when a brick facade at the water plant fell on them. Tornadoes and Flash Flood events associated with Lili are listed separately. Property damage estimates were based on insured losses reported to the state government. Crop damage estimates were based on state figures related to sugarcane, soybeans, cotton, and rice losses.

Along the coast, storm surge estimates ranged  from around 10 to 12 feet in St. Mary Parish at Burns Point and Cypremort Point, to 4 to 6 feet in Vermilion Parish near Intracoastal City. Top wind gusts were measured at 120 mph at Intracoastal City and 100 mph in Vermilion Parish, and 100 mph at Cypremort Point in St. Mary Parish. Other wind estimates include 80 mph at New Iberia and Jeanerette in Iberia Parish, 70 mph at Iota, 80 mph at Church Point, and 90 mph at Crowley in Acadia Parish, 70 mph at Bunkie in Avoyelles Parish, 70 to 80 mph at Basile, Bayou Chicot, Chataignier, and Mamou in Evangeline Parish, 90 mph at Jennings in Jeff Davis Parish, 80 mph at Youngsville in Lafayette Parish, 70 mph at Alexandria in Rapides Parish, and 80 mph at Eunice in St. Landry Parish."	38
5319440	BEAUREGARD (ZONE)	 	10/3/2002	700	Hurricane (Typhoon)	 	 	0	0	250000	300000	LA	CST	 	1144282	Z	30	LCH	0	0	NWS STORM SURVEY	 	 	 	 	 	 	 	 	10/3/2002	1800	 	 	 	 		"Hurricane Lili made landfall the morning of October 3rd near Intracoastal City in Vermilion Parish as a category one hurricane. Over 48,000 claims were filed with FEMA by homeowners who received damage. along the path of Lili, from southwest Louisiana into central Louisiana. Only 3 injuries were reported. One injury in Evangeline Parish at Ville Platte occurred when a policeman on patrol had a tree fall on his vehicle, trapping him inside. He received minor injuries and was treated and released from a local hospital. The other two injuries occurred in Acadia Parish. Two Rayne city employees were moving vehicles to a safer location when a brick facade at the water plant fell on them. Tornadoes and Flash Flood events associated with Lili are listed separately. Property damage estimates were based on insured losses reported to the state government. Crop damage estimates were based on state figures related to sugarcane, soybeans, cotton, and rice losses.

Along the coast, storm surge estimates ranged  from around 10 to 12 feet in St. Mary Parish at Burns Point and Cypremort Point, to 4 to 6 feet in Vermilion Parish near Intracoastal City. Top wind gusts were measured at 120 mph at Intracoastal City and 100 mph in Vermilion Parish, and 100 mph at Cypremort Point in St. Mary Parish. Other wind estimates include 80 mph at New Iberia and Jeanerette in Iberia Parish, 70 mph at Iota, 80 mph at Church Point, and 90 mph at Crowley in Acadia Parish, 70 mph at Bunkie in Avoyelles Parish, 70 to 80 mph at Basile, Bayou Chicot, Chataignier, and Mamou in Evangeline Parish, 90 mph at Jennings in Jeff Davis Parish, 80 mph at Youngsville in Lafayette Parish, 70 mph at Alexandria in Rapides Parish, and 80 mph at Eunice in St. Landry Parish."	39
5319442	CAMERON (ZONE)	 	10/3/2002	700	Hurricane (Typhoon)	 	 	0	0	250000	200000	LA	CST	 	1144282	Z	51	LCH	0	0	NWS STORM SURVEY	 	 	 	 	 	 	 	 	10/3/2002	1800	 	 	 	 		"Hurricane Lili made landfall the morning of October 3rd near Intracoastal City in Vermilion Parish as a category one hurricane. Over 48,000 claims were filed with FEMA by homeowners who received damage. along the path of Lili, from southwest Louisiana into central Louisiana. Only 3 injuries were reported. One injury in Evangeline Parish at Ville Platte occurred when a policeman on patrol had a tree fall on his vehicle, trapping him inside. He received minor injuries and was treated and released from a local hospital. The other two injuries occurred in Acadia Parish. Two Rayne city employees were moving vehicles to a safer location when a brick facade at the water plant fell on them. Tornadoes and Flash Flood events associated with Lili are listed separately. Property damage estimates were based on insured losses reported to the state government. Crop damage estimates were based on state figures related to sugarcane, soybeans, cotton, and rice losses.

Along the coast, storm surge estimates ranged  from around 10 to 12 feet in St. Mary Parish at Burns Point and Cypremort Point, to 4 to 6 feet in Vermilion Parish near Intracoastal City. Top wind gusts were measured at 120 mph at Intracoastal City and 100 mph in Vermilion Parish, and 100 mph at Cypremort Point in St. Mary Parish. Other wind estimates include 80 mph at New Iberia and Jeanerette in Iberia Parish, 70 mph at Iota, 80 mph at Church Point, and 90 mph at Crowley in Acadia Parish, 70 mph at Bunkie in Avoyelles Parish, 70 to 80 mph at Basile, Bayou Chicot, Chataignier, and Mamou in Evangeline Parish, 90 mph at Jennings in Jeff Davis Parish, 80 mph at Youngsville in Lafayette Parish, 70 mph at Alexandria in Rapides Parish, and 80 mph at Eunice in St. Landry Parish."	40
5319508	RAPIDES (ZONE)	 	10/3/2002	700	Hurricane (Typhoon)	 	 	0	0	50000000	8000000	LA	CST	 	1144282	Z	28	LCH	0	0	NWS STORM SURVEY	 	 	 	 	 	 	 	 	10/3/2002	1800	 	 	 	 		"Hurricane Lili made landfall the morning of October 3rd near Intracoastal City in Vermilion Parish as a category one hurricane. Over 48,000 claims were filed with FEMA by homeowners who received damage. along the path of Lili, from southwest Louisiana into central Louisiana. Only 3 injuries were reported. One injury in Evangeline Parish at Ville Platte occurred when a policeman on patrol had a tree fall on his vehicle, trapping him inside. He received minor injuries and was treated and released from a local hospital. The other two injuries occurred in Acadia Parish. Two Rayne city employees were moving vehicles to a safer location when a brick facade at the water plant fell on them. Tornadoes and Flash Flood events associated with Lili are listed separately. Property damage estimates were based on insured losses reported to the state government. Crop damage estimates were based on state figures related to sugarcane, soybeans, cotton, and rice losses.

Along the coast, storm surge estimates ranged  from around 10 to 12 feet in St. Mary Parish at Burns Point and Cypremort Point, to 4 to 6 feet in Vermilion Parish near Intracoastal City. Top wind gusts were measured at 120 mph at Intracoastal City and 100 mph in Vermilion Parish, and 100 mph at Cypremort Point in St. Mary Parish. Other wind estimates include 80 mph at New Iberia and Jeanerette in Iberia Parish, 70 mph at Iota, 80 mph at Church Point, and 90 mph at Crowley in Acadia Parish, 70 mph at Bunkie in Avoyelles Parish, 70 to 80 mph at Basile, Bayou Chicot, Chataignier, and Mamou in Evangeline Parish, 90 mph at Jennings in Jeff Davis Parish, 80 mph at Youngsville in Lafayette Parish, 70 mph at Alexandria in Rapides Parish, and 80 mph at Eunice in St. Landry Parish."	41
5319510	ST. MARY (ZONE)	 	10/3/2002	700	Hurricane (Typhoon)	 	 	0	0	25000000	28000000	LA	CST	 	1144282	Z	54	LCH	0	0	NWS STORM SURVEY	 	 	 	 	 	 	 	 	10/3/2002	1800	 	 	 	 		"Hurricane Lili made landfall the morning of October 3rd near Intracoastal City in Vermilion Parish as a category one hurricane. Over 48,000 claims were filed with FEMA by homeowners who received damage. along the path of Lili, from southwest Louisiana into central Louisiana. Only 3 injuries were reported. One injury in Evangeline Parish at Ville Platte occurred when a policeman on patrol had a tree fall on his vehicle, trapping him inside. He received minor injuries and was treated and released from a local hospital. The other two injuries occurred in Acadia Parish. Two Rayne city employees were moving vehicles to a safer location when a brick facade at the water plant fell on them. Tornadoes and Flash Flood events associated with Lili are listed separately. Property damage estimates were based on insured losses reported to the state government. Crop damage estimates were based on state figures related to sugarcane, soybeans, cotton, and rice losses.

Along the coast, storm surge estimates ranged  from around 10 to 12 feet in St. Mary Parish at Burns Point and Cypremort Point, to 4 to 6 feet in Vermilion Parish near Intracoastal City. Top wind gusts were measured at 120 mph at Intracoastal City and 100 mph in Vermilion Parish, and 100 mph at Cypremort Point in St. Mary Parish. Other wind estimates include 80 mph at New Iberia and Jeanerette in Iberia Parish, 70 mph at Iota, 80 mph at Church Point, and 90 mph at Crowley in Acadia Parish, 70 mph at Bunkie in Avoyelles Parish, 70 to 80 mph at Basile, Bayou Chicot, Chataignier, and Mamou in Evangeline Parish, 90 mph at Jennings in Jeff Davis Parish, 80 mph at Youngsville in Lafayette Parish, 70 mph at Alexandria in Rapides Parish, and 80 mph at Eunice in St. Landry Parish."	42
5319445	JEFFERSON DAVIS (ZONE)	 	10/3/2002	700	Hurricane (Typhoon)	 	 	0	0	20000000	5000000	LA	CST	 	1144282	Z	42	LCH	0	0	NWS STORM SURVEY	 	 	 	 	 	 	 	 	10/3/2002	1800	 	 	 	 		"Hurricane Lili made landfall the morning of October 3rd near Intracoastal City in Vermilion Parish as a category one hurricane. Over 48,000 claims were filed with FEMA by homeowners who received damage. along the path of Lili, from southwest Louisiana into central Louisiana. Only 3 injuries were reported. One injury in Evangeline Parish at Ville Platte occurred when a policeman on patrol had a tree fall on his vehicle, trapping him inside. He received minor injuries and was treated and released from a local hospital. The other two injuries occurred in Acadia Parish. Two Rayne city employees were moving vehicles to a safer location when a brick facade at the water plant fell on them. Tornadoes and Flash Flood events associated with Lili are listed separately. Property damage estimates were based on insured losses reported to the state government. Crop damage estimates were based on state figures related to sugarcane, soybeans, cotton, and rice losses.

Along the coast, storm surge estimates ranged  from around 10 to 12 feet in St. Mary Parish at Burns Point and Cypremort Point, to 4 to 6 feet in Vermilion Parish near Intracoastal City. Top wind gusts were measured at 120 mph at Intracoastal City and 100 mph in Vermilion Parish, and 100 mph at Cypremort Point in St. Mary Parish. Other wind estimates include 80 mph at New Iberia and Jeanerette in Iberia Parish, 70 mph at Iota, 80 mph at Church Point, and 90 mph at Crowley in Acadia Parish, 70 mph at Bunkie in Avoyelles Parish, 70 to 80 mph at Basile, Bayou Chicot, Chataignier, and Mamou in Evangeline Parish, 90 mph at Jennings in Jeff Davis Parish, 80 mph at Youngsville in Lafayette Parish, 70 mph at Alexandria in Rapides Parish, and 80 mph at Eunice in St. Landry Parish."	43
5319511	UPPER ST. MARTIN (ZONE)	 	10/3/2002	700	Hurricane (Typhoon)	 	 	0	0	10000000	19500000	LA	CST	 	1144282	Z	45	LCH	0	0	NWS STORM SURVEY	 	 	 	 	 	 	 	 	10/3/2002	1800	 	 	 	 		"Hurricane Lili made landfall the morning of October 3rd near Intracoastal City in Vermilion Parish as a category one hurricane. Over 48,000 claims were filed with FEMA by homeowners who received damage. along the path of Lili, from southwest Louisiana into central Louisiana. Only 3 injuries were reported. One injury in Evangeline Parish at Ville Platte occurred when a policeman on patrol had a tree fall on his vehicle, trapping him inside. He received minor injuries and was treated and released from a local hospital. The other two injuries occurred in Acadia Parish. Two Rayne city employees were moving vehicles to a safer location when a brick facade at the water plant fell on them. Tornadoes and Flash Flood events associated with Lili are listed separately. Property damage estimates were based on insured losses reported to the state government. Crop damage estimates were based on state figures related to sugarcane, soybeans, cotton, and rice losses.

Along the coast, storm surge estimates ranged  from around 10 to 12 feet in St. Mary Parish at Burns Point and Cypremort Point, to 4 to 6 feet in Vermilion Parish near Intracoastal City. Top wind gusts were measured at 120 mph at Intracoastal City and 100 mph in Vermilion Parish, and 100 mph at Cypremort Point in St. Mary Parish. Other wind estimates include 80 mph at New Iberia and Jeanerette in Iberia Parish, 70 mph at Iota, 80 mph at Church Point, and 90 mph at Crowley in Acadia Parish, 70 mph at Bunkie in Avoyelles Parish, 70 to 80 mph at Basile, Bayou Chicot, Chataignier, and Mamou in Evangeline Parish, 90 mph at Jennings in Jeff Davis Parish, 80 mph at Youngsville in Lafayette Parish, 70 mph at Alexandria in Rapides Parish, and 80 mph at Eunice in St. Landry Parish."	44
5319509	ST. LANDRY (ZONE)	 	10/3/2002	700	Hurricane (Typhoon)	 	 	0	0	20000000	13000000	LA	CST	 	1144282	Z	33	LCH	0	0	NWS STORM SURVEY	 	 	 	 	 	 	 	 	10/3/2002	1800	 	 	 	 		"Hurricane Lili made landfall the morning of October 3rd near Intracoastal City in Vermilion Parish as a category one hurricane. Over 48,000 claims were filed with FEMA by homeowners who received damage. along the path of Lili, from southwest Louisiana into central Louisiana. Only 3 injuries were reported. One injury in Evangeline Parish at Ville Platte occurred when a policeman on patrol had a tree fall on his vehicle, trapping him inside. He received minor injuries and was treated and released from a local hospital. The other two injuries occurred in Acadia Parish. Two Rayne city employees were moving vehicles to a safer location when a brick facade at the water plant fell on them. Tornadoes and Flash Flood events associated with Lili are listed separately. Property damage estimates were based on insured losses reported to the state government. Crop damage estimates were based on state figures related to sugarcane, soybeans, cotton, and rice losses.

Along the coast, storm surge estimates ranged  from around 10 to 12 feet in St. Mary Parish at Burns Point and Cypremort Point, to 4 to 6 feet in Vermilion Parish near Intracoastal City. Top wind gusts were measured at 120 mph at Intracoastal City and 100 mph in Vermilion Parish, and 100 mph at Cypremort Point in St. Mary Parish. Other wind estimates include 80 mph at New Iberia and Jeanerette in Iberia Parish, 70 mph at Iota, 80 mph at Church Point, and 90 mph at Crowley in Acadia Parish, 70 mph at Bunkie in Avoyelles Parish, 70 to 80 mph at Basile, Bayou Chicot, Chataignier, and Mamou in Evangeline Parish, 90 mph at Jennings in Jeff Davis Parish, 80 mph at Youngsville in Lafayette Parish, 70 mph at Alexandria in Rapides Parish, and 80 mph at Eunice in St. Landry Parish."	45
5319444	IBERIA (ZONE)	 	10/3/2002	700	Hurricane (Typhoon)	 	 	0	0	25000000	35000000	LA	CST	 	1144282	Z	53	LCH	0	0	NWS STORM SURVEY	 	 	 	 	 	 	 	 	10/3/2002	1800	 	 	 	 		"Hurricane Lili made landfall the morning of October 3rd near Intracoastal City in Vermilion Parish as a category one hurricane. Over 48,000 claims were filed with FEMA by homeowners who received damage. along the path of Lili, from southwest Louisiana into central Louisiana. Only 3 injuries were reported. One injury in Evangeline Parish at Ville Platte occurred when a policeman on patrol had a tree fall on his vehicle, trapping him inside. He received minor injuries and was treated and released from a local hospital. The other two injuries occurred in Acadia Parish. Two Rayne city employees were moving vehicles to a safer location when a brick facade at the water plant fell on them. Tornadoes and Flash Flood events associated with Lili are listed separately. Property damage estimates were based on insured losses reported to the state government. Crop damage estimates were based on state figures related to sugarcane, soybeans, cotton, and rice losses.

Along the coast, storm surge estimates ranged  from around 10 to 12 feet in St. Mary Parish at Burns Point and Cypremort Point, to 4 to 6 feet in Vermilion Parish near Intracoastal City. Top wind gusts were measured at 120 mph at Intracoastal City and 100 mph in Vermilion Parish, and 100 mph at Cypremort Point in St. Mary Parish. Other wind estimates include 80 mph at New Iberia and Jeanerette in Iberia Parish, 70 mph at Iota, 80 mph at Church Point, and 90 mph at Crowley in Acadia Parish, 70 mph at Bunkie in Avoyelles Parish, 70 to 80 mph at Basile, Bayou Chicot, Chataignier, and Mamou in Evangeline Parish, 90 mph at Jennings in Jeff Davis Parish, 80 mph at Youngsville in Lafayette Parish, 70 mph at Alexandria in Rapides Parish, and 80 mph at Eunice in St. Landry Parish."	46
5319439	AVOYELLES (ZONE)	 	10/3/2002	700	Hurricane (Typhoon)	 	 	0	0	4000000	15000000	LA	CST	 	1144282	Z	29	LCH	0	0	NWS STORM SURVEY	 	 	 	 	 	 	 	 	10/3/2002	1800	 	 	 	 		"Hurricane Lili made landfall the morning of October 3rd near Intracoastal City in Vermilion Parish as a category one hurricane. Over 48,000 claims were filed with FEMA by homeowners who received damage. along the path of Lili, from southwest Louisiana into central Louisiana. Only 3 injuries were reported. One injury in Evangeline Parish at Ville Platte occurred when a policeman on patrol had a tree fall on his vehicle, trapping him inside. He received minor injuries and was treated and released from a local hospital. The other two injuries occurred in Acadia Parish. Two Rayne city employees were moving vehicles to a safer location when a brick facade at the water plant fell on them. Tornadoes and Flash Flood events associated with Lili are listed separately. Property damage estimates were based on insured losses reported to the state government. Crop damage estimates were based on state figures related to sugarcane, soybeans, cotton, and rice losses.

Along the coast, storm surge estimates ranged  from around 10 to 12 feet in St. Mary Parish at Burns Point and Cypremort Point, to 4 to 6 feet in Vermilion Parish near Intracoastal City. Top wind gusts were measured at 120 mph at Intracoastal City and 100 mph in Vermilion Parish, and 100 mph at Cypremort Point in St. Mary Parish. Other wind estimates include 80 mph at New Iberia and Jeanerette in Iberia Parish, 70 mph at Iota, 80 mph at Church Point, and 90 mph at Crowley in Acadia Parish, 70 mph at Bunkie in Avoyelles Parish, 70 to 80 mph at Basile, Bayou Chicot, Chataignier, and Mamou in Evangeline Parish, 90 mph at Jennings in Jeff Davis Parish, 80 mph at Youngsville in Lafayette Parish, 70 mph at Alexandria in Rapides Parish, and 80 mph at Eunice in St. Landry Parish."	47
5319512	VERMILION (ZONE)	 	10/3/2002	700	Hurricane (Typhoon)	 	 	0	0	60000000	18000000	LA	CST	 	1144282	Z	52	LCH	0	0	NWS STORM SURVEY	 	 	 	 	 	 	 	 	10/3/2002	1800	 	 	 	 		"Hurricane Lili made landfall the morning of October 3rd near Intracoastal City in Vermilion Parish as a category one hurricane. Over 48,000 claims were filed with FEMA by homeowners who received damage. along the path of Lili, from southwest Louisiana into central Louisiana. Only 3 injuries were reported. One injury in Evangeline Parish at Ville Platte occurred when a policeman on patrol had a tree fall on his vehicle, trapping him inside. He received minor injuries and was treated and released from a local hospital. The other two injuries occurred in Acadia Parish. Two Rayne city employees were moving vehicles to a safer location when a brick facade at the water plant fell on them. Tornadoes and Flash Flood events associated with Lili are listed separately. Property damage estimates were based on insured losses reported to the state government. Crop damage estimates were based on state figures related to sugarcane, soybeans, cotton, and rice losses.

Along the coast, storm surge estimates ranged  from around 10 to 12 feet in St. Mary Parish at Burns Point and Cypremort Point, to 4 to 6 feet in Vermilion Parish near Intracoastal City. Top wind gusts were measured at 120 mph at Intracoastal City and 100 mph in Vermilion Parish, and 100 mph at Cypremort Point in St. Mary Parish. Other wind estimates include 80 mph at New Iberia and Jeanerette in Iberia Parish, 70 mph at Iota, 80 mph at Church Point, and 90 mph at Crowley in Acadia Parish, 70 mph at Bunkie in Avoyelles Parish, 70 to 80 mph at Basile, Bayou Chicot, Chataignier, and Mamou in Evangeline Parish, 90 mph at Jennings in Jeff Davis Parish, 80 mph at Youngsville in Lafayette Parish, 70 mph at Alexandria in Rapides Parish, and 80 mph at Eunice in St. Landry Parish."	48
5319443	EVANGELINE (ZONE)	 	10/3/2002	700	Hurricane (Typhoon)	 	 	0	1	20000000	3000000	LA	CST	 	1144282	Z	32	LCH	0	0	NWS STORM SURVEY	 	 	 	 	 	 	 	 	10/3/2002	1800	 	 	 	 		"Hurricane Lili made landfall the morning of October 3rd near Intracoastal City in Vermilion Parish as a category one hurricane. Over 48,000 claims were filed with FEMA by homeowners who received damage. along the path of Lili, from southwest Louisiana into central Louisiana. Only 3 injuries were reported. One injury in Evangeline Parish at Ville Platte occurred when a policeman on patrol had a tree fall on his vehicle, trapping him inside. He received minor injuries and was treated and released from a local hospital. The other two injuries occurred in Acadia Parish. Two Rayne city employees were moving vehicles to a safer location when a brick facade at the water plant fell on them. Tornadoes and Flash Flood events associated with Lili are listed separately. Property damage estimates were based on insured losses reported to the state government. Crop damage estimates were based on state figures related to sugarcane, soybeans, cotton, and rice losses.

Along the coast, storm surge estimates ranged  from around 10 to 12 feet in St. Mary Parish at Burns Point and Cypremort Point, to 4 to 6 feet in Vermilion Parish near Intracoastal City. Top wind gusts were measured at 120 mph at Intracoastal City and 100 mph in Vermilion Parish, and 100 mph at Cypremort Point in St. Mary Parish. Other wind estimates include 80 mph at New Iberia and Jeanerette in Iberia Parish, 70 mph at Iota, 80 mph at Church Point, and 90 mph at Crowley in Acadia Parish, 70 mph at Bunkie in Avoyelles Parish, 70 to 80 mph at Basile, Bayou Chicot, Chataignier, and Mamou in Evangeline Parish, 90 mph at Jennings in Jeff Davis Parish, 80 mph at Youngsville in Lafayette Parish, 70 mph at Alexandria in Rapides Parish, and 80 mph at Eunice in St. Landry Parish."	49
5319507	LOWER ST. MARTIN (ZONE)	 	10/3/2002	700	Hurricane (Typhoon)	 	 	0	0	1000000	0	LA	CST	 	1144282	Z	55	LCH	0	0	NWS STORM SURVEY	 	 	 	 	 	 	 	 	10/3/2002	1800	 	 	 	 		"Hurricane Lili made landfall the morning of October 3rd near Intracoastal City in Vermilion Parish as a category one hurricane. Over 48,000 claims were filed with FEMA by homeowners who received damage. along the path of Lili, from southwest Louisiana into central Louisiana. Only 3 injuries were reported. One injury in Evangeline Parish at Ville Platte occurred when a policeman on patrol had a tree fall on his vehicle, trapping him inside. He received minor injuries and was treated and released from a local hospital. The other two injuries occurred in Acadia Parish. Two Rayne city employees were moving vehicles to a safer location when a brick facade at the water plant fell on them. Tornadoes and Flash Flood events associated with Lili are listed separately. Property damage estimates were based on insured losses reported to the state government. Crop damage estimates were based on state figures related to sugarcane, soybeans, cotton, and rice losses.

Along the coast, storm surge estimates ranged  from around 10 to 12 feet in St. Mary Parish at Burns Point and Cypremort Point, to 4 to 6 feet in Vermilion Parish near Intracoastal City. Top wind gusts were measured at 120 mph at Intracoastal City and 100 mph in Vermilion Parish, and 100 mph at Cypremort Point in St. Mary Parish. Other wind estimates include 80 mph at New Iberia and Jeanerette in Iberia Parish, 70 mph at Iota, 80 mph at Church Point, and 90 mph at Crowley in Acadia Parish, 70 mph at Bunkie in Avoyelles Parish, 70 to 80 mph at Basile, Bayou Chicot, Chataignier, and Mamou in Evangeline Parish, 90 mph at Jennings in Jeff Davis Parish, 80 mph at Youngsville in Lafayette Parish, 70 mph at Alexandria in Rapides Parish, and 80 mph at Eunice in St. Landry Parish."	50
5320980	FRANKLIN (ZONE)	 	10/3/2002	1000	Hurricane (Typhoon)	 	 	0	0	500000	0	LA	CST	 	1144328	Z	23	JAN	0	0	OFFICIAL NWS OBS.	 	 	 	 	 	 	 	 	10/4/2002	400	 	 	 	 			51
5319610	YAZOO (ZONE)	 	10/3/2002	1000	Hurricane (Typhoon)	 	 	0	0	71430	0	MS	CST	 	1144329	Z	42	JAN	0	0	OFFICIAL NWS OBS.	 	 	 	 	 	 	 	 	10/4/2002	400	 	 	 	 			52
5319609	WASHINGTON (ZONE)	 	10/3/2002	1000	Hurricane (Typhoon)	 	 	0	0	71430	0	MS	CST	 	1144329	Z	34	JAN	0	0	OFFICIAL NWS OBS.	 	 	 	 	 	 	 	 	10/4/2002	400	 	 	 	 			53
5319608	WARREN (ZONE)	 	10/3/2002	1000	Hurricane (Typhoon)	 	 	0	0	71430	0	MS	CST	 	1144329	Z	47	JAN	0	0	OFFICIAL NWS OBS.	 	 	 	 	 	 	 	 	10/4/2002	400	 	 	 	 			54
5319607	SMITH (ZONE)	 	10/3/2002	1000	Hurricane (Typhoon)	 	 	0	0	71430	0	MS	CST	 	1144329	Z	56	JAN	0	0	OFFICIAL NWS OBS.	 	 	 	 	 	 	 	 	10/4/2002	400	 	 	 	 			55
5319606	SCOTT (ZONE)	 	10/3/2002	1000	Hurricane (Typhoon)	 	 	0	0	71430	0	MS	CST	 	1144329	Z	50	JAN	0	0	OFFICIAL NWS OBS.	 	 	 	 	 	 	 	 	10/4/2002	400	 	 	 	 			56
5319605	MADISON (ZONE)	 	10/3/2002	1000	Hurricane (Typhoon)	 	 	0	0	71430	0	MS	CST	 	1144329	Z	43	JAN	0	0	OFFICIAL NWS OBS.	 	 	 	 	 	 	 	 	10/4/2002	400	 	 	 	 			57
5319604	LEFLORE (ZONE)	 	10/3/2002	1000	Hurricane (Typhoon)	 	 	0	0	71430	0	MS	CST	 	1144329	Z	25	JAN	0	0	OFFICIAL NWS OBS.	 	 	 	 	 	 	 	 	10/4/2002	400	 	 	 	 	Hurricane Lili made landfall along the South-Central Louisiana coast during the morning hours of October third as a category 2 system.  Lili tracked north and slightly east through Louisiana during the day on the third, weakening by evening to a tropical depression near Monroe, Louisiana.  The center of the decaying system eventually migrated across the Mississippi Delta through overnight.  Thunderstorm bands, strong winds, and associated tornadoes created damage across central Mississippi from midday on the third through the early morning hours on the fourth.  One band of thunderstorms produced 5 weak tornadoes across Smith and Scott counties on the afternoon of the third.  Most of the damage in central Mississippi was in form of (or caused by) downed trees.  The highest actual wind gust measured through the entire event was 56 miles per hour.  However, ground over most of the area was saturated from the combined rainfall of Lili and Isidore (which affected the same areas a week earlier) and this situation allowed tropical storm force winds to easily push down trees area-wide.  Rainfall amounts were over 3 inches underneath the most persistent rainbands but only a few instances of street flooding occurred in Bolivar and Clarke counties.  Estimated damage across central Mississippi from Lili was $500,000.		58
5319603	LEAKE (ZONE)	 	10/3/2002	1000	Hurricane (Typhoon)	 	 	0	0	0	0	MS	CST	 	1144329	Z	44	JAN	0	0	OFFICIAL NWS OBS.	 	 	 	 	 	 	 	 	10/4/2002	400	 	 	 	 			59
5319602	JASPER (ZONE)	 	10/3/2002	1000	Hurricane (Typhoon)	 	 	0	0	0	0	MS	CST	 	1144329	Z	57	JAN	0	0	OFFICIAL NWS OBS.	 	 	 	 	 	 	 	 	10/4/2002	400	 	 	 	 			60
5319601	HINDS (ZONE)	 	10/3/2002	1000	Hurricane (Typhoon)	 	 	0	0	0	0	MS	CST	 	1144329	Z	48	JAN	0	0	OFFICIAL NWS OBS.	 	 	 	 	 	 	 	 	10/4/2002	400	 	 	 	 			61
5319600	COVINGTON (ZONE)	 	10/3/2002	1000	Hurricane (Typhoon)	 	 	0	0	0	0	MS	CST	 	1144329	Z	65	JAN	0	0	OFFICIAL NWS OBS.	 	 	 	 	 	 	 	 	10/4/2002	400	 	 	 	 			62
5321102	CARROLL (ZONE)	 	10/3/2002	1000	Hurricane (Typhoon)	 	 	0	0	0	0	MS	CST	 	1144329	Z	27	JAN	0	0	OFFICIAL NWS OBS.	 	 	 	 	 	 	 	 	10/4/2002	400	 	 	 	 			63
5321101	ATTALA (ZONE)	 	10/3/2002	1000	Hurricane (Typhoon)	 	 	0	0	0	0	MS	CST	 	1144329	Z	37	JAN	0	0	OFFICIAL NWS OBS.	 	 	 	 	 	 	 	 	10/4/2002	400	 	 	 	 			64
5321100	ADAMS (ZONE)	 	10/3/2002	1000	Hurricane (Typhoon)	 	 	0	0	0	0	MS	CST	 	1144329	Z	60	JAN	0	0	OFFICIAL NWS OBS.	 	 	 	 	 	 	 	 	10/4/2002	400	 	 	 	 			65
5320981	MOREHOUSE (ZONE)	 	10/3/2002	1000	Hurricane (Typhoon)	 	 	0	0	500000	0	LA	CST	 	1144328	Z	7	JAN	0	0	OFFICIAL NWS OBS.	 	 	 	 	 	 	 	 	10/4/2002	400	 	 	 	 	"Hurricane Lili made landfall along the South-Central Louisiana coast during the morning hours of October 
third as a category 2 storm.  Lili tracked north and slightly east through Louisiana during the day on the third, weakening by evening to a tropical depression near Monroe, Louisiana.  The dying system eventually tracked across the Mississippi Delta in the subsequent overnight hours.  Thunderstorm bands, strong winds, and associated tornadoes created damage across northeastern Louisiana during the afternoon and evening hours on the third.  Most of the damage in northeastern Louisiana was in the form of (or caused by) downed trees.  Wind gusts in this area of Louisiana remained below hurricane strength.  However, saturated ground conditions from the combined rainfall of Lili and Isidore (which moved over the same area a week earlier) allowed winds to push down numerous trees.  One such tree in Morehouse Parish fell upon a house, causing considerable damage.  Rainfall amounts from this event were over 3 inches in many areas although no major instances of flooding occurred.  Estimated damage for the storm was $500,000."		66
5324056	GUAM (ZONE)	 	12/8/2002	800	Hurricane (Typhoon)	 	 	1	300	125000000	0	XX	SST	 	1146599	Z	6	GUA	0	0	OFFICIAL NWS OBS.	 	 	 	 	 	 	 	 	12/9/2002	100	 	 	 	 		"A circulation became Tropical Depression 31W early on the morning of the 3rd. It was about 70 miles north-northeast of Kosrae. It quickly became Tropical Storm Pongsona later that morning. On the evening of the 5th it became Typhoon Pongsona, it was150 miles east-northeast of Chuuk.  

Typhoon Pongsona's eye crossed the northern end of Guam on the 8th. Much of the island had to endure 
a long period in the storm's eye wall since the storm was moving slow, about 10 miles per hour .

Maximum sustained wind at the National Weather Service Office was 105 mph from the West at 1826 on the 8th. highest reported gust was 115 mph from the North at 1508. Wind may have been stronger, but unrecorded since tower which sensor was on blew down.

At Andersen Air Force Base the estimated maximum sustained wind was 115 mph from the
North at 1459. The highest reported gust was 150 mph from the north 1459. 

Lowest Pressure was 937.2 Mb at 1900L from Andersen AFB. 

24 hour rainfall at the National Weather Service Office in Guam ending at midnight on the 9th was 19.67 inches.

Storm surge on Guam...near 20 feet at some locations. 9 to 13 feet on many northeastern, northern and northwestern locations near the eye wall. Considerable surge flooding from Tumon Bay southward to Piti on the west coast. Some buildings on the west coast had standing water up to four feet. 

Beach erosion on Guam...Considerable at western clockwise through northeastern locations. Sea wall heavily damaged at the Paseo Park in Hagatna and at western coastal locations along Marine Drive.

Flooding on Guam...minor at some low lying locations. Central Rivers ran very high with record streamflows at the Pago River (East side) and Asan River (West side).

There was extensive flooding in several villages. Major damage throughout the norther two-thirds of Guam

Hospital

Winds from the typhoon collapsed the walls at Guam Memorial Hospital. The medical telemetry unit, pediatrics, the Intensive Care Unit and the Respiratory Unit were shut down because of the collapse of the wall. No injuries were sustained at the hospital. 

300 people were brought to the hospital for storm related injuries.

One death was related to the typhoon. An elderly woman was cut badly during the peak of the storm and apparently went into cardiac arrest. 71 years old. 


Hotels

Several people reportedly were injured at the Outrigger Guam Resort, near the upper-level floors where travel agent offices are located. The metal security gate that separated the hotel from the entertainment and restaurant complex next door fell during the early part of the storm, causing injuries, and windows at the travel agencies blew in, cutting people with glass. A doctor was found in the hotel to treat the injured. The ceiling in the bridge between the Outrigger and Sam Choy's Restaurant partially collapsed. Several rooms were flooded, the outside walls of two rooms on the eighth and ninth floors were ripped out by the storm. 

The Guam Marriot Resort had damage to the lobby and two restaurants . 

The Hilton Hotel in Tumon suffered millions in damage as many rooms were flooded, walls cracked and the executive lounge in the Magalahi Tower was wrecked as strong typhoon winds destroyed the typhoon-proof windows. 


Tank Farm Fire

Fire at Mobil tank farm at the commercial port at Cabras Island. 

It is believed that static electricity inside on of the tanks may have been the cause of the fire. During the height of the storm a tank of unleaded gasoline caught fire. Static electricity may have occurred inside the tank due to friction caused by extremly high winds rushing through the ventilation system. The tank that first caught fire contained less than 15 percent of its total capacity of unleaded gasoline when the fire erupted. The explosion sent the tank's lid airborne, and it landed more than six hundred feet northeast of the tank.

By the 9th the fire had already destroyed two other nearby tanks. A third tank had ignited by the heat of the other fires. A fourth by the 10th. One was a jet fuel tank, one gasoline and a third diesel.

The fire was extremely hot, the tanks were close together and low water pressure hampered firefighting efforts. 


The fire was finally put out on the 13th around 1600. 

Churches

The Santa Teresita Catholic Church in Mangilao sustained extensive damage. The wind ripped apart a chunk of tin sheets from metal beams and blew in a huge glass windows. 

The roof blew off St. Jude's Church in Sinajana. the roof of the Ordot-Chalan Pago chuch also blew away. 



Airport

Damage to navigation equipment. 65 percent of the metal security fence surround the airport was pushed over by the typhoon force winds. 

A Continental Airline hanger at Guam's International Airport had its roof damaged.

Storm Damage on Guam was estimated at $73 million.  

Utilities and Roads

$52 million worth of damage to the power system with $47 million worth occurring to power poles, lines and transformers. The agency needed to replace to 715 concrete poles and 513 transformers.

Pavement on bridges over the Asalonso and Pauliloc rivers in Inarajan looked as if it were scraped off the road. Motorist familiar with the area said the rivers overflowed and caused the pavement to be ripped off sections of those roads. 

Sand and gravel from the beach washed onto Marine Drive in East Hagatna.

Schools

Two walls at Vincent Benavente Middle School were damaged. The second floor of Father Duenas Memorial School's main building were damaged. Much of the roof was torn from metal beams. Rain pouring in the after the roof was gone flooded parts of the interior of the school. 

Rain water from the typhoon drenched carpeting, blew out air conditioning units and shattered windows at Evangelical Christian Academy in Chalan Pago.

Harvest Christian Academy suffered extensive damage.


1751 destroyed
2048 major damage
4692 minor

400 homes in Yigo destroyed alone.

Tamuning gym suffered major damage.Paseo Stadium sustained considerable damage. Lighting system was totally destroyed.


72 of 110 water wells were inoperable. All wells were on generator with only some generators able to work. The generators are only supposed to be used temporarily.


Typhoon force winds at Alupang Sunset Gardens pushed cars around in the parking lot. People said they were stacked over each other like a fallen stack of dominoes. 

Typhoon force winds blew the awning off the outdoor visitation area at the island's prison in Mangilao. About 150 inmates were moved from the dome to the indoor visitation site. 

On the 8th 2271 people were in shelters on Guam on the 8th. This increased to 3467 people on the 9th after people discovered that there homes were uninhabitable. People still in the shelters as of Dec 16. People began to leave the shelters  on Dec 27 as tents were handed out

Agriculture

Major damage to crops on Rota and Tinian, two island -wide power outages on Tinian and damage at Rota's East Harbor. Scattered power outages were reported in Saipan.

ROTA
150 people sought shelter in Rota.  200 families became homeless. Damage estimated at 30 to 50 million dollars. 114 houses destroyed, 154 with major damage with another 306 with minor damage.

10 minor injuries

Storm surge on Rota...22 feet at Songsong Village on the east coast of the southwest peninsula. Surge crossed about four-fifths of the peninsula.

Beach erosion on Rota...fuel pier and loading pipeline destroyed.  

On Rota an automated wind sensor reported the maximum sustained wind to be 78 mph with gust to 85 mph  from the east at 1846.


Saipan

549 people sought shelter in Saipan.

Six minor injuries were reported. 

$50,000 damage to power system and $56,0000 for water system

2 houses destroyed, 7 with major damage with another 8 with minor damage.

On Saipan the maximum sustained wind was 44 mph and highest gust was 56 mph both from the east and both occurring at 2129.

Tinian 

Had one power pole broken plus other related items. Cost to fix everything $9000
2 houses destroyed, 7 with major damage with another 8 with minor damage."	67
5324059	NORTHERN MARIANAS (ZONE)	 	12/8/2002	800	Hurricane (Typhoon)	 	 	0	0	0	0	XX	SST	 	1146599	Z	5	GUA	0	0	OFFICIAL NWS OBS.	 	 	 	 	 	 	 	 	12/9/2002	100	 	 	 	 		"A circulation became Tropical Depression 31W early on the morning of the 3rd. It was about 70 miles north-northeast of Kosrae. It quickly became Tropical Storm Pongsona later that morning. On the evening of the 5th it became Typhoon Pongsona, it was150 miles east-northeast of Chuuk.  

Typhoon Pongsona's eye crossed the northern end of Guam on the 8th. Much of the island had to endure 
a long period in the storm's eye wall since the storm was moving slow, about 10 miles per hour .

Maximum sustained wind at the National Weather Service Office was 105 mph from the West at 1826 on the 8th. highest reported gust was 115 mph from the North at 1508. Wind may have been stronger, but unrecorded since tower which sensor was on blew down.

At Andersen Air Force Base the estimated maximum sustained wind was 115 mph from the
North at 1459. The highest reported gust was 150 mph from the north 1459. 

Lowest Pressure was 937.2 Mb at 1900L from Andersen AFB. 

24 hour rainfall at the National Weather Service Office in Guam ending at midnight on the 9th was 19.67 inches.

Storm surge on Guam...near 20 feet at some locations. 9 to 13 feet on many northeastern, northern and northwestern locations near the eye wall. Considerable surge flooding from Tumon Bay southward to Piti on the west coast. Some buildings on the west coast had standing water up to four feet. 

Beach erosion on Guam...Considerable at western clockwise through northeastern locations. Sea wall heavily damaged at the Paseo Park in Hagatna and at western coastal locations along Marine Drive.

Flooding on Guam...minor at some low lying locations. Central Rivers ran very high with record streamflows at the Pago River (East side) and Asan River (West side).

There was extensive flooding in several villages. Major damage throughout the norther two-thirds of Guam

Hospital

Winds from the typhoon collapsed the walls at Guam Memorial Hospital. The medical telemetry unit, pediatrics, the Intensive Care Unit and the Respiratory Unit were shut down because of the collapse of the wall. No injuries were sustained at the hospital. 

300 people were brought to the hospital for storm related injuries.

One death was related to the typhoon. An elderly woman was cut badly during the peak of the storm and apparently went into cardiac arrest. 71 years old. 


Hotels

Several people reportedly were injured at the Outrigger Guam Resort, near the upper-level floors where travel agent offices are located. The metal security gate that separated the hotel from the entertainment and restaurant complex next door fell during the early part of the storm, causing injuries, and windows at the travel agencies blew in, cutting people with glass. A doctor was found in the hotel to treat the injured. The ceiling in the bridge between the Outrigger and Sam Choy's Restaurant partially collapsed. Several rooms were flooded, the outside walls of two rooms on the eighth and ninth floors were ripped out by the storm. 

The Guam Marriot Resort had damage to the lobby and two restaurants . 

The Hilton Hotel in Tumon suffered millions in damage as many rooms were flooded, walls cracked and the executive lounge in the Magalahi Tower was wrecked as strong typhoon winds destroyed the typhoon-proof windows. 


Tank Farm Fire

Fire at Mobil tank farm at the commercial port at Cabras Island. 

It is believed that static electricity inside on of the tanks may have been the cause of the fire. During the height of the storm a tank of unleaded gasoline caught fire. Static electricity may have occurred inside the tank due to friction caused by extremly high winds rushing through the ventilation system. The tank that first caught fire contained less than 15 percent of its total capacity of unleaded gasoline when the fire erupted. The explosion sent the tank's lid airborne, and it landed more than six hundred feet northeast of the tank.

By the 9th the fire had already destroyed two other nearby tanks. A third tank had ignited by the heat of the other fires. A fourth by the 10th. One was a jet fuel tank, one gasoline and a third diesel.

The fire was extremely hot, the tanks were close together and low water pressure hampered firefighting efforts. 


The fire was finally put out on the 13th around 1600. 

Churches

The Santa Teresita Catholic Church in Mangilao sustained extensive damage. The wind ripped apart a chunk of tin sheets from metal beams and blew in a huge glass windows. 

The roof blew off St. Jude's Church in Sinajana. the roof of the Ordot-Chalan Pago chuch also blew away. 



Airport

Damage to navigation equipment. 65 percent of the metal security fence surround the airport was pushed over by the typhoon force winds. 

A Continental Airline hanger at Guam's International Airport had its roof damaged.

Storm Damage on Guam was estimated at $73 million.  

Utilities and Roads

$52 million worth of damage to the power system with $47 million worth occurring to power poles, lines and transformers. The agency needed to replace to 715 concrete poles and 513 transformers.

Pavement on bridges over the Asalonso and Pauliloc rivers in Inarajan looked as if it were scraped off the road. Motorist familiar with the area said the rivers overflowed and caused the pavement to be ripped off sections of those roads. 

Sand and gravel from the beach washed onto Marine Drive in East Hagatna.

Schools

Two walls at Vincent Benavente Middle School were damaged. The second floor of Father Duenas Memorial School's main building were damaged. Much of the roof was torn from metal beams. Rain pouring in the after the roof was gone flooded parts of the interior of the school. 

Rain water from the typhoon drenched carpeting, blew out air conditioning units and shattered windows at Evangelical Christian Academy in Chalan Pago.

Harvest Christian Academy suffered extensive damage.


1751 destroyed
2048 major damage
4692 minor

400 homes in Yigo destroyed alone.

Tamuning gym suffered major damage.Paseo Stadium sustained considerable damage. Lighting system was totally destroyed.


72 of 110 water wells were inoperable. All wells were on generator with only some generators able to work. The generators are only supposed to be used temporarily.


Typhoon force winds at Alupang Sunset Gardens pushed cars around in the parking lot. People said they were stacked over each other like a fallen stack of dominoes. 

Typhoon force winds blew the awning off the outdoor visitation area at the island's prison in Mangilao. About 150 inmates were moved from the dome to the indoor visitation site. 

On the 8th 2271 people were in shelters on Guam on the 8th. This increased to 3467 people on the 9th after people discovered that there homes were uninhabitable. People still in the shelters as of Dec 16. People began to leave the shelters  on Dec 27 as tents were handed out

Agriculture

Major damage to crops on Rota and Tinian, two island -wide power outages on Tinian and damage at Rota's East Harbor. Scattered power outages were reported in Saipan.

ROTA
150 people sought shelter in Rota.  200 families became homeless. Damage estimated at 30 to 50 million dollars. 114 houses destroyed, 154 with major damage with another 306 with minor damage.

10 minor injuries

Storm surge on Rota...22 feet at Songsong Village on the east coast of the southwest peninsula. Surge crossed about four-fifths of the peninsula.

Beach erosion on Rota...fuel pier and loading pipeline destroyed.  

On Rota an automated wind sensor reported the maximum sustained wind to be 78 mph with gust to 85 mph  from the east at 1846.


Saipan

549 people sought shelter in Saipan.

Six minor injuries were reported. 

$50,000 damage to power system and $56,0000 for water system

2 houses destroyed, 7 with major damage with another 8 with minor damage.

On Saipan the maximum sustained wind was 44 mph and highest gust was 56 mph both from the east and both occurring at 2129.

Tinian 

Had one power pole broken plus other related items. Cost to fix everything $9000
2 houses destroyed, 7 with major damage with another 8 with minor damage."	68
5324058	SAIPAN (ZONE)	 	12/8/2002	800	Hurricane (Typhoon)	 	 	0	6	0	0	XX	SST	 	1146599	Z	7	GUA	0	0	OFFICIAL NWS OBS.	 	 	 	 	 	 	 	 	12/9/2002	100	 	 	 	 		"A circulation became Tropical Depression 31W early on the morning of the 3rd. It was about 70 miles north-northeast of Kosrae. It quickly became Tropical Storm Pongsona later that morning. On the evening of the 5th it became Typhoon Pongsona, it was150 miles east-northeast of Chuuk.  

Typhoon Pongsona's eye crossed the northern end of Guam on the 8th. Much of the island had to endure 
a long period in the storm's eye wall since the storm was moving slow, about 10 miles per hour .

Maximum sustained wind at the National Weather Service Office was 105 mph from the West at 1826 on the 8th. highest reported gust was 115 mph from the North at 1508. Wind may have been stronger, but unrecorded since tower which sensor was on blew down.

At Andersen Air Force Base the estimated maximum sustained wind was 115 mph from the
North at 1459. The highest reported gust was 150 mph from the north 1459. 

Lowest Pressure was 937.2 Mb at 1900L from Andersen AFB. 

24 hour rainfall at the National Weather Service Office in Guam ending at midnight on the 9th was 19.67 inches.

Storm surge on Guam...near 20 feet at some locations. 9 to 13 feet on many northeastern, northern and northwestern locations near the eye wall. Considerable surge flooding from Tumon Bay southward to Piti on the west coast. Some buildings on the west coast had standing water up to four feet. 

Beach erosion on Guam...Considerable at western clockwise through northeastern locations. Sea wall heavily damaged at the Paseo Park in Hagatna and at western coastal locations along Marine Drive.

Flooding on Guam...minor at some low lying locations. Central Rivers ran very high with record streamflows at the Pago River (East side) and Asan River (West side).

There was extensive flooding in several villages. Major damage throughout the norther two-thirds of Guam

Hospital

Winds from the typhoon collapsed the walls at Guam Memorial Hospital. The medical telemetry unit, pediatrics, the Intensive Care Unit and the Respiratory Unit were shut down because of the collapse of the wall. No injuries were sustained at the hospital. 

300 people were brought to the hospital for storm related injuries.

One death was related to the typhoon. An elderly woman was cut badly during the peak of the storm and apparently went into cardiac arrest. 71 years old. 


Hotels

Several people reportedly were injured at the Outrigger Guam Resort, near the upper-level floors where travel agent offices are located. The metal security gate that separated the hotel from the entertainment and restaurant complex next door fell during the early part of the storm, causing injuries, and windows at the travel agencies blew in, cutting people with glass. A doctor was found in the hotel to treat the injured. The ceiling in the bridge between the Outrigger and Sam Choy's Restaurant partially collapsed. Several rooms were flooded, the outside walls of two rooms on the eighth and ninth floors were ripped out by the storm. 

The Guam Marriot Resort had damage to the lobby and two restaurants . 

The Hilton Hotel in Tumon suffered millions in damage as many rooms were flooded, walls cracked and the executive lounge in the Magalahi Tower was wrecked as strong typhoon winds destroyed the typhoon-proof windows. 


Tank Farm Fire

Fire at Mobil tank farm at the commercial port at Cabras Island. 

It is believed that static electricity inside on of the tanks may have been the cause of the fire. During the height of the storm a tank of unleaded gasoline caught fire. Static electricity may have occurred inside the tank due to friction caused by extremly high winds rushing through the ventilation system. The tank that first caught fire contained less than 15 percent of its total capacity of unleaded gasoline when the fire erupted. The explosion sent the tank's lid airborne, and it landed more than six hundred feet northeast of the tank.

By the 9th the fire had already destroyed two other nearby tanks. A third tank had ignited by the heat of the other fires. A fourth by the 10th. One was a jet fuel tank, one gasoline and a third diesel.

The fire was extremely hot, the tanks were close together and low water pressure hampered firefighting efforts. 


The fire was finally put out on the 13th around 1600. 

Churches

The Santa Teresita Catholic Church in Mangilao sustained extensive damage. The wind ripped apart a chunk of tin sheets from metal beams and blew in a huge glass windows. 

The roof blew off St. Jude's Church in Sinajana. the roof of the Ordot-Chalan Pago chuch also blew away. 



Airport

Damage to navigation equipment. 65 percent of the metal security fence surround the airport was pushed over by the typhoon force winds. 

A Continental Airline hanger at Guam's International Airport had its roof damaged.

Storm Damage on Guam was estimated at $73 million.  

Utilities and Roads

$52 million worth of damage to the power system with $47 million worth occurring to power poles, lines and transformers. The agency needed to replace to 715 concrete poles and 513 transformers.

Pavement on bridges over the Asalonso and Pauliloc rivers in Inarajan looked as if it were scraped off the road. Motorist familiar with the area said the rivers overflowed and caused the pavement to be ripped off sections of those roads. 

Sand and gravel from the beach washed onto Marine Drive in East Hagatna.

Schools

Two walls at Vincent Benavente Middle School were damaged. The second floor of Father Duenas Memorial School's main building were damaged. Much of the roof was torn from metal beams. Rain pouring in the after the roof was gone flooded parts of the interior of the school. 

Rain water from the typhoon drenched carpeting, blew out air conditioning units and shattered windows at Evangelical Christian Academy in Chalan Pago.

Harvest Christian Academy suffered extensive damage.


1751 destroyed
2048 major damage
4692 minor

400 homes in Yigo destroyed alone.

Tamuning gym suffered major damage.Paseo Stadium sustained considerable damage. Lighting system was totally destroyed.


72 of 110 water wells were inoperable. All wells were on generator with only some generators able to work. The generators are only supposed to be used temporarily.


Typhoon force winds at Alupang Sunset Gardens pushed cars around in the parking lot. People said they were stacked over each other like a fallen stack of dominoes. 

Typhoon force winds blew the awning off the outdoor visitation area at the island's prison in Mangilao. About 150 inmates were moved from the dome to the indoor visitation site. 

On the 8th 2271 people were in shelters on Guam on the 8th. This increased to 3467 people on the 9th after people discovered that there homes were uninhabitable. People still in the shelters as of Dec 16. People began to leave the shelters  on Dec 27 as tents were handed out

Agriculture

Major damage to crops on Rota and Tinian, two island -wide power outages on Tinian and damage at Rota's East Harbor. Scattered power outages were reported in Saipan.

ROTA
150 people sought shelter in Rota.  200 families became homeless. Damage estimated at 30 to 50 million dollars. 114 houses destroyed, 154 with major damage with another 306 with minor damage.

10 minor injuries

Storm surge on Rota...22 feet at Songsong Village on the east coast of the southwest peninsula. Surge crossed about four-fifths of the peninsula.

Beach erosion on Rota...fuel pier and loading pipeline destroyed.  

On Rota an automated wind sensor reported the maximum sustained wind to be 78 mph with gust to 85 mph  from the east at 1846.


Saipan

549 people sought shelter in Saipan.

Six minor injuries were reported. 

$50,000 damage to power system and $56,0000 for water system

2 houses destroyed, 7 with major damage with another 8 with minor damage.

On Saipan the maximum sustained wind was 44 mph and highest gust was 56 mph both from the east and both occurring at 2129.

Tinian 

Had one power pole broken plus other related items. Cost to fix everything $9000
2 houses destroyed, 7 with major damage with another 8 with minor damage."	69
5324057	ROTA (ZONE)	 	12/8/2002	800	Hurricane (Typhoon)	 	 	0	10	50000000	0	XX	SST	 	1146599	Z	8	GUA	0	0	OFFICIAL NWS OBS.	 	 	 	 	 	 	 	 	12/9/2002	100	 	 	 	 		"A circulation became Tropical Depression 31W early on the morning of the 3rd. It was about 70 miles north-northeast of Kosrae. It quickly became Tropical Storm Pongsona later that morning. On the evening of the 5th it became Typhoon Pongsona, it was150 miles east-northeast of Chuuk.  

Typhoon Pongsona's eye crossed the northern end of Guam on the 8th. Much of the island had to endure 
a long period in the storm's eye wall since the storm was moving slow, about 10 miles per hour .

Maximum sustained wind at the National Weather Service Office was 105 mph from the West at 1826 on the 8th. highest reported gust was 115 mph from the North at 1508. Wind may have been stronger, but unrecorded since tower which sensor was on blew down.

At Andersen Air Force Base the estimated maximum sustained wind was 115 mph from the
North at 1459. The highest reported gust was 150 mph from the north 1459. 

Lowest Pressure was 937.2 Mb at 1900L from Andersen AFB. 

24 hour rainfall at the National Weather Service Office in Guam ending at midnight on the 9th was 19.67 inches.

Storm surge on Guam...near 20 feet at some locations. 9 to 13 feet on many northeastern, northern and northwestern locations near the eye wall. Considerable surge flooding from Tumon Bay southward to Piti on the west coast. Some buildings on the west coast had standing water up to four feet. 

Beach erosion on Guam...Considerable at western clockwise through northeastern locations. Sea wall heavily damaged at the Paseo Park in Hagatna and at western coastal locations along Marine Drive.

Flooding on Guam...minor at some low lying locations. Central Rivers ran very high with record streamflows at the Pago River (East side) and Asan River (West side).

There was extensive flooding in several villages. Major damage throughout the norther two-thirds of Guam

Hospital

Winds from the typhoon collapsed the walls at Guam Memorial Hospital. The medical telemetry unit, pediatrics, the Intensive Care Unit and the Respiratory Unit were shut down because of the collapse of the wall. No injuries were sustained at the hospital. 

300 people were brought to the hospital for storm related injuries.

One death was related to the typhoon. An elderly woman was cut badly during the peak of the storm and apparently went into cardiac arrest. 71 years old. 


Hotels

Several people reportedly were injured at the Outrigger Guam Resort, near the upper-level floors where travel agent offices are located. The metal security gate that separated the hotel from the entertainment and restaurant complex next door fell during the early part of the storm, causing injuries, and windows at the travel agencies blew in, cutting people with glass. A doctor was found in the hotel to treat the injured. The ceiling in the bridge between the Outrigger and Sam Choy's Restaurant partially collapsed. Several rooms were flooded, the outside walls of two rooms on the eighth and ninth floors were ripped out by the storm. 

The Guam Marriot Resort had damage to the lobby and two restaurants . 

The Hilton Hotel in Tumon suffered millions in damage as many rooms were flooded, walls cracked and the executive lounge in the Magalahi Tower was wrecked as strong typhoon winds destroyed the typhoon-proof windows. 


Tank Farm Fire

Fire at Mobil tank farm at the commercial port at Cabras Island. 

It is believed that static electricity inside on of the tanks may have been the cause of the fire. During the height of the storm a tank of unleaded gasoline caught fire. Static electricity may have occurred inside the tank due to friction caused by extremly high winds rushing through the ventilation system. The tank that first caught fire contained less than 15 percent of its total capacity of unleaded gasoline when the fire erupted. The explosion sent the tank's lid airborne, and it landed more than six hundred feet northeast of the tank.

By the 9th the fire had already destroyed two other nearby tanks. A third tank had ignited by the heat of the other fires. A fourth by the 10th. One was a jet fuel tank, one gasoline and a third diesel.

The fire was extremely hot, the tanks were close together and low water pressure hampered firefighting efforts. 


The fire was finally put out on the 13th around 1600. 

Churches

The Santa Teresita Catholic Church in Mangilao sustained extensive damage. The wind ripped apart a chunk of tin sheets from metal beams and blew in a huge glass windows. 

The roof blew off St. Jude's Church in Sinajana. the roof of the Ordot-Chalan Pago chuch also blew away. 



Airport

Damage to navigation equipment. 65 percent of the metal security fence surround the airport was pushed over by the typhoon force winds. 

A Continental Airline hanger at Guam's International Airport had its roof damaged.

Storm Damage on Guam was estimated at $73 million.  

Utilities and Roads

$52 million worth of damage to the power system with $47 million worth occurring to power poles, lines and transformers. The agency needed to replace to 715 concrete poles and 513 transformers.

Pavement on bridges over the Asalonso and Pauliloc rivers in Inarajan looked as if it were scraped off the road. Motorist familiar with the area said the rivers overflowed and caused the pavement to be ripped off sections of those roads. 

Sand and gravel from the beach washed onto Marine Drive in East Hagatna.

Schools

Two walls at Vincent Benavente Middle School were damaged. The second floor of Father Duenas Memorial School's main building were damaged. Much of the roof was torn from metal beams. Rain pouring in the after the roof was gone flooded parts of the interior of the school. 

Rain water from the typhoon drenched carpeting, blew out air conditioning units and shattered windows at Evangelical Christian Academy in Chalan Pago.

Harvest Christian Academy suffered extensive damage.


1751 destroyed
2048 major damage
4692 minor

400 homes in Yigo destroyed alone.

Tamuning gym suffered major damage.Paseo Stadium sustained considerable damage. Lighting system was totally destroyed.


72 of 110 water wells were inoperable. All wells were on generator with only some generators able to work. The generators are only supposed to be used temporarily.


Typhoon force winds at Alupang Sunset Gardens pushed cars around in the parking lot. People said they were stacked over each other like a fallen stack of dominoes. 

Typhoon force winds blew the awning off the outdoor visitation area at the island's prison in Mangilao. About 150 inmates were moved from the dome to the indoor visitation site. 

On the 8th 2271 people were in shelters on Guam on the 8th. This increased to 3467 people on the 9th after people discovered that there homes were uninhabitable. People still in the shelters as of Dec 16. People began to leave the shelters  on Dec 27 as tents were handed out

Agriculture

Major damage to crops on Rota and Tinian, two island -wide power outages on Tinian and damage at Rota's East Harbor. Scattered power outages were reported in Saipan.

ROTA
150 people sought shelter in Rota.  200 families became homeless. Damage estimated at 30 to 50 million dollars. 114 houses destroyed, 154 with major damage with another 306 with minor damage.

10 minor injuries

Storm surge on Rota...22 feet at Songsong Village on the east coast of the southwest peninsula. Surge crossed about four-fifths of the peninsula.

Beach erosion on Rota...fuel pier and loading pipeline destroyed.  

On Rota an automated wind sensor reported the maximum sustained wind to be 78 mph with gust to 85 mph  from the east at 1846.


Saipan

549 people sought shelter in Saipan.

Six minor injuries were reported. 

$50,000 damage to power system and $56,0000 for water system

2 houses destroyed, 7 with major damage with another 8 with minor damage.

On Saipan the maximum sustained wind was 44 mph and highest gust was 56 mph both from the east and both occurring at 2129.

Tinian 

Had one power pole broken plus other related items. Cost to fix everything $9000
2 houses destroyed, 7 with major damage with another 8 with minor damage."	70
5373831	BRAZORIA (ZONE)	 	7/14/2003	1800	Hurricane (Typhoon)	 	 	0	0	1270000	0	TX	CST	 	1157637	Z	237	HGX	0	0	NWS STORM SURVEY	 	 	 	 	 	 	 	 	7/16/2003	1200	 	 	 	 	"Hurricane Claudette made landfall along the middle Texas coast at Port O'Connor around 10:30 AM CDT on Tuesday, July 15, 2003. Claudette was the first hurricane to strike the Port O'Connor and Matagorda Bay area since Hurricane Fern on September 10, 1971. Historical records dating back to 1851 indicate Claudette is the first July hurricane to make landfall in this area. 

Claudette developed from a tropical wave over the central Caribbean Sea on July 8th. The storm moved westward until July 10th, when it turned northwestward over the northwestern Caribbean Sea. This motion brought the center over the northeastern Yucatan peninsula of Mexico on July 11th. Claudette briefly became a hurricane on July 10th and was a 60 mph tropical storm at landfall in Yucatan. Claudette moved northwestward into the Gulf of Mexico on July 12th, then meandered over the central Gulf of Mexico on July 13th. A general north-northwestward motion followed on July 14th and Claudette slowly intensified during this time. Claudette reached hurricane strength on July 15th as it turned west-northwestward. This motion brought the center to the Texas coast at Port O'Connor that morning as a 90 mph Category 1 hurricane on the Saffir-Simpson Hurricane Scale. Claudette turned westward after landfall, moving across portions of southern Texas and northern Mexico. The cyclone turned west-northwestward across northwestern Mexico and the Texas Big Bend area before dissipating on July 17th. 

Damage was observed across most Southeastern Texas coastal counties. Major beach erosion was observed from High Island to Freeport. Large geo-tubes on Galveston Island and the Bolivar Peninsula did significantly reduce erosion. Coastal roads along the west end of Galveston Bay were under water due to tidal flooding. Further south in Matagorda County, major beach erosion was observed in the Sargent area. Tides in the west Matagorda Bay area were minimal. Water was pushed out of Matagorda Bay as Claudette approached and did not have adequate time to generate a large surge once the winds became east and then southeast. 

In Chambers County, lowland flooding was observed on the eastern shore of Galveston Bay within the communities of Smith Point, Oak Island, White Heron Estates, Cedar Point and Beach City. In Harris County, flooding was observed in the low-lying areas along the western shore of Galveston Bay (Seabrook and La Porte).

In Galveston County, 38 single family homes were destroyed, 25 received major damage, and 964 received minor damage. 33 businesses were affected with damage costs of an estimated $970,000. Total damage, including beach erosion, was estimated at $8.3 million. The highest recorded tide level, 7.56 feet above mean low-lower water, occurred around sunrise on the 15th at Pleasure Pier.

In Brazoria County, 2 single family homes were destroyed, 10 received major damage, and 39 received minor damage. 2 businesses were destroyed and 9 received major damage totaling $655,000. Total damage, including beach erosion, was estimated at $1.27 million. The highest recorded tide level, 6.99 feet above mean low-lower water, occurred in Freeport at the Brazos River levee on the morning of the 15th.

In Matagorda County, 85 homes and 75 mobile homes were destroyed. 70 homes and 26 mobile homes received major damage. 105 homes and 117 mobile homes received minor damage. 52 businesses were destroyed or received major damage and 50 businesses received minor damage. One tornado (F1) damaged a couple buildings at the Baptist Youth Camp in Palacios. Total storm damage was estimated at $716,300. The highest recorded tide level occurred at the Colorado River Locks at Matagorda where the tide level reached 8.00 feet above mean low-lower water on the morning of the 15th.

In Jackson County, all damage was wind related. Numerous homes suffered roof damage and numerous trees were down in the southern portion of the county. 4 single family homes were destroyed, 13 suffered major damage and 38 had minor damage. One business received major damage from wind. There were two injuries. Total damage was estimated at $593,860.

The highest reported wind gust was at the South Texas Nuclear Power Plant in Matagorda County where an 86 mph wind gust was recorded at 1000 CDT on July 15th. The highest recorded sustained wind (58 mph) was recorded at East Matagorda Bay (PORTS/TCOONS site) in Matagorda County. 

The greatest 24-hour rainfall total (ending 800 AM CDT on the 15th) was recorded at the Galveston Coast Guard Station where 3.70 inches was observed. The greatest 24-hour rainfall total (ending 800 AM CDT on the 16th) was recorded in Edna where 3.48 inches was observed."	"Hurricane Claudette made landfall along the middle Texas coast at Port O'Connor around 10:30 AM CDT on Tuesday, July 15, 2003. Claudette was the first hurricane to strike the Port O'Connor and Matagorda Bay area since Hurricane Fern on September 10, 1971. Historical records dating back to 1851 indicate Claudette is the first July hurricane to make landfall in this area. 

Claudette developed from a tropical wave over the central Caribbean Sea on July 8th. The storm moved westward until July 10th, when it turned northwestward over the northwestern Caribbean Sea. This motion brought the center over the northeastern Yucatan peninsula of Mexico on July 11th. Claudette briefly became a hurricane on July 10th and was a 60 mph tropical storm at landfall in Yucatan. Claudette moved northwestward into the Gulf of Mexico on July 12th, then meandered over the central Gulf of Mexico on July 13th. A general north-northwestward motion followed on July 14th and Claudette slowly intensified during this time. Claudette reached hurricane strength on July 15th as it turned west-northwestward. This motion brought the center to the Texas coast at Port O'Connor that morning as a 90 mph Category 1 hurricane on the Saffir-Simpson Hurricane Scale. Claudette turned westward after landfall, moving across portions of southern Texas and northern Mexico. The cyclone turned west-northwestward across northwestern Mexico and the Texas Big Bend area before dissipating on July 17th. 

Damage was observed across most Southeastern Texas coastal counties. Major beach erosion was observed from High Island to Freeport. Large geo-tubes on Galveston Island and the Bolivar Peninsula did significantly reduce erosion. Coastal roads along the west end of Galveston Bay were under water due to tidal flooding. Further south in Matagorda County, major beach erosion was observed in the Sargent area. Tides in the west Matagorda Bay area were minimal. Water was pushed out of Matagorda Bay as Claudette approached and did not have adequate time to generate a large surge once the winds became east and then southeast.

In Chambers County, lowland flooding was observed on the eastern shore of Galveston Bay within the communities of Smith Point, Oak Island, White Heron Estates, Cedar Point and Beach City. In Harris County, flooding was observed in the low-lying areas along the western shore of Galveston Bay (Seabrook and La Porte).

In Galveston County, 38 single family homes were destroyed, 25 received major damage, and 964 received minor damage. 33 businesses were affected with damage costs of an estimated $970,000. Total damage, including beach erosion, was estimated at $8.3 million. The highest recorded tide level, 7.56 feet above mean low-lower water, occurred around sunrise on the 15th at Pleasure Pier.

In Brazoria County, 2 single family homes were destroyed, 10 received major damage, and 39 received minor damage. 2 businesses were destroyed and 9 received major damage totaling $655,000. Total damage, including beach erosion, was estimated at $1.27 million. The highest recorded tide level, 6.99 feet above mean low-lower water, occurred in Freeport at the Brazos River levee on the morning of the 15th.

In Matagorda County, 85 homes and 75 mobile homes were destroyed. 70 homes and 26 mobile homes received major damage. 105 homes and 117 mobile homes received minor damage. 52 businesses were destroyed or received major damage and 50 businesses received minor damage. One tornado (F1) damaged a couple buildings at the Baptist Youth Camp in Palacios. Total storm damage was estimated at $716,300. The highest recorded tide level occurred at the Colorado River Locks at Matagorda where the tide level reached 8.00 feet above mean low-lower water on the morning of the 15th.

In Jackson County, all damage was wind related. Numerous homes suffered roof damage and numerous trees were down in the southern portion of the county. 4 single family homes were destroyed, 13 suffered major damage and 38 had minor damage. One business received major damage from wind. There were two injuries. Total damage was estimated at $593,860.

The highest reported wind gust was at the South Texas Nuclear Power Plant in Matagorda County where an 86 mph wind gust was recorded at 1000 CDT on July 15th. The highest recorded sustained wind (58 mph) was recorded at East Matagorda Bay (PORTS/TCOONS site) in Matagorda County. 

The greatest 24-hour rainfall total (ending 800 AM CDT on the 15th) was recorded at the Galveston Coast Guard Station where 3.70 inches was observed. The greatest 24-hour rainfall total (ending 800 AM CDT on the 16th) was recorded in Edna where 3.48 inches was observed."	71
5373829	GALVESTON (ZONE)	 	7/14/2003	1800	Hurricane (Typhoon)	 	 	0	0	8300000	0	TX	CST	 	1157637	Z	238	HGX	0	0	NWS STORM SURVEY	 	 	 	 	 	 	 	 	7/16/2003	1200	 	 	 	 		"Hurricane Claudette made landfall along the middle Texas coast at Port O'Connor around 10:30 AM CDT on Tuesday, July 15, 2003. Claudette was the first hurricane to strike the Port O'Connor and Matagorda Bay area since Hurricane Fern on September 10, 1971. Historical records dating back to 1851 indicate Claudette is the first July hurricane to make landfall in this area. 

Claudette developed from a tropical wave over the central Caribbean Sea on July 8th. The storm moved westward until July 10th, when it turned northwestward over the northwestern Caribbean Sea. This motion brought the center over the northeastern Yucatan peninsula of Mexico on July 11th. Claudette briefly became a hurricane on July 10th and was a 60 mph tropical storm at landfall in Yucatan. Claudette moved northwestward into the Gulf of Mexico on July 12th, then meandered over the central Gulf of Mexico on July 13th. A general north-northwestward motion followed on July 14th and Claudette slowly intensified during this time. Claudette reached hurricane strength on July 15th as it turned west-northwestward. This motion brought the center to the Texas coast at Port O'Connor that morning as a 90 mph Category 1 hurricane on the Saffir-Simpson Hurricane Scale. Claudette turned westward after landfall, moving across portions of southern Texas and northern Mexico. The cyclone turned west-northwestward across northwestern Mexico and the Texas Big Bend area before dissipating on July 17th. 

Damage was observed across most Southeastern Texas coastal counties. Major beach erosion was observed from High Island to Freeport. Large geo-tubes on Galveston Island and the Bolivar Peninsula did significantly reduce erosion. Coastal roads along the west end of Galveston Bay were under water due to tidal flooding. Further south in Matagorda County, major beach erosion was observed in the Sargent area. Tides in the west Matagorda Bay area were minimal. Water was pushed out of Matagorda Bay as Claudette approached and did not have adequate time to generate a large surge once the winds became east and then southeast.

In Chambers County, lowland flooding was observed on the eastern shore of Galveston Bay within the communities of Smith Point, Oak Island, White Heron Estates, Cedar Point and Beach City. In Harris County, flooding was observed in the low-lying areas along the western shore of Galveston Bay (Seabrook and La Porte).

In Galveston County, 38 single family homes were destroyed, 25 received major damage, and 964 received minor damage. 33 businesses were affected with damage costs of an estimated $970,000. Total damage, including beach erosion, was estimated at $8.3 million. The highest recorded tide level, 7.56 feet above mean low-lower water, occurred around sunrise on the 15th at Pleasure Pier.

In Brazoria County, 2 single family homes were destroyed, 10 received major damage, and 39 received minor damage. 2 businesses were destroyed and 9 received major damage totaling $655,000. Total damage, including beach erosion, was estimated at $1.27 million. The highest recorded tide level, 6.99 feet above mean low-lower water, occurred in Freeport at the Brazos River levee on the morning of the 15th.

In Matagorda County, 85 homes and 75 mobile homes were destroyed. 70 homes and 26 mobile homes received major damage. 105 homes and 117 mobile homes received minor damage. 52 businesses were destroyed or received major damage and 50 businesses received minor damage. One tornado (F1) damaged a couple buildings at the Baptist Youth Camp in Palacios. Total storm damage was estimated at $716,300. The highest recorded tide level occurred at the Colorado River Locks at Matagorda where the tide level reached 8.00 feet above mean low-lower water on the morning of the 15th.

In Jackson County, all damage was wind related. Numerous homes suffered roof damage and numerous trees were down in the southern portion of the county. 4 single family homes were destroyed, 13 suffered major damage and 38 had minor damage. One business received major damage from wind. There were two injuries. Total damage was estimated at $593,860.

The highest reported wind gust was at the South Texas Nuclear Power Plant in Matagorda County where an 86 mph wind gust was recorded at 1000 CDT on July 15th. The highest recorded sustained wind (58 mph) was recorded at East Matagorda Bay (PORTS/TCOONS site) in Matagorda County. 

The greatest 24-hour rainfall total (ending 800 AM CDT on the 15th) was recorded at the Galveston Coast Guard Station where 3.70 inches was observed. The greatest 24-hour rainfall total (ending 800 AM CDT on the 16th) was recorded in Edna where 3.48 inches was observed."	72
5373830	CHAMBERS (ZONE)	 	7/14/2003	1800	Hurricane (Typhoon)	 	 	0	0	0	0	TX	CST	 	1157637	Z	214	HGX	0	0	NWS STORM SURVEY	 	 	 	 	 	 	 	 	7/16/2003	1200	 	 	 	 		"Hurricane Claudette made landfall along the middle Texas coast at Port O'Connor around 10:30 AM CDT on Tuesday, July 15, 2003. Claudette was the first hurricane to strike the Port O'Connor and Matagorda Bay area since Hurricane Fern on September 10, 1971. Historical records dating back to 1851 indicate Claudette is the first July hurricane to make landfall in this area. 

Claudette developed from a tropical wave over the central Caribbean Sea on July 8th. The storm moved westward until July 10th, when it turned northwestward over the northwestern Caribbean Sea. This motion brought the center over the northeastern Yucatan peninsula of Mexico on July 11th. Claudette briefly became a hurricane on July 10th and was a 60 mph tropical storm at landfall in Yucatan. Claudette moved northwestward into the Gulf of Mexico on July 12th, then meandered over the central Gulf of Mexico on July 13th. A general north-northwestward motion followed on July 14th and Claudette slowly intensified during this time. Claudette reached hurricane strength on July 15th as it turned west-northwestward. This motion brought the center to the Texas coast at Port O'Connor that morning as a 90 mph Category 1 hurricane on the Saffir-Simpson Hurricane Scale. Claudette turned westward after landfall, moving across portions of southern Texas and northern Mexico. The cyclone turned west-northwestward across northwestern Mexico and the Texas Big Bend area before dissipating on July 17th. 

Damage was observed across most Southeastern Texas coastal counties. Major beach erosion was observed from High Island to Freeport. Large geo-tubes on Galveston Island and the Bolivar Peninsula did significantly reduce erosion. Coastal roads along the west end of Galveston Bay were under water due to tidal flooding. Further south in Matagorda County, major beach erosion was observed in the Sargent area. Tides in the west Matagorda Bay area were minimal. Water was pushed out of Matagorda Bay as Claudette approached and did not have adequate time to generate a large surge once the winds became east and then southeast.

In Chambers County, lowland flooding was observed on the eastern shore of Galveston Bay within the communities of Smith Point, Oak Island, White Heron Estates, Cedar Point and Beach City. In Harris County, flooding was observed in the low-lying areas along the western shore of Galveston Bay (Seabrook and La Porte).

In Galveston County, 38 single family homes were destroyed, 25 received major damage, and 964 received minor damage. 33 businesses were affected with damage costs of an estimated $970,000. Total damage, including beach erosion, was estimated at $8.3 million. The highest recorded tide level, 7.56 feet above mean low-lower water, occurred around sunrise on the 15th at Pleasure Pier.

In Brazoria County, 2 single family homes were destroyed, 10 received major damage, and 39 received minor damage. 2 businesses were destroyed and 9 received major damage totaling $655,000. Total damage, including beach erosion, was estimated at $1.27 million. The highest recorded tide level, 6.99 feet above mean low-lower water, occurred in Freeport at the Brazos River levee on the morning of the 15th.

In Matagorda County, 85 homes and 75 mobile homes were destroyed. 70 homes and 26 mobile homes received major damage. 105 homes and 117 mobile homes received minor damage. 52 businesses were destroyed or received major damage and 50 businesses received minor damage. One tornado (F1) damaged a couple buildings at the Baptist Youth Camp in Palacios. Total storm damage was estimated at $716,300. The highest recorded tide level occurred at the Colorado River Locks at Matagorda where the tide level reached 8.00 feet above mean low-lower water on the morning of the 15th.

In Jackson County, all damage was wind related. Numerous homes suffered roof damage and numerous trees were down in the southern portion of the county. 4 single family homes were destroyed, 13 suffered major damage and 38 had minor damage. One business received major damage from wind. There were two injuries. Total damage was estimated at $593,860.

The highest reported wind gust was at the South Texas Nuclear Power Plant in Matagorda County where an 86 mph wind gust was recorded at 1000 CDT on July 15th. The highest recorded sustained wind (58 mph) was recorded at East Matagorda Bay (PORTS/TCOONS site) in Matagorda County. 

The greatest 24-hour rainfall total (ending 800 AM CDT on the 15th) was recorded at the Galveston Coast Guard Station where 3.70 inches was observed. The greatest 24-hour rainfall total (ending 800 AM CDT on the 16th) was recorded in Edna where 3.48 inches was observed."	73
5373834	MATAGORDA (ZONE)	 	7/14/2003	1800	Hurricane (Typhoon)	 	 	0	0	716300	0	TX	CST	 	1157637	Z	236	HGX	0	0	NWS STORM SURVEY	 	 	 	 	 	 	 	 	7/16/2003	1200	 	 	 	 		"Hurricane Claudette made landfall along the middle Texas coast at Port O'Connor around 10:30 AM CDT on Tuesday, July 15, 2003. Claudette was the first hurricane to strike the Port O'Connor and Matagorda Bay area since Hurricane Fern on September 10, 1971. Historical records dating back to 1851 indicate Claudette is the first July hurricane to make landfall in this area. 

Claudette developed from a tropical wave over the central Caribbean Sea on July 8th. The storm moved westward until July 10th, when it turned northwestward over the northwestern Caribbean Sea. This motion brought the center over the northeastern Yucatan peninsula of Mexico on July 11th. Claudette briefly became a hurricane on July 10th and was a 60 mph tropical storm at landfall in Yucatan. Claudette moved northwestward into the Gulf of Mexico on July 12th, then meandered over the central Gulf of Mexico on July 13th. A general north-northwestward motion followed on July 14th and Claudette slowly intensified during this time. Claudette reached hurricane strength on July 15th as it turned west-northwestward. This motion brought the center to the Texas coast at Port O'Connor that morning as a 90 mph Category 1 hurricane on the Saffir-Simpson Hurricane Scale. Claudette turned westward after landfall, moving across portions of southern Texas and northern Mexico. The cyclone turned west-northwestward across northwestern Mexico and the Texas Big Bend area before dissipating on July 17th. 

Damage was observed across most Southeastern Texas coastal counties. Major beach erosion was observed from High Island to Freeport. Large geo-tubes on Galveston Island and the Bolivar Peninsula did significantly reduce erosion. Coastal roads along the west end of Galveston Bay were under water due to tidal flooding. Further south in Matagorda County, major beach erosion was observed in the Sargent area. Tides in the west Matagorda Bay area were minimal. Water was pushed out of Matagorda Bay as Claudette approached and did not have adequate time to generate a large surge once the winds became east and then southeast.

In Chambers County, lowland flooding was observed on the eastern shore of Galveston Bay within the communities of Smith Point, Oak Island, White Heron Estates, Cedar Point and Beach City. In Harris County, flooding was observed in the low-lying areas along the western shore of Galveston Bay (Seabrook and La Porte).

In Galveston County, 38 single family homes were destroyed, 25 received major damage, and 964 received minor damage. 33 businesses were affected with damage costs of an estimated $970,000. Total damage, including beach erosion, was estimated at $8.3 million. The highest recorded tide level, 7.56 feet above mean low-lower water, occurred around sunrise on the 15th at Pleasure Pier.

In Brazoria County, 2 single family homes were destroyed, 10 received major damage, and 39 received minor damage. 2 businesses were destroyed and 9 received major damage totaling $655,000. Total damage, including beach erosion, was estimated at $1.27 million. The highest recorded tide level, 6.99 feet above mean low-lower water, occurred in Freeport at the Brazos River levee on the morning of the 15th.

In Matagorda County, 85 homes and 75 mobile homes were destroyed. 70 homes and 26 mobile homes received major damage. 105 homes and 117 mobile homes received minor damage. 52 businesses were destroyed or received major damage and 50 businesses received minor damage. One tornado (F1) damaged a couple buildings at the Baptist Youth Camp in Palacios. Total storm damage was estimated at $716,300. The highest recorded tide level occurred at the Colorado River Locks at Matagorda where the tide level reached 8.00 feet above mean low-lower water on the morning of the 15th.

In Jackson County, all damage was wind related. Numerous homes suffered roof damage and numerous trees were down in the southern portion of the county. 4 single family homes were destroyed, 13 suffered major damage and 38 had minor damage. One business received major damage from wind. There were two injuries. Total damage was estimated at $593,860.

The highest reported wind gust was at the South Texas Nuclear Power Plant in Matagorda County where an 86 mph wind gust was recorded at 1000 CDT on July 15th. The highest recorded sustained wind (58 mph) was recorded at East Matagorda Bay (PORTS/TCOONS site) in Matagorda County. 

The greatest 24-hour rainfall total (ending 800 AM CDT on the 15th) was recorded at the Galveston Coast Guard Station where 3.70 inches was observed. The greatest 24-hour rainfall total (ending 800 AM CDT on the 16th) was recorded in Edna where 3.48 inches was observed."	74
5373833	JACKSON (ZONE)	 	7/14/2003	1800	Hurricane (Typhoon)	 	 	0	2	594000	0	TX	CST	 	1157637	Z	235	HGX	0	0	NWS STORM SURVEY	 	 	 	 	 	 	 	 	7/16/2003	1200	 	 	 	 		"Hurricane Claudette made landfall along the middle Texas coast at Port O'Connor around 10:30 AM CDT on Tuesday, July 15, 2003. Claudette was the first hurricane to strike the Port O'Connor and Matagorda Bay area since Hurricane Fern on September 10, 1971. Historical records dating back to 1851 indicate Claudette is the first July hurricane to make landfall in this area. 

Claudette developed from a tropical wave over the central Caribbean Sea on July 8th. The storm moved westward until July 10th, when it turned northwestward over the northwestern Caribbean Sea. This motion brought the center over the northeastern Yucatan peninsula of Mexico on July 11th. Claudette briefly became a hurricane on July 10th and was a 60 mph tropical storm at landfall in Yucatan. Claudette moved northwestward into the Gulf of Mexico on July 12th, then meandered over the central Gulf of Mexico on July 13th. A general north-northwestward motion followed on July 14th and Claudette slowly intensified during this time. Claudette reached hurricane strength on July 15th as it turned west-northwestward. This motion brought the center to the Texas coast at Port O'Connor that morning as a 90 mph Category 1 hurricane on the Saffir-Simpson Hurricane Scale. Claudette turned westward after landfall, moving across portions of southern Texas and northern Mexico. The cyclone turned west-northwestward across northwestern Mexico and the Texas Big Bend area before dissipating on July 17th. 

Damage was observed across most Southeastern Texas coastal counties. Major beach erosion was observed from High Island to Freeport. Large geo-tubes on Galveston Island and the Bolivar Peninsula did significantly reduce erosion. Coastal roads along the west end of Galveston Bay were under water due to tidal flooding. Further south in Matagorda County, major beach erosion was observed in the Sargent area. Tides in the west Matagorda Bay area were minimal. Water was pushed out of Matagorda Bay as Claudette approached and did not have adequate time to generate a large surge once the winds became east and then southeast.

In Chambers County, lowland flooding was observed on the eastern shore of Galveston Bay within the communities of Smith Point, Oak Island, White Heron Estates, Cedar Point and Beach City. In Harris County, flooding was observed in the low-lying areas along the western shore of Galveston Bay (Seabrook and La Porte).

In Galveston County, 38 single family homes were destroyed, 25 received major damage, and 964 received minor damage. 33 businesses were affected with damage costs of an estimated $970,000. Total damage, including beach erosion, was estimated at $8.3 million. The highest recorded tide level, 7.56 feet above mean low-lower water, occurred around sunrise on the 15th at Pleasure Pier.

In Brazoria County, 2 single family homes were destroyed, 10 received major damage, and 39 received minor damage. 2 businesses were destroyed and 9 received major damage totaling $655,000. Total damage, including beach erosion, was estimated at $1.27 million. The highest recorded tide level, 6.99 feet above mean low-lower water, occurred in Freeport at the Brazos River levee on the morning of the 15th.

In Matagorda County, 85 homes and 75 mobile homes were destroyed. 70 homes and 26 mobile homes received major damage. 105 homes and 117 mobile homes received minor damage. 52 businesses were destroyed or received major damage and 50 businesses received minor damage. One tornado (F1) damaged a couple buildings at the Baptist Youth Camp in Palacios. Total storm damage was estimated at $716,300. The highest recorded tide level occurred at the Colorado River Locks at Matagorda where the tide level reached 8.00 feet above mean low-lower water on the morning of the 15th.

In Jackson County, all damage was wind related. Numerous homes suffered roof damage and numerous trees were down in the southern portion of the county. 4 single family homes were destroyed, 13 suffered major damage and 38 had minor damage. One business received major damage from wind. There were two injuries. Total damage was estimated at $593,860.

The highest reported wind gust was at the South Texas Nuclear Power Plant in Matagorda County where an 86 mph wind gust was recorded at 1000 CDT on July 15th. The highest recorded sustained wind (58 mph) was recorded at East Matagorda Bay (PORTS/TCOONS site) in Matagorda County. 

The greatest 24-hour rainfall total (ending 800 AM CDT on the 15th) was recorded at the Galveston Coast Guard Station where 3.70 inches was observed. The greatest 24-hour rainfall total (ending 800 AM CDT on the 16th) was recorded in Edna where 3.48 inches was observed."	75
5373832	HARRIS (ZONE)	 	7/14/2003	1800	Hurricane (Typhoon)	 	 	0	0	0	0	TX	CST	 	1157637	Z	213	HGX	0	0	NWS STORM SURVEY	 	 	 	 	 	 	 	 	7/16/2003	1200	 	 	 	 		"Hurricane Claudette made landfall along the middle Texas coast at Port O'Connor around 10:30 AM CDT on Tuesday, July 15, 2003. Claudette was the first hurricane to strike the Port O'Connor and Matagorda Bay area since Hurricane Fern on September 10, 1971. Historical records dating back to 1851 indicate Claudette is the first July hurricane to make landfall in this area. 

Claudette developed from a tropical wave over the central Caribbean Sea on July 8th. The storm moved westward until July 10th, when it turned northwestward over the northwestern Caribbean Sea. This motion brought the center over the northeastern Yucatan peninsula of Mexico on July 11th. Claudette briefly became a hurricane on July 10th and was a 60 mph tropical storm at landfall in Yucatan. Claudette moved northwestward into the Gulf of Mexico on July 12th, then meandered over the central Gulf of Mexico on July 13th. A general north-northwestward motion followed on July 14th and Claudette slowly intensified during this time. Claudette reached hurricane strength on July 15th as it turned west-northwestward. This motion brought the center to the Texas coast at Port O'Connor that morning as a 90 mph Category 1 hurricane on the Saffir-Simpson Hurricane Scale. Claudette turned westward after landfall, moving across portions of southern Texas and northern Mexico. The cyclone turned west-northwestward across northwestern Mexico and the Texas Big Bend area before dissipating on July 17th. 

Damage was observed across most Southeastern Texas coastal counties. Major beach erosion was observed from High Island to Freeport. Large geo-tubes on Galveston Island and the Bolivar Peninsula did significantly reduce erosion. Coastal roads along the west end of Galveston Bay were under water due to tidal flooding. Further south in Matagorda County, major beach erosion was observed in the Sargent area. Tides in the west Matagorda Bay area were minimal. Water was pushed out of Matagorda Bay as Claudette approached and did not have adequate time to generate a large surge once the winds became east and then southeast.

In Chambers County, lowland flooding was observed on the eastern shore of Galveston Bay within the communities of Smith Point, Oak Island, White Heron Estates, Cedar Point and Beach City. In Harris County, flooding was observed in the low-lying areas along the western shore of Galveston Bay (Seabrook and La Porte).

In Galveston County, 38 single family homes were destroyed, 25 received major damage, and 964 received minor damage. 33 businesses were affected with damage costs of an estimated $970,000. Total damage, including beach erosion, was estimated at $8.3 million. The highest recorded tide level, 7.56 feet above mean low-lower water, occurred around sunrise on the 15th at Pleasure Pier.

In Brazoria County, 2 single family homes were destroyed, 10 received major damage, and 39 received minor damage. 2 businesses were destroyed and 9 received major damage totaling $655,000. Total damage, including beach erosion, was estimated at $1.27 million. The highest recorded tide level, 6.99 feet above mean low-lower water, occurred in Freeport at the Brazos River levee on the morning of the 15th.

In Matagorda County, 85 homes and 75 mobile homes were destroyed. 70 homes and 26 mobile homes received major damage. 105 homes and 117 mobile homes received minor damage. 52 businesses were destroyed or received major damage and 50 businesses received minor damage. One tornado (F1) damaged a couple buildings at the Baptist Youth Camp in Palacios. Total storm damage was estimated at $716,300. The highest recorded tide level occurred at the Colorado River Locks at Matagorda where the tide level reached 8.00 feet above mean low-lower water on the morning of the 15th.

In Jackson County, all damage was wind related. Numerous homes suffered roof damage and numerous trees were down in the southern portion of the county. 4 single family homes were destroyed, 13 suffered major damage and 38 had minor damage. One business received major damage from wind. There were two injuries. Total damage was estimated at $593,860.

The highest reported wind gust was at the South Texas Nuclear Power Plant in Matagorda County where an 86 mph wind gust was recorded at 1000 CDT on July 15th. The highest recorded sustained wind (58 mph) was recorded at East Matagorda Bay (PORTS/TCOONS site) in Matagorda County. 

The greatest 24-hour rainfall total (ending 800 AM CDT on the 15th) was recorded at the Galveston Coast Guard Station where 3.70 inches was observed. The greatest 24-hour rainfall total (ending 800 AM CDT on the 16th) was recorded in Edna where 3.48 inches was observed."	76
5368916	CALHOUN (ZONE)	 	7/15/2003	830	Hurricane (Typhoon)	 	 	0	0	0	0	TX	CST	 	1159537	Z	247	CRP	0	0	NWS STORM SURVEY	 	 	 	 	 	 	 	 	7/15/2003	1400	 	 	 	 		"Claudette began as a tropical wave in the far eastern Atlantic and strengthened into a tropical storm as she moved into the central Caribbean Sea.  As Claudette passed the Yucatan Channel and entered the Gulf of Mexico on Friday July 12th, the steering currents relaxed and she slowed her northwesterly movement. Claudette produced tropical storm force winds and heavy rains primarily on her eastern quadrant, which spanned a large portion of the central Gulf and produced wave heights up to 15 feet.  As early as Sunday July 13th large swells were reaching the sand dunes on Padre Island.  Claudette wobbled slowly toward the middle Texas coast in very weak steering currents.  The upper level shear in this system relaxed as expected providing the environment for Claudette to strengthen into a Hurricane. 

Claudette made landfall as a Category 1 hurricane on the Saffir/Simpson Scale near Port O'Connor, Texas (Calhoun County) on Tuesday July 15th around 1030 am.  Just prior to landfall storm surge was 5 feet at Port O'Connor in combination with high astronomical tides.  Wind speeds along the Northern Coastal Bend were generally sustained around 65 mph at landfall with gusts to 80 mph.  Maximum sustained winds at the time of landfall were estimated by the National Hurricane Center at 90 mph.  The Formosa Plant in Point Comfort recorded maximum sustained winds of 80 mph with a gust to 100 mph.  The minimum central pressure of Claudette at the time of landfall was 981 MB (28.37 Inches).  Claudette produced a brief tornado in Port Lavaca.  Damage was not attributed directly to this tornado, rather to the hurricane winds.

Claudette continued inland during the afternoon of the 15th across Victoria, Goliad and Bee counties weakening to a Tropical Storm.  Claudette continued moving west across Live Oak, McMullen and La Salle counties during the evening and into EWX CWA.  Claudette continued into Northwestern Mexico and into the Big Bend of Texas before dissipating on July 17th.

Damages for all of Texas at the time of this writing stood at 45.7 million dollars in uninsured losses and 90.0 million in insured losses.  These losses do not include crop damage, which were still pending at the time of this writing.  In the State of Texas two indirect fatalities were also attributed to Claudette and six indirect injuries.  One of the indirect fatalities occurred in the CRP CWA in Victoria when a woman was killed by a falling tree limb while surveying damage to her house.  Over twenty thousand homes received damage across the CRP County Warning Area, most of which was classified as minor damage in Victoria County.  Over six hundred homes received major damage, again most of which occurred in Victoria County.  Over sixty homes were completely destroyed, mostly in Calhoun County.

The heaviest rainfall with Claudette fell across Bee, Goliad and Refugio Counties.  Widespread 4 to 6 inch amounts were estimated across these counties by CRP WSR-88D.  Elsewhere along the path of Claudette totals ranged from 2 to 5 inches.  Further south in CRP southern CWA totals remained under 1 inch expect for a thin band of 4 to 6 inch amounts stretching from the Padre Island National Seashore north into Refugio County."	77
5368917	REFUGIO (ZONE)	 	7/15/2003	1000	Hurricane (Typhoon)	 	 	0	0	0	0	TX	CST	 	1159537	Z	246	CRP	0	0	NWS STORM SURVEY	 	 	 	 	 	 	 	 	7/15/2003	1400	 	 	 	 		"Claudette began as a tropical wave in the far eastern Atlantic and strengthened into a tropical storm as she moved into the central Caribbean Sea.  As Claudette passed the Yucatan Channel and entered the Gulf of Mexico on Friday July 12th, the steering currents relaxed and she slowed her northwesterly movement. Claudette produced tropical storm force winds and heavy rains primarily on her eastern quadrant, which spanned a large portion of the central Gulf and produced wave heights up to 15 feet.  As early as Sunday July 13th large swells were reaching the sand dunes on Padre Island.  Claudette wobbled slowly toward the middle Texas coast in very weak steering currents.  The upper level shear in this system relaxed as expected providing the environment for Claudette to strengthen into a Hurricane. 

Claudette made landfall as a Category 1 hurricane on the Saffir/Simpson Scale near Port O'Connor, Texas (Calhoun County) on Tuesday July 15th around 1030 am.  Just prior to landfall storm surge was 5 feet at Port O'Connor in combination with high astronomical tides.  Wind speeds along the Northern Coastal Bend were generally sustained around 65 mph at landfall with gusts to 80 mph.  Maximum sustained winds at the time of landfall were estimated by the National Hurricane Center at 90 mph.  The Formosa Plant in Point Comfort recorded maximum sustained winds of 80 mph with a gust to 100 mph.  The minimum central pressure of Claudette at the time of landfall was 981 MB (28.37 Inches).  Claudette produced a brief tornado in Port Lavaca.  Damage was not attributed directly to this tornado, rather to the hurricane winds.

Claudette continued inland during the afternoon of the 15th across Victoria, Goliad and Bee counties weakening to a Tropical Storm.  Claudette continued moving west across Live Oak, McMullen and La Salle counties during the evening and into EWX CWA.  Claudette continued into Northwestern Mexico and into the Big Bend of Texas before dissipating on July 17th.

Damages for all of Texas at the time of this writing stood at 45.7 million dollars in uninsured losses and 90.0 million in insured losses.  These losses do not include crop damage, which were still pending at the time of this writing.  In the State of Texas two indirect fatalities were also attributed to Claudette and six indirect injuries.  One of the indirect fatalities occurred in the CRP CWA in Victoria when a woman was killed by a falling tree limb while surveying damage to her house.  Over twenty thousand homes received damage across the CRP County Warning Area, most of which was classified as minor damage in Victoria County.  Over six hundred homes received major damage, again most of which occurred in Victoria County.  Over sixty homes were completely destroyed, mostly in Calhoun County.

The heaviest rainfall with Claudette fell across Bee, Goliad and Refugio Counties.  Widespread 4 to 6 inch amounts were estimated across these counties by CRP WSR-88D.  Elsewhere along the path of Claudette totals ranged from 2 to 5 inches.  Further south in CRP southern CWA totals remained under 1 inch expect for a thin band of 4 to 6 inch amounts stretching from the Padre Island National Seashore north into Refugio County."	78
5369177	ARANSAS (ZONE)	 	7/15/2003	1000	Hurricane (Typhoon)	 	 	0	0	0	0	TX	CST	 	1159537	Z	245	CRP	0	0	NWS STORM SURVEY	 	 	 	 	 	 	 	 	7/15/2003	1400	 	 	 	 		"Claudette began as a tropical wave in the far eastern Atlantic and strengthened into a tropical storm as she moved into the central Caribbean Sea.  As Claudette passed the Yucatan Channel and entered the Gulf of Mexico on Friday July 12th, the steering currents relaxed and she slowed her northwesterly movement. Claudette produced tropical storm force winds and heavy rains primarily on her eastern quadrant, which spanned a large portion of the central Gulf and produced wave heights up to 15 feet.  As early as Sunday July 13th large swells were reaching the sand dunes on Padre Island.  Claudette wobbled slowly toward the middle Texas coast in very weak steering currents.  The upper level shear in this system relaxed as expected providing the environment for Claudette to strengthen into a Hurricane. 

Claudette made landfall as a Category 1 hurricane on the Saffir/Simpson Scale near Port O'Connor, Texas (Calhoun County) on Tuesday July 15th around 1030 am.  Just prior to landfall storm surge was 5 feet at Port O'Connor in combination with high astronomical tides.  Wind speeds along the Northern Coastal Bend were generally sustained around 65 mph at landfall with gusts to 80 mph.  Maximum sustained winds at the time of landfall were estimated by the National Hurricane Center at 90 mph.  The Formosa Plant in Point Comfort recorded maximum sustained winds of 80 mph with a gust to 100 mph.  The minimum central pressure of Claudette at the time of landfall was 981 MB (28.37 Inches).  Claudette produced a brief tornado in Port Lavaca.  Damage was not attributed directly to this tornado, rather to the hurricane winds.

Claudette continued inland during the afternoon of the 15th across Victoria, Goliad and Bee counties weakening to a Tropical Storm.  Claudette continued moving west across Live Oak, McMullen and La Salle counties during the evening and into EWX CWA.  Claudette continued into Northwestern Mexico and into the Big Bend of Texas before dissipating on July 17th.

Damages for all of Texas at the time of this writing stood at 45.7 million dollars in uninsured losses and 90.0 million in insured losses.  These losses do not include crop damage, which were still pending at the time of this writing.  In the State of Texas two indirect fatalities were also attributed to Claudette and six indirect injuries.  One of the indirect fatalities occurred in the CRP CWA in Victoria when a woman was killed by a falling tree limb while surveying damage to her house.  Over twenty thousand homes received damage across the CRP County Warning Area, most of which was classified as minor damage in Victoria County.  Over six hundred homes received major damage, again most of which occurred in Victoria County.  Over sixty homes were completely destroyed, mostly in Calhoun County.

The heaviest rainfall with Claudette fell across Bee, Goliad and Refugio Counties.  Widespread 4 to 6 inch amounts were estimated across these counties by CRP WSR-88D.  Elsewhere along the path of Claudette totals ranged from 2 to 5 inches.  Further south in CRP southern CWA totals remained under 1 inch expect for a thin band of 4 to 6 inch amounts stretching from the Padre Island National Seashore north into Refugio County."	79
5368918	SAN PATRICIO (ZONE)	 	7/15/2003	1000	Hurricane (Typhoon)	 	 	0	0	0	0	TX	CST	 	1159537	Z	244	CRP	0	0	NWS STORM SURVEY	 	 	 	 	 	 	 	 	7/15/2003	1400	 	 	 	 		"Claudette began as a tropical wave in the far eastern Atlantic and strengthened into a tropical storm as she moved into the central Caribbean Sea.  As Claudette passed the Yucatan Channel and entered the Gulf of Mexico on Friday July 12th, the steering currents relaxed and she slowed her northwesterly movement. Claudette produced tropical storm force winds and heavy rains primarily on her eastern quadrant, which spanned a large portion of the central Gulf and produced wave heights up to 15 feet.  As early as Sunday July 13th large swells were reaching the sand dunes on Padre Island.  Claudette wobbled slowly toward the middle Texas coast in very weak steering currents.  The upper level shear in this system relaxed as expected providing the environment for Claudette to strengthen into a Hurricane. 

Claudette made landfall as a Category 1 hurricane on the Saffir/Simpson Scale near Port O'Connor, Texas (Calhoun County) on Tuesday July 15th around 1030 am.  Just prior to landfall storm surge was 5 feet at Port O'Connor in combination with high astronomical tides.  Wind speeds along the Northern Coastal Bend were generally sustained around 65 mph at landfall with gusts to 80 mph.  Maximum sustained winds at the time of landfall were estimated by the National Hurricane Center at 90 mph.  The Formosa Plant in Point Comfort recorded maximum sustained winds of 80 mph with a gust to 100 mph.  The minimum central pressure of Claudette at the time of landfall was 981 MB (28.37 Inches).  Claudette produced a brief tornado in Port Lavaca.  Damage was not attributed directly to this tornado, rather to the hurricane winds.

Claudette continued inland during the afternoon of the 15th across Victoria, Goliad and Bee counties weakening to a Tropical Storm.  Claudette continued moving west across Live Oak, McMullen and La Salle counties during the evening and into EWX CWA.  Claudette continued into Northwestern Mexico and into the Big Bend of Texas before dissipating on July 17th.

Damages for all of Texas at the time of this writing stood at 45.7 million dollars in uninsured losses and 90.0 million in insured losses.  These losses do not include crop damage, which were still pending at the time of this writing.  In the State of Texas two indirect fatalities were also attributed to Claudette and six indirect injuries.  One of the indirect fatalities occurred in the CRP CWA in Victoria when a woman was killed by a falling tree limb while surveying damage to her house.  Over twenty thousand homes received damage across the CRP County Warning Area, most of which was classified as minor damage in Victoria County.  Over six hundred homes received major damage, again most of which occurred in Victoria County.  Over sixty homes were completely destroyed, mostly in Calhoun County.

The heaviest rainfall with Claudette fell across Bee, Goliad and Refugio Counties.  Widespread 4 to 6 inch amounts were estimated across these counties by CRP WSR-88D.  Elsewhere along the path of Claudette totals ranged from 2 to 5 inches.  Further south in CRP southern CWA totals remained under 1 inch expect for a thin band of 4 to 6 inch amounts stretching from the Padre Island National Seashore north into Refugio County."	80
5337057	BEAUFORT (ZONE)	 	9/17/2003	1800	Hurricane (Typhoon)	 	 	0	0	3600000	9200000	NC	EST	 	1163016	Z	80	MHX	0	0	EMERGENCY MANAGER	 	 	 	 	 	 	 	 	9/18/2003	2300	 	 	 	 		Hurricane Isabel made landfall early in the afternoon on September 18th as a category two hurricane across Core Banks in extreme eastern Carteret county. Isabel moved north northwest near 20 mph across eastern North Carolina during the afternoon. Areas mainly near and east of the storm center experienced significant wind and storm surge effects. Major ocean overwash and beach erosion occurred along the North Carolina Outer Banks where waves up to 20 feet accompanied a 6 to 8 foot storm surge. Almost 350 million dollars in damage occurred in Dare county alone where several thousand homes and businesses, several piers, and sections of Highway 12 were damaged or washed away. Eastern Carteret, eastern Pamlico, southern Craven, Beaufort, and Hyde counties experienced significant storm surge damage with hundreds of homes flooded in most of these counties. The highest storm surges were experienced in the lower reaches of the Neuse River where water levels rose to as high as 10.5 feet at the mouth of Adams Creek. Storm surge values ranged from 6 to 10 feet  across eastern Pamlico county with the highest water levels recorded near Oriental. A 4 to 7 foot storm surge occurred across Core Sound in eastern Carteret county, except water levels rose between 8 and 10 feet along the South River and Big Creek. Storm surge values were around 7 feet in portions of Beaufort county in Washington, and Belhaven. Virtually every business on Main Street in Belhaven was flooded with 2 to 3 feet of water. Storm surges from 2 to 6 feet occurred across Hyde county with the highest water levels recorded in Swan Quarter in the southwest part of the county where hundreds of homes and businesses flooded. Wind damage was more significant across Hyde, Washington, Tyrell, Martin, and the Outer Banks counties where wind gusts of around 100 mph occurred. Hurricane force winds resulted in structural damage to homes. Numerous trees and power lines were downed across these areas resulting in  a loss of electricity for several  weeks in some locations. Hurricane force winds were also experienced in parts of the inland counties of Jones, Craven, and Pitt counties during the afternoon of September 18th where inland hurricane wind warnings had been in effect for 11 hours. Other counties west of the center of the storm experienced wind gusts between 60 and 65 mph.	81
5337073	WESTERN HYDE (ZONE)	 	9/17/2003	1800	Hurricane (Typhoon)	 	 	0	0	0	0	NC	EST	 	1163016	Z	81	MHX	0	0	EMERGENCY MANAGER	 	 	 	 	 	 	 	 	9/18/2003	2300	 	 	 	 		Hurricane Isabel made landfall early in the afternoon on September 18th as a category two hurricane across Core Banks in extreme eastern Carteret county. Isabel moved north northwest near 20 mph across eastern North Carolina during the afternoon. Areas mainly near and east of the storm center experienced significant wind and storm surge effects. Major ocean overwash and beach erosion occurred along the North Carolina Outer Banks where waves up to 20 feet accompanied a 6 to 8 foot storm surge. Almost 350 million dollars in damage occurred in Dare county alone where several thousand homes and businesses, several piers, and sections of Highway 12 were damaged or washed away. Eastern Carteret, eastern Pamlico, southern Craven, Beaufort, and Hyde counties experienced significant storm surge damage with hundreds of homes flooded in most of these counties. The highest storm surges were experienced in the lower reaches of the Neuse River where water levels rose to as high as 10.5 feet at the mouth of Adams Creek. Storm surge values ranged from 6 to 10 feet  across eastern Pamlico county with the highest water levels recorded near Oriental. A 4 to 7 foot storm surge occurred across Core Sound in eastern Carteret county, except water levels rose between 8 and 10 feet along the South River and Big Creek. Storm surge values were around 7 feet in portions of Beaufort county in Washington, and Belhaven. Virtually every business on Main Street in Belhaven was flooded with 2 to 3 feet of water. Storm surges from 2 to 6 feet occurred across Hyde county with the highest water levels recorded in Swan Quarter in the southwest part of the county where hundreds of homes and businesses flooded. Wind damage was more significant across Hyde, Washington, Tyrell, Martin, and the Outer Banks counties where wind gusts of around 100 mph occurred. Hurricane force winds resulted in structural damage to homes. Numerous trees and power lines were downed across these areas resulting in  a loss of electricity for several  weeks in some locations. Hurricane force winds were also experienced in parts of the inland counties of Jones, Craven, and Pitt counties during the afternoon of September 18th where inland hurricane wind warnings had been in effect for 11 hours. Other counties west of the center of the storm experienced wind gusts between 60 and 65 mph.	82
5337072	WESTERN DARE (ZONE)	 	9/17/2003	1800	Hurricane (Typhoon)	 	 	0	0	0	0	NC	EST	 	1163016	Z	47	MHX	0	0	EMERGENCY MANAGER	 	 	 	 	 	 	 	 	9/18/2003	2300	 	 	 	 		Hurricane Isabel made landfall early in the afternoon on September 18th as a category two hurricane across Core Banks in extreme eastern Carteret county. Isabel moved north northwest near 20 mph across eastern North Carolina during the afternoon. Areas mainly near and east of the storm center experienced significant wind and storm surge effects. Major ocean overwash and beach erosion occurred along the North Carolina Outer Banks where waves up to 20 feet accompanied a 6 to 8 foot storm surge. Almost 350 million dollars in damage occurred in Dare county alone where several thousand homes and businesses, several piers, and sections of Highway 12 were damaged or washed away. Eastern Carteret, eastern Pamlico, southern Craven, Beaufort, and Hyde counties experienced significant storm surge damage with hundreds of homes flooded in most of these counties. The highest storm surges were experienced in the lower reaches of the Neuse River where water levels rose to as high as 10.5 feet at the mouth of Adams Creek. Storm surge values ranged from 6 to 10 feet  across eastern Pamlico county with the highest water levels recorded near Oriental. A 4 to 7 foot storm surge occurred across Core Sound in eastern Carteret county, except water levels rose between 8 and 10 feet along the South River and Big Creek. Storm surge values were around 7 feet in portions of Beaufort county in Washington, and Belhaven. Virtually every business on Main Street in Belhaven was flooded with 2 to 3 feet of water. Storm surges from 2 to 6 feet occurred across Hyde county with the highest water levels recorded in Swan Quarter in the southwest part of the county where hundreds of homes and businesses flooded. Wind damage was more significant across Hyde, Washington, Tyrell, Martin, and the Outer Banks counties where wind gusts of around 100 mph occurred. Hurricane force winds resulted in structural damage to homes. Numerous trees and power lines were downed across these areas resulting in  a loss of electricity for several  weeks in some locations. Hurricane force winds were also experienced in parts of the inland counties of Jones, Craven, and Pitt counties during the afternoon of September 18th where inland hurricane wind warnings had been in effect for 11 hours. Other counties west of the center of the storm experienced wind gusts between 60 and 65 mph.	83
5337071	WASHINGTON (ZONE)	 	9/17/2003	1800	Hurricane (Typhoon)	 	 	0	0	12000000	0	NC	EST	 	1163016	Z	45	MHX	0	0	EMERGENCY MANAGER	 	 	 	 	 	 	 	 	9/18/2003	2300	 	 	 	 		Hurricane Isabel made landfall early in the afternoon on September 18th as a category two hurricane across Core Banks in extreme eastern Carteret county. Isabel moved north northwest near 20 mph across eastern North Carolina during the afternoon. Areas mainly near and east of the storm center experienced significant wind and storm surge effects. Major ocean overwash and beach erosion occurred along the North Carolina Outer Banks where waves up to 20 feet accompanied a 6 to 8 foot storm surge. Almost 350 million dollars in damage occurred in Dare county alone where several thousand homes and businesses, several piers, and sections of Highway 12 were damaged or washed away. Eastern Carteret, eastern Pamlico, southern Craven, Beaufort, and Hyde counties experienced significant storm surge damage with hundreds of homes flooded in most of these counties. The highest storm surges were experienced in the lower reaches of the Neuse River where water levels rose to as high as 10.5 feet at the mouth of Adams Creek. Storm surge values ranged from 6 to 10 feet  across eastern Pamlico county with the highest water levels recorded near Oriental. A 4 to 7 foot storm surge occurred across Core Sound in eastern Carteret county, except water levels rose between 8 and 10 feet along the South River and Big Creek. Storm surge values were around 7 feet in portions of Beaufort county in Washington, and Belhaven. Virtually every business on Main Street in Belhaven was flooded with 2 to 3 feet of water. Storm surges from 2 to 6 feet occurred across Hyde county with the highest water levels recorded in Swan Quarter in the southwest part of the county where hundreds of homes and businesses flooded. Wind damage was more significant across Hyde, Washington, Tyrell, Martin, and the Outer Banks counties where wind gusts of around 100 mph occurred. Hurricane force winds resulted in structural damage to homes. Numerous trees and power lines were downed across these areas resulting in  a loss of electricity for several  weeks in some locations. Hurricane force winds were also experienced in parts of the inland counties of Jones, Craven, and Pitt counties during the afternoon of September 18th where inland hurricane wind warnings had been in effect for 11 hours. Other counties west of the center of the storm experienced wind gusts between 60 and 65 mph.	84
5337070	TYRRELL (ZONE)	 	9/17/2003	1800	Hurricane (Typhoon)	 	 	0	0	0	0	NC	EST	 	1163016	Z	46	MHX	0	0	EMERGENCY MANAGER	 	 	 	 	 	 	 	 	9/18/2003	2300	 	 	 	 		Hurricane Isabel made landfall early in the afternoon on September 18th as a category two hurricane across Core Banks in extreme eastern Carteret county. Isabel moved north northwest near 20 mph across eastern North Carolina during the afternoon. Areas mainly near and east of the storm center experienced significant wind and storm surge effects. Major ocean overwash and beach erosion occurred along the North Carolina Outer Banks where waves up to 20 feet accompanied a 6 to 8 foot storm surge. Almost 350 million dollars in damage occurred in Dare county alone where several thousand homes and businesses, several piers, and sections of Highway 12 were damaged or washed away. Eastern Carteret, eastern Pamlico, southern Craven, Beaufort, and Hyde counties experienced significant storm surge damage with hundreds of homes flooded in most of these counties. The highest storm surges were experienced in the lower reaches of the Neuse River where water levels rose to as high as 10.5 feet at the mouth of Adams Creek. Storm surge values ranged from 6 to 10 feet  across eastern Pamlico county with the highest water levels recorded near Oriental. A 4 to 7 foot storm surge occurred across Core Sound in eastern Carteret county, except water levels rose between 8 and 10 feet along the South River and Big Creek. Storm surge values were around 7 feet in portions of Beaufort county in Washington, and Belhaven. Virtually every business on Main Street in Belhaven was flooded with 2 to 3 feet of water. Storm surges from 2 to 6 feet occurred across Hyde county with the highest water levels recorded in Swan Quarter in the southwest part of the county where hundreds of homes and businesses flooded. Wind damage was more significant across Hyde, Washington, Tyrell, Martin, and the Outer Banks counties where wind gusts of around 100 mph occurred. Hurricane force winds resulted in structural damage to homes. Numerous trees and power lines were downed across these areas resulting in  a loss of electricity for several  weeks in some locations. Hurricane force winds were also experienced in parts of the inland counties of Jones, Craven, and Pitt counties during the afternoon of September 18th where inland hurricane wind warnings had been in effect for 11 hours. Other counties west of the center of the storm experienced wind gusts between 60 and 65 mph.	85
5337069	PITT (ZONE)	 	9/17/2003	1800	Hurricane (Typhoon)	 	 	0	0	2000000	0	NC	EST	 	1163016	Z	44	MHX	0	0	EMERGENCY MANAGER	 	 	 	 	 	 	 	 	9/18/2003	2300	 	 	 	 		Hurricane Isabel made landfall early in the afternoon on September 18th as a category two hurricane across Core Banks in extreme eastern Carteret county. Isabel moved north northwest near 20 mph across eastern North Carolina during the afternoon. Areas mainly near and east of the storm center experienced significant wind and storm surge effects. Major ocean overwash and beach erosion occurred along the North Carolina Outer Banks where waves up to 20 feet accompanied a 6 to 8 foot storm surge. Almost 350 million dollars in damage occurred in Dare county alone where several thousand homes and businesses, several piers, and sections of Highway 12 were damaged or washed away. Eastern Carteret, eastern Pamlico, southern Craven, Beaufort, and Hyde counties experienced significant storm surge damage with hundreds of homes flooded in most of these counties. The highest storm surges were experienced in the lower reaches of the Neuse River where water levels rose to as high as 10.5 feet at the mouth of Adams Creek. Storm surge values ranged from 6 to 10 feet  across eastern Pamlico county with the highest water levels recorded near Oriental. A 4 to 7 foot storm surge occurred across Core Sound in eastern Carteret county, except water levels rose between 8 and 10 feet along the South River and Big Creek. Storm surge values were around 7 feet in portions of Beaufort county in Washington, and Belhaven. Virtually every business on Main Street in Belhaven was flooded with 2 to 3 feet of water. Storm surges from 2 to 6 feet occurred across Hyde county with the highest water levels recorded in Swan Quarter in the southwest part of the county where hundreds of homes and businesses flooded. Wind damage was more significant across Hyde, Washington, Tyrell, Martin, and the Outer Banks counties where wind gusts of around 100 mph occurred. Hurricane force winds resulted in structural damage to homes. Numerous trees and power lines were downed across these areas resulting in  a loss of electricity for several  weeks in some locations. Hurricane force winds were also experienced in parts of the inland counties of Jones, Craven, and Pitt counties during the afternoon of September 18th where inland hurricane wind warnings had been in effect for 11 hours. Other counties west of the center of the storm experienced wind gusts between 60 and 65 mph.	86
5337068	PAMLICO (ZONE)	 	9/17/2003	1800	Hurricane (Typhoon)	 	 	0	0	50000000	5000000	NC	EST	 	1163016	Z	94	MHX	0	0	EMERGENCY MANAGER	 	 	 	 	 	 	 	 	9/18/2003	2300	 	 	 	 		Hurricane Isabel made landfall early in the afternoon on September 18th as a category two hurricane across Core Banks in extreme eastern Carteret county. Isabel moved north northwest near 20 mph across eastern North Carolina during the afternoon. Areas mainly near and east of the storm center experienced significant wind and storm surge effects. Major ocean overwash and beach erosion occurred along the North Carolina Outer Banks where waves up to 20 feet accompanied a 6 to 8 foot storm surge. Almost 350 million dollars in damage occurred in Dare county alone where several thousand homes and businesses, several piers, and sections of Highway 12 were damaged or washed away. Eastern Carteret, eastern Pamlico, southern Craven, Beaufort, and Hyde counties experienced significant storm surge damage with hundreds of homes flooded in most of these counties. The highest storm surges were experienced in the lower reaches of the Neuse River where water levels rose to as high as 10.5 feet at the mouth of Adams Creek. Storm surge values ranged from 6 to 10 feet  across eastern Pamlico county with the highest water levels recorded near Oriental. A 4 to 7 foot storm surge occurred across Core Sound in eastern Carteret county, except water levels rose between 8 and 10 feet along the South River and Big Creek. Storm surge values were around 7 feet in portions of Beaufort county in Washington, and Belhaven. Virtually every business on Main Street in Belhaven was flooded with 2 to 3 feet of water. Storm surges from 2 to 6 feet occurred across Hyde county with the highest water levels recorded in Swan Quarter in the southwest part of the county where hundreds of homes and businesses flooded. Wind damage was more significant across Hyde, Washington, Tyrell, Martin, and the Outer Banks counties where wind gusts of around 100 mph occurred. Hurricane force winds resulted in structural damage to homes. Numerous trees and power lines were downed across these areas resulting in  a loss of electricity for several  weeks in some locations. Hurricane force winds were also experienced in parts of the inland counties of Jones, Craven, and Pitt counties during the afternoon of September 18th where inland hurricane wind warnings had been in effect for 11 hours. Other counties west of the center of the storm experienced wind gusts between 60 and 65 mph.	87
5337067	ONSLOW (ZONE)	 	9/17/2003	1800	Hurricane (Typhoon)	 	 	0	0	1030000	0	NC	EST	 	1163016	Z	98	MHX	0	0	EMERGENCY MANAGER	 	 	 	 	 	 	 	 	9/18/2003	2300	 	 	 	 		Hurricane Isabel made landfall early in the afternoon on September 18th as a category two hurricane across Core Banks in extreme eastern Carteret county. Isabel moved north northwest near 20 mph across eastern North Carolina during the afternoon. Areas mainly near and east of the storm center experienced significant wind and storm surge effects. Major ocean overwash and beach erosion occurred along the North Carolina Outer Banks where waves up to 20 feet accompanied a 6 to 8 foot storm surge. Almost 350 million dollars in damage occurred in Dare county alone where several thousand homes and businesses, several piers, and sections of Highway 12 were damaged or washed away. Eastern Carteret, eastern Pamlico, southern Craven, Beaufort, and Hyde counties experienced significant storm surge damage with hundreds of homes flooded in most of these counties. The highest storm surges were experienced in the lower reaches of the Neuse River where water levels rose to as high as 10.5 feet at the mouth of Adams Creek. Storm surge values ranged from 6 to 10 feet  across eastern Pamlico county with the highest water levels recorded near Oriental. A 4 to 7 foot storm surge occurred across Core Sound in eastern Carteret county, except water levels rose between 8 and 10 feet along the South River and Big Creek. Storm surge values were around 7 feet in portions of Beaufort county in Washington, and Belhaven. Virtually every business on Main Street in Belhaven was flooded with 2 to 3 feet of water. Storm surges from 2 to 6 feet occurred across Hyde county with the highest water levels recorded in Swan Quarter in the southwest part of the county where hundreds of homes and businesses flooded. Wind damage was more significant across Hyde, Washington, Tyrell, Martin, and the Outer Banks counties where wind gusts of around 100 mph occurred. Hurricane force winds resulted in structural damage to homes. Numerous trees and power lines were downed across these areas resulting in  a loss of electricity for several  weeks in some locations. Hurricane force winds were also experienced in parts of the inland counties of Jones, Craven, and Pitt counties during the afternoon of September 18th where inland hurricane wind warnings had been in effect for 11 hours. Other counties west of the center of the storm experienced wind gusts between 60 and 65 mph.	88
5337066	MARTIN (ZONE)	 	9/17/2003	1800	Hurricane (Typhoon)	 	 	0	0	0	0	NC	EST	 	1163016	Z	29	MHX	0	0	EMERGENCY MANAGER	 	 	 	 	 	 	 	 	9/18/2003	2300	 	 	 	 		Hurricane Isabel made landfall early in the afternoon on September 18th as a category two hurricane across Core Banks in extreme eastern Carteret county. Isabel moved north northwest near 20 mph across eastern North Carolina during the afternoon. Areas mainly near and east of the storm center experienced significant wind and storm surge effects. Major ocean overwash and beach erosion occurred along the North Carolina Outer Banks where waves up to 20 feet accompanied a 6 to 8 foot storm surge. Almost 350 million dollars in damage occurred in Dare county alone where several thousand homes and businesses, several piers, and sections of Highway 12 were damaged or washed away. Eastern Carteret, eastern Pamlico, southern Craven, Beaufort, and Hyde counties experienced significant storm surge damage with hundreds of homes flooded in most of these counties. The highest storm surges were experienced in the lower reaches of the Neuse River where water levels rose to as high as 10.5 feet at the mouth of Adams Creek. Storm surge values ranged from 6 to 10 feet  across eastern Pamlico county with the highest water levels recorded near Oriental. A 4 to 7 foot storm surge occurred across Core Sound in eastern Carteret county, except water levels rose between 8 and 10 feet along the South River and Big Creek. Storm surge values were around 7 feet in portions of Beaufort county in Washington, and Belhaven. Virtually every business on Main Street in Belhaven was flooded with 2 to 3 feet of water. Storm surges from 2 to 6 feet occurred across Hyde county with the highest water levels recorded in Swan Quarter in the southwest part of the county where hundreds of homes and businesses flooded. Wind damage was more significant across Hyde, Washington, Tyrell, Martin, and the Outer Banks counties where wind gusts of around 100 mph occurred. Hurricane force winds resulted in structural damage to homes. Numerous trees and power lines were downed across these areas resulting in  a loss of electricity for several  weeks in some locations. Hurricane force winds were also experienced in parts of the inland counties of Jones, Craven, and Pitt counties during the afternoon of September 18th where inland hurricane wind warnings had been in effect for 11 hours. Other counties west of the center of the storm experienced wind gusts between 60 and 65 mph.	89
5337065	LENOIR (ZONE)	 	9/17/2003	1800	Hurricane (Typhoon)	 	 	0	0	200000	0	NC	EST	 	1163016	Z	91	MHX	0	0	EMERGENCY MANAGER	 	 	 	 	 	 	 	 	9/18/2003	2300	 	 	 	 		Hurricane Isabel made landfall early in the afternoon on September 18th as a category two hurricane across Core Banks in extreme eastern Carteret county. Isabel moved north northwest near 20 mph across eastern North Carolina during the afternoon. Areas mainly near and east of the storm center experienced significant wind and storm surge effects. Major ocean overwash and beach erosion occurred along the North Carolina Outer Banks where waves up to 20 feet accompanied a 6 to 8 foot storm surge. Almost 350 million dollars in damage occurred in Dare county alone where several thousand homes and businesses, several piers, and sections of Highway 12 were damaged or washed away. Eastern Carteret, eastern Pamlico, southern Craven, Beaufort, and Hyde counties experienced significant storm surge damage with hundreds of homes flooded in most of these counties. The highest storm surges were experienced in the lower reaches of the Neuse River where water levels rose to as high as 10.5 feet at the mouth of Adams Creek. Storm surge values ranged from 6 to 10 feet  across eastern Pamlico county with the highest water levels recorded near Oriental. A 4 to 7 foot storm surge occurred across Core Sound in eastern Carteret county, except water levels rose between 8 and 10 feet along the South River and Big Creek. Storm surge values were around 7 feet in portions of Beaufort county in Washington, and Belhaven. Virtually every business on Main Street in Belhaven was flooded with 2 to 3 feet of water. Storm surges from 2 to 6 feet occurred across Hyde county with the highest water levels recorded in Swan Quarter in the southwest part of the county where hundreds of homes and businesses flooded. Wind damage was more significant across Hyde, Washington, Tyrell, Martin, and the Outer Banks counties where wind gusts of around 100 mph occurred. Hurricane force winds resulted in structural damage to homes. Numerous trees and power lines were downed across these areas resulting in  a loss of electricity for several  weeks in some locations. Hurricane force winds were also experienced in parts of the inland counties of Jones, Craven, and Pitt counties during the afternoon of September 18th where inland hurricane wind warnings had been in effect for 11 hours. Other counties west of the center of the storm experienced wind gusts between 60 and 65 mph.	90
5337064	JONES (ZONE)	 	9/17/2003	1800	Hurricane (Typhoon)	 	 	0	0	300000	0	NC	EST	 	1163016	Z	92	MHX	0	0	EMERGENCY MANAGER	 	 	 	 	 	 	 	 	9/18/2003	2300	 	 	 	 		Hurricane Isabel made landfall early in the afternoon on September 18th as a category two hurricane across Core Banks in extreme eastern Carteret county. Isabel moved north northwest near 20 mph across eastern North Carolina during the afternoon. Areas mainly near and east of the storm center experienced significant wind and storm surge effects. Major ocean overwash and beach erosion occurred along the North Carolina Outer Banks where waves up to 20 feet accompanied a 6 to 8 foot storm surge. Almost 350 million dollars in damage occurred in Dare county alone where several thousand homes and businesses, several piers, and sections of Highway 12 were damaged or washed away. Eastern Carteret, eastern Pamlico, southern Craven, Beaufort, and Hyde counties experienced significant storm surge damage with hundreds of homes flooded in most of these counties. The highest storm surges were experienced in the lower reaches of the Neuse River where water levels rose to as high as 10.5 feet at the mouth of Adams Creek. Storm surge values ranged from 6 to 10 feet  across eastern Pamlico county with the highest water levels recorded near Oriental. A 4 to 7 foot storm surge occurred across Core Sound in eastern Carteret county, except water levels rose between 8 and 10 feet along the South River and Big Creek. Storm surge values were around 7 feet in portions of Beaufort county in Washington, and Belhaven. Virtually every business on Main Street in Belhaven was flooded with 2 to 3 feet of water. Storm surges from 2 to 6 feet occurred across Hyde county with the highest water levels recorded in Swan Quarter in the southwest part of the county where hundreds of homes and businesses flooded. Wind damage was more significant across Hyde, Washington, Tyrell, Martin, and the Outer Banks counties where wind gusts of around 100 mph occurred. Hurricane force winds resulted in structural damage to homes. Numerous trees and power lines were downed across these areas resulting in  a loss of electricity for several  weeks in some locations. Hurricane force winds were also experienced in parts of the inland counties of Jones, Craven, and Pitt counties during the afternoon of September 18th where inland hurricane wind warnings had been in effect for 11 hours. Other counties west of the center of the storm experienced wind gusts between 60 and 65 mph.	91
5337063	GREENE (ZONE)	 	9/17/2003	1800	Hurricane (Typhoon)	 	 	0	0	770000	0	NC	EST	 	1163016	Z	79	MHX	0	0	EMERGENCY MANAGER	 	 	 	 	 	 	 	 	9/18/2003	2300	 	 	 	 		Hurricane Isabel made landfall early in the afternoon on September 18th as a category two hurricane across Core Banks in extreme eastern Carteret county. Isabel moved north northwest near 20 mph across eastern North Carolina during the afternoon. Areas mainly near and east of the storm center experienced significant wind and storm surge effects. Major ocean overwash and beach erosion occurred along the North Carolina Outer Banks where waves up to 20 feet accompanied a 6 to 8 foot storm surge. Almost 350 million dollars in damage occurred in Dare county alone where several thousand homes and businesses, several piers, and sections of Highway 12 were damaged or washed away. Eastern Carteret, eastern Pamlico, southern Craven, Beaufort, and Hyde counties experienced significant storm surge damage with hundreds of homes flooded in most of these counties. The highest storm surges were experienced in the lower reaches of the Neuse River where water levels rose to as high as 10.5 feet at the mouth of Adams Creek. Storm surge values ranged from 6 to 10 feet  across eastern Pamlico county with the highest water levels recorded near Oriental. A 4 to 7 foot storm surge occurred across Core Sound in eastern Carteret county, except water levels rose between 8 and 10 feet along the South River and Big Creek. Storm surge values were around 7 feet in portions of Beaufort county in Washington, and Belhaven. Virtually every business on Main Street in Belhaven was flooded with 2 to 3 feet of water. Storm surges from 2 to 6 feet occurred across Hyde county with the highest water levels recorded in Swan Quarter in the southwest part of the county where hundreds of homes and businesses flooded. Wind damage was more significant across Hyde, Washington, Tyrell, Martin, and the Outer Banks counties where wind gusts of around 100 mph occurred. Hurricane force winds resulted in structural damage to homes. Numerous trees and power lines were downed across these areas resulting in  a loss of electricity for several  weeks in some locations. Hurricane force winds were also experienced in parts of the inland counties of Jones, Craven, and Pitt counties during the afternoon of September 18th where inland hurricane wind warnings had been in effect for 11 hours. Other counties west of the center of the storm experienced wind gusts between 60 and 65 mph.	92
5337062	EASTERN HYDE (ZONE)	 	9/17/2003	1800	Hurricane (Typhoon)	 	 	0	0	0	0	NC	EST	 	1163016	Z	104	MHX	0	0	EMERGENCY MANAGER	 	 	 	 	 	 	 	 	9/18/2003	2300	 	 	 	 		Hurricane Isabel made landfall early in the afternoon on September 18th as a category two hurricane across Core Banks in extreme eastern Carteret county. Isabel moved north northwest near 20 mph across eastern North Carolina during the afternoon. Areas mainly near and east of the storm center experienced significant wind and storm surge effects. Major ocean overwash and beach erosion occurred along the North Carolina Outer Banks where waves up to 20 feet accompanied a 6 to 8 foot storm surge. Almost 350 million dollars in damage occurred in Dare county alone where several thousand homes and businesses, several piers, and sections of Highway 12 were damaged or washed away. Eastern Carteret, eastern Pamlico, southern Craven, Beaufort, and Hyde counties experienced significant storm surge damage with hundreds of homes flooded in most of these counties. The highest storm surges were experienced in the lower reaches of the Neuse River where water levels rose to as high as 10.5 feet at the mouth of Adams Creek. Storm surge values ranged from 6 to 10 feet  across eastern Pamlico county with the highest water levels recorded near Oriental. A 4 to 7 foot storm surge occurred across Core Sound in eastern Carteret county, except water levels rose between 8 and 10 feet along the South River and Big Creek. Storm surge values were around 7 feet in portions of Beaufort county in Washington, and Belhaven. Virtually every business on Main Street in Belhaven was flooded with 2 to 3 feet of water. Storm surges from 2 to 6 feet occurred across Hyde county with the highest water levels recorded in Swan Quarter in the southwest part of the county where hundreds of homes and businesses flooded. Wind damage was more significant across Hyde, Washington, Tyrell, Martin, and the Outer Banks counties where wind gusts of around 100 mph occurred. Hurricane force winds resulted in structural damage to homes. Numerous trees and power lines were downed across these areas resulting in  a loss of electricity for several  weeks in some locations. Hurricane force winds were also experienced in parts of the inland counties of Jones, Craven, and Pitt counties during the afternoon of September 18th where inland hurricane wind warnings had been in effect for 11 hours. Other counties west of the center of the storm experienced wind gusts between 60 and 65 mph.	93
5337061	EASTERN DARE (ZONE)	 	9/17/2003	1800	Hurricane (Typhoon)	 	 	0	0	347000000	0	NC	EST	 	1163016	Z	103	MHX	0	0	EMERGENCY MANAGER	 	 	 	 	 	 	 	 	9/18/2003	2300	 	 	 	 		Hurricane Isabel made landfall early in the afternoon on September 18th as a category two hurricane across Core Banks in extreme eastern Carteret county. Isabel moved north northwest near 20 mph across eastern North Carolina during the afternoon. Areas mainly near and east of the storm center experienced significant wind and storm surge effects. Major ocean overwash and beach erosion occurred along the North Carolina Outer Banks where waves up to 20 feet accompanied a 6 to 8 foot storm surge. Almost 350 million dollars in damage occurred in Dare county alone where several thousand homes and businesses, several piers, and sections of Highway 12 were damaged or washed away. Eastern Carteret, eastern Pamlico, southern Craven, Beaufort, and Hyde counties experienced significant storm surge damage with hundreds of homes flooded in most of these counties. The highest storm surges were experienced in the lower reaches of the Neuse River where water levels rose to as high as 10.5 feet at the mouth of Adams Creek. Storm surge values ranged from 6 to 10 feet  across eastern Pamlico county with the highest water levels recorded near Oriental. A 4 to 7 foot storm surge occurred across Core Sound in eastern Carteret county, except water levels rose between 8 and 10 feet along the South River and Big Creek. Storm surge values were around 7 feet in portions of Beaufort county in Washington, and Belhaven. Virtually every business on Main Street in Belhaven was flooded with 2 to 3 feet of water. Storm surges from 2 to 6 feet occurred across Hyde county with the highest water levels recorded in Swan Quarter in the southwest part of the county where hundreds of homes and businesses flooded. Wind damage was more significant across Hyde, Washington, Tyrell, Martin, and the Outer Banks counties where wind gusts of around 100 mph occurred. Hurricane force winds resulted in structural damage to homes. Numerous trees and power lines were downed across these areas resulting in  a loss of electricity for several  weeks in some locations. Hurricane force winds were also experienced in parts of the inland counties of Jones, Craven, and Pitt counties during the afternoon of September 18th where inland hurricane wind warnings had been in effect for 11 hours. Other counties west of the center of the storm experienced wind gusts between 60 and 65 mph.	94
5337060	DUPLIN (ZONE)	 	9/17/2003	1800	Hurricane (Typhoon)	 	 	0	0	200000	50000	NC	EST	 	1163016	Z	90	MHX	0	0	EMERGENCY MANAGER	 	 	 	 	 	 	 	 	9/18/2003	2300	 	 	 	 		Hurricane Isabel made landfall early in the afternoon on September 18th as a category two hurricane across Core Banks in extreme eastern Carteret county. Isabel moved north northwest near 20 mph across eastern North Carolina during the afternoon. Areas mainly near and east of the storm center experienced significant wind and storm surge effects. Major ocean overwash and beach erosion occurred along the North Carolina Outer Banks where waves up to 20 feet accompanied a 6 to 8 foot storm surge. Almost 350 million dollars in damage occurred in Dare county alone where several thousand homes and businesses, several piers, and sections of Highway 12 were damaged or washed away. Eastern Carteret, eastern Pamlico, southern Craven, Beaufort, and Hyde counties experienced significant storm surge damage with hundreds of homes flooded in most of these counties. The highest storm surges were experienced in the lower reaches of the Neuse River where water levels rose to as high as 10.5 feet at the mouth of Adams Creek. Storm surge values ranged from 6 to 10 feet  across eastern Pamlico county with the highest water levels recorded near Oriental. A 4 to 7 foot storm surge occurred across Core Sound in eastern Carteret county, except water levels rose between 8 and 10 feet along the South River and Big Creek. Storm surge values were around 7 feet in portions of Beaufort county in Washington, and Belhaven. Virtually every business on Main Street in Belhaven was flooded with 2 to 3 feet of water. Storm surges from 2 to 6 feet occurred across Hyde county with the highest water levels recorded in Swan Quarter in the southwest part of the county where hundreds of homes and businesses flooded. Wind damage was more significant across Hyde, Washington, Tyrell, Martin, and the Outer Banks counties where wind gusts of around 100 mph occurred. Hurricane force winds resulted in structural damage to homes. Numerous trees and power lines were downed across these areas resulting in  a loss of electricity for several  weeks in some locations. Hurricane force winds were also experienced in parts of the inland counties of Jones, Craven, and Pitt counties during the afternoon of September 18th where inland hurricane wind warnings had been in effect for 11 hours. Other counties west of the center of the storm experienced wind gusts between 60 and 65 mph.	95
5337059	CRAVEN (ZONE)	 	9/17/2003	1800	Hurricane (Typhoon)	 	 	0	0	2500000	0	NC	EST	 	1163016	Z	93	MHX	0	0	EMERGENCY MANAGER	 	 	 	 	 	 	 	 	9/18/2003	2300	 	 	 	 		Hurricane Isabel made landfall early in the afternoon on September 18th as a category two hurricane across Core Banks in extreme eastern Carteret county. Isabel moved north northwest near 20 mph across eastern North Carolina during the afternoon. Areas mainly near and east of the storm center experienced significant wind and storm surge effects. Major ocean overwash and beach erosion occurred along the North Carolina Outer Banks where waves up to 20 feet accompanied a 6 to 8 foot storm surge. Almost 350 million dollars in damage occurred in Dare county alone where several thousand homes and businesses, several piers, and sections of Highway 12 were damaged or washed away. Eastern Carteret, eastern Pamlico, southern Craven, Beaufort, and Hyde counties experienced significant storm surge damage with hundreds of homes flooded in most of these counties. The highest storm surges were experienced in the lower reaches of the Neuse River where water levels rose to as high as 10.5 feet at the mouth of Adams Creek. Storm surge values ranged from 6 to 10 feet  across eastern Pamlico county with the highest water levels recorded near Oriental. A 4 to 7 foot storm surge occurred across Core Sound in eastern Carteret county, except water levels rose between 8 and 10 feet along the South River and Big Creek. Storm surge values were around 7 feet in portions of Beaufort county in Washington, and Belhaven. Virtually every business on Main Street in Belhaven was flooded with 2 to 3 feet of water. Storm surges from 2 to 6 feet occurred across Hyde county with the highest water levels recorded in Swan Quarter in the southwest part of the county where hundreds of homes and businesses flooded. Wind damage was more significant across Hyde, Washington, Tyrell, Martin, and the Outer Banks counties where wind gusts of around 100 mph occurred. Hurricane force winds resulted in structural damage to homes. Numerous trees and power lines were downed across these areas resulting in  a loss of electricity for several  weeks in some locations. Hurricane force winds were also experienced in parts of the inland counties of Jones, Craven, and Pitt counties during the afternoon of September 18th where inland hurricane wind warnings had been in effect for 11 hours. Other counties west of the center of the storm experienced wind gusts between 60 and 65 mph.	96
5337058	CARTERET (ZONE)	 	9/17/2003	1800	Hurricane (Typhoon)	 	 	0	0	16000000	0	NC	EST	 	1163016	Z	95	MHX	0	0	EMERGENCY MANAGER	 	 	 	 	 	 	 	 	9/19/2003	2300	 	 	 	 		Hurricane Isabel made landfall early in the afternoon on September 18th as a category two hurricane across Core Banks in extreme eastern Carteret county. Isabel moved north northwest near 20 mph across eastern North Carolina during the afternoon. Areas mainly near and east of the storm center experienced significant wind and storm surge effects. Major ocean overwash and beach erosion occurred along the North Carolina Outer Banks where waves up to 20 feet accompanied a 6 to 8 foot storm surge. Almost 350 million dollars in damage occurred in Dare county alone where several thousand homes and businesses, several piers, and sections of Highway 12 were damaged or washed away. Eastern Carteret, eastern Pamlico, southern Craven, Beaufort, and Hyde counties experienced significant storm surge damage with hundreds of homes flooded in most of these counties. The highest storm surges were experienced in the lower reaches of the Neuse River where water levels rose to as high as 10.5 feet at the mouth of Adams Creek. Storm surge values ranged from 6 to 10 feet  across eastern Pamlico county with the highest water levels recorded near Oriental. A 4 to 7 foot storm surge occurred across Core Sound in eastern Carteret county, except water levels rose between 8 and 10 feet along the South River and Big Creek. Storm surge values were around 7 feet in portions of Beaufort county in Washington, and Belhaven. Virtually every business on Main Street in Belhaven was flooded with 2 to 3 feet of water. Storm surges from 2 to 6 feet occurred across Hyde county with the highest water levels recorded in Swan Quarter in the southwest part of the county where hundreds of homes and businesses flooded. Wind damage was more significant across Hyde, Washington, Tyrell, Martin, and the Outer Banks counties where wind gusts of around 100 mph occurred. Hurricane force winds resulted in structural damage to homes. Numerous trees and power lines were downed across these areas resulting in  a loss of electricity for several  weeks in some locations. Hurricane force winds were also experienced in parts of the inland counties of Jones, Craven, and Pitt counties during the afternoon of September 18th where inland hurricane wind warnings had been in effect for 11 hours. Other counties west of the center of the storm experienced wind gusts between 60 and 65 mph.	97
5370976	BERTIE (ZONE)	 	9/18/2003	300	Hurricane (Typhoon)	 	 	0	0	2500000	0	NC	EST	 	1163191	Z	30	AKQ	0	0	EMERGENCY MANAGER	 	 	 	 	 	 	 	 	9/19/2003	100	 	 	 	 		Hurricane Isabel was a Category 1 hurricane as it crossed the Wakefield WFO county warning area. Sustained tropical storm force winds with frequent gusts to hurricane force occurred over coastal northeast North Carolina. Isabel made landfall near Ocracoke Inlet in North Carolina, tracked northwest into central Virginia just west of Richmond, then continued northward into western Pennsylvania. The highest sustained wind speed recorded was 73 mph at Duck (DUCN7). Other sustained wind speed was 59 mph at Elizabeth City (ECG). The highest gusts recorded were 97 mph at Elizabeth City (from Clemson University observation site in Elizabeth City), 92 mph at Duck (DUCN7), and 74 mph at Elizabeth City (ECG). Mandatory evacuations were ordered for parts of Currituck county, with approximately several thousand persons evacuated and housed in numerous shelters across coastal northeast North Carolina. The unusually large wind field uprooted many thousands of trees, downed many power lines, damaged hundreds of houses, and snapped thousands of telephone poles and cross arms. Hundreds of roads, including major highways, were blocked by fallen trees. Local power companies reported many thousands of customers were without power. Duck water levels peaked at 7.8 feet MLLW before data was lost. On the Albemarle Sound, storm surge values around 7 feet occurred at Edenton, with a surge around 5 feet observed on the Pasquotank River in Elizabeth City. The lowest sea level pressure recorded was 984 mb at Duck (DUCN7) and Duck (Army Coe Field Research Facility). Isabel will be remembered for the greatest wind and storm surge in the region since Hazel in 1954, and the 1933 Chesapeake-Potomac Hurricane. Also, Isabel will be remembered for the extensive power outages in northeast North Carolina, and permanent change to the landscape from all the fallen trees and storm surge. Rainfall amounts ranged from 2 to 5 inches across coastal northeast North Carolina. Inland flooding due to heavy rainfall occurred over parts of coastal northeast North Carolina. Significant beach erosion occurred across outer banks Currituck county. Eight deaths can be directly attributed to Isabel in the Wakefield area of responsibility, with 1 in North Carolina. There were more than 15 deaths indirectly attributed to the storm.	98
5370982	WESTERN CURRITUCK (ZONE)	 	9/18/2003	300	Hurricane (Typhoon)	 	 	0	0	700000	0	NC	EST	 	1163191	Z	17	AKQ	0	0	EMERGENCY MANAGER	 	 	 	 	 	 	 	 	9/19/2003	100	 	 	 	 		Hurricane Isabel was a Category 1 hurricane as it crossed the Wakefield WFO county warning area. Sustained tropical storm force winds with frequent gusts to hurricane force occurred over coastal northeast North Carolina. Isabel made landfall near Ocracoke Inlet in North Carolina, tracked northwest into central Virginia just west of Richmond, then continued northward into western Pennsylvania. The highest sustained wind speed recorded was 73 mph at Duck (DUCN7). Other sustained wind speed was 59 mph at Elizabeth City (ECG). The highest gusts recorded were 97 mph at Elizabeth City (from Clemson University observation site in Elizabeth City), 92 mph at Duck (DUCN7), and 74 mph at Elizabeth City (ECG). Mandatory evacuations were ordered for parts of Currituck county, with approximately several thousand persons evacuated and housed in numerous shelters across coastal northeast North Carolina. The unusually large wind field uprooted many thousands of trees, downed many power lines, damaged hundreds of houses, and snapped thousands of telephone poles and cross arms. Hundreds of roads, including major highways, were blocked by fallen trees. Local power companies reported many thousands of customers were without power. Duck water levels peaked at 7.8 feet MLLW before data was lost. On the Albemarle Sound, storm surge values around 7 feet occurred at Edenton, with a surge around 5 feet observed on the Pasquotank River in Elizabeth City. The lowest sea level pressure recorded was 984 mb at Duck (DUCN7) and Duck (Army Coe Field Research Facility). Isabel will be remembered for the greatest wind and storm surge in the region since Hazel in 1954, and the 1933 Chesapeake-Potomac Hurricane. Also, Isabel will be remembered for the extensive power outages in northeast North Carolina, and permanent change to the landscape from all the fallen trees and storm surge. Rainfall amounts ranged from 2 to 5 inches across coastal northeast North Carolina. Inland flooding due to heavy rainfall occurred over parts of coastal northeast North Carolina. Significant beach erosion occurred across outer banks Currituck county. Eight deaths can be directly attributed to Isabel in the Wakefield area of responsibility, with 1 in North Carolina. There were more than 15 deaths indirectly attributed to the storm.	99
5370981	PERQUIMANS (ZONE)	 	9/18/2003	300	Hurricane (Typhoon)	 	 	0	0	1500000	0	NC	EST	 	1163191	Z	32	AKQ	0	0	EMERGENCY MANAGER	 	 	 	 	 	 	 	 	9/19/2003	100	 	 	 	 		Hurricane Isabel was a Category 1 hurricane as it crossed the Wakefield WFO county warning area. Sustained tropical storm force winds with frequent gusts to hurricane force occurred over coastal northeast North Carolina. Isabel made landfall near Ocracoke Inlet in North Carolina, tracked northwest into central Virginia just west of Richmond, then continued northward into western Pennsylvania. The highest sustained wind speed recorded was 73 mph at Duck (DUCN7). Other sustained wind speed was 59 mph at Elizabeth City (ECG). The highest gusts recorded were 97 mph at Elizabeth City (from Clemson University observation site in Elizabeth City), 92 mph at Duck (DUCN7), and 74 mph at Elizabeth City (ECG). Mandatory evacuations were ordered for parts of Currituck county, with approximately several thousand persons evacuated and housed in numerous shelters across coastal northeast North Carolina. The unusually large wind field uprooted many thousands of trees, downed many power lines, damaged hundreds of houses, and snapped thousands of telephone poles and cross arms. Hundreds of roads, including major highways, were blocked by fallen trees. Local power companies reported many thousands of customers were without power. Duck water levels peaked at 7.8 feet MLLW before data was lost. On the Albemarle Sound, storm surge values around 7 feet occurred at Edenton, with a surge around 5 feet observed on the Pasquotank River in Elizabeth City. The lowest sea level pressure recorded was 984 mb at Duck (DUCN7) and Duck (Army Coe Field Research Facility). Isabel will be remembered for the greatest wind and storm surge in the region since Hazel in 1954, and the 1933 Chesapeake-Potomac Hurricane. Also, Isabel will be remembered for the extensive power outages in northeast North Carolina, and permanent change to the landscape from all the fallen trees and storm surge. Rainfall amounts ranged from 2 to 5 inches across coastal northeast North Carolina. Inland flooding due to heavy rainfall occurred over parts of coastal northeast North Carolina. Significant beach erosion occurred across outer banks Currituck county. Eight deaths can be directly attributed to Isabel in the Wakefield area of responsibility, with 1 in North Carolina. There were more than 15 deaths indirectly attributed to the storm.	100
5370980	PASQUOTANK (ZONE)	 	9/18/2003	300	Hurricane (Typhoon)	 	 	0	0	4500000	0	NC	EST	 	1163191	Z	15	AKQ	0	0	EMERGENCY MANAGER	 	 	 	 	 	 	 	 	9/19/2003	100	 	 	 	 		Hurricane Isabel was a Category 1 hurricane as it crossed the Wakefield WFO county warning area. Sustained tropical storm force winds with frequent gusts to hurricane force occurred over coastal northeast North Carolina. Isabel made landfall near Ocracoke Inlet in North Carolina, tracked northwest into central Virginia just west of Richmond, then continued northward into western Pennsylvania. The highest sustained wind speed recorded was 73 mph at Duck (DUCN7). Other sustained wind speed was 59 mph at Elizabeth City (ECG). The highest gusts recorded were 97 mph at Elizabeth City (from Clemson University observation site in Elizabeth City), 92 mph at Duck (DUCN7), and 74 mph at Elizabeth City (ECG). Mandatory evacuations were ordered for parts of Currituck county, with approximately several thousand persons evacuated and housed in numerous shelters across coastal northeast North Carolina. The unusually large wind field uprooted many thousands of trees, downed many power lines, damaged hundreds of houses, and snapped thousands of telephone poles and cross arms. Hundreds of roads, including major highways, were blocked by fallen trees. Local power companies reported many thousands of customers were without power. Duck water levels peaked at 7.8 feet MLLW before data was lost. On the Albemarle Sound, storm surge values around 7 feet occurred at Edenton, with a surge around 5 feet observed on the Pasquotank River in Elizabeth City. The lowest sea level pressure recorded was 984 mb at Duck (DUCN7) and Duck (Army Coe Field Research Facility). Isabel will be remembered for the greatest wind and storm surge in the region since Hazel in 1954, and the 1933 Chesapeake-Potomac Hurricane. Also, Isabel will be remembered for the extensive power outages in northeast North Carolina, and permanent change to the landscape from all the fallen trees and storm surge. Rainfall amounts ranged from 2 to 5 inches across coastal northeast North Carolina. Inland flooding due to heavy rainfall occurred over parts of coastal northeast North Carolina. Significant beach erosion occurred across outer banks Currituck county. Eight deaths can be directly attributed to Isabel in the Wakefield area of responsibility, with 1 in North Carolina. There were more than 15 deaths indirectly attributed to the storm.	101
5370979	EASTERN CURRITUCK (ZONE)	 	9/18/2003	300	Hurricane (Typhoon)	 	 	0	0	0	0	NC	EST	 	1163191	Z	102	AKQ	0	0	EMERGENCY MANAGER	 	 	 	 	 	 	 	 	9/19/2003	100	 	 	 	 		Hurricane Isabel was a Category 1 hurricane as it crossed the Wakefield WFO county warning area. Sustained tropical storm force winds with frequent gusts to hurricane force occurred over coastal northeast North Carolina. Isabel made landfall near Ocracoke Inlet in North Carolina, tracked northwest into central Virginia just west of Richmond, then continued northward into western Pennsylvania. The highest sustained wind speed recorded was 73 mph at Duck (DUCN7). Other sustained wind speed was 59 mph at Elizabeth City (ECG). The highest gusts recorded were 97 mph at Elizabeth City (from Clemson University observation site in Elizabeth City), 92 mph at Duck (DUCN7), and 74 mph at Elizabeth City (ECG). Mandatory evacuations were ordered for parts of Currituck county, with approximately several thousand persons evacuated and housed in numerous shelters across coastal northeast North Carolina. The unusually large wind field uprooted many thousands of trees, downed many power lines, damaged hundreds of houses, and snapped thousands of telephone poles and cross arms. Hundreds of roads, including major highways, were blocked by fallen trees. Local power companies reported many thousands of customers were without power. Duck water levels peaked at 7.8 feet MLLW before data was lost. On the Albemarle Sound, storm surge values around 7 feet occurred at Edenton, with a surge around 5 feet observed on the Pasquotank River in Elizabeth City. The lowest sea level pressure recorded was 984 mb at Duck (DUCN7) and Duck (Army Coe Field Research Facility). Isabel will be remembered for the greatest wind and storm surge in the region since Hazel in 1954, and the 1933 Chesapeake-Potomac Hurricane. Also, Isabel will be remembered for the extensive power outages in northeast North Carolina, and permanent change to the landscape from all the fallen trees and storm surge. Rainfall amounts ranged from 2 to 5 inches across coastal northeast North Carolina. Inland flooding due to heavy rainfall occurred over parts of coastal northeast North Carolina. Significant beach erosion occurred across outer banks Currituck county. Eight deaths can be directly attributed to Isabel in the Wakefield area of responsibility, with 1 in North Carolina. There were more than 15 deaths indirectly attributed to the storm.	102
5370978	CHOWAN (ZONE)	 	9/18/2003	300	Hurricane (Typhoon)	 	 	1	0	7600000	0	NC	EST	 	1163191	Z	31	AKQ	0	0	EMERGENCY MANAGER	 	 	 	 	 	 	 	 	9/19/2003	100	 	 	 	 		Hurricane Isabel was a Category 1 hurricane as it crossed the Wakefield WFO county warning area. Sustained tropical storm force winds with frequent gusts to hurricane force occurred over coastal northeast North Carolina. Isabel made landfall near Ocracoke Inlet in North Carolina, tracked northwest into central Virginia just west of Richmond, then continued northward into western Pennsylvania. The highest sustained wind speed recorded was 73 mph at Duck (DUCN7). Other sustained wind speed was 59 mph at Elizabeth City (ECG). The highest gusts recorded were 97 mph at Elizabeth City (from Clemson University observation site in Elizabeth City), 92 mph at Duck (DUCN7), and 74 mph at Elizabeth City (ECG). Mandatory evacuations were ordered for parts of Currituck county, with approximately several thousand persons evacuated and housed in numerous shelters across coastal northeast North Carolina. The unusually large wind field uprooted many thousands of trees, downed many power lines, damaged hundreds of houses, and snapped thousands of telephone poles and cross arms. Hundreds of roads, including major highways, were blocked by fallen trees. Local power companies reported many thousands of customers were without power. Duck water levels peaked at 7.8 feet MLLW before data was lost. On the Albemarle Sound, storm surge values around 7 feet occurred at Edenton, with a surge around 5 feet observed on the Pasquotank River in Elizabeth City. The lowest sea level pressure recorded was 984 mb at Duck (DUCN7) and Duck (Army Coe Field Research Facility). Isabel will be remembered for the greatest wind and storm surge in the region since Hazel in 1954, and the 1933 Chesapeake-Potomac Hurricane. Also, Isabel will be remembered for the extensive power outages in northeast North Carolina, and permanent change to the landscape from all the fallen trees and storm surge. Rainfall amounts ranged from 2 to 5 inches across coastal northeast North Carolina. Inland flooding due to heavy rainfall occurred over parts of coastal northeast North Carolina. Significant beach erosion occurred across outer banks Currituck county. Eight deaths can be directly attributed to Isabel in the Wakefield area of responsibility, with 1 in North Carolina. There were more than 15 deaths indirectly attributed to the storm.	103
5370977	CAMDEN (ZONE)	 	9/18/2003	300	Hurricane (Typhoon)	 	 	0	0	99000	0	NC	EST	 	1163191	Z	16	AKQ	0	0	EMERGENCY MANAGER	 	 	 	 	 	 	 	 	9/19/2003	100	 	 	 	 		Hurricane Isabel was a Category 1 hurricane as it crossed the Wakefield WFO county warning area. Sustained tropical storm force winds with frequent gusts to hurricane force occurred over coastal northeast North Carolina. Isabel made landfall near Ocracoke Inlet in North Carolina, tracked northwest into central Virginia just west of Richmond, then continued northward into western Pennsylvania. The highest sustained wind speed recorded was 73 mph at Duck (DUCN7). Other sustained wind speed was 59 mph at Elizabeth City (ECG). The highest gusts recorded were 97 mph at Elizabeth City (from Clemson University observation site in Elizabeth City), 92 mph at Duck (DUCN7), and 74 mph at Elizabeth City (ECG). Mandatory evacuations were ordered for parts of Currituck county, with approximately several thousand persons evacuated and housed in numerous shelters across coastal northeast North Carolina. The unusually large wind field uprooted many thousands of trees, downed many power lines, damaged hundreds of houses, and snapped thousands of telephone poles and cross arms. Hundreds of roads, including major highways, were blocked by fallen trees. Local power companies reported many thousands of customers were without power. Duck water levels peaked at 7.8 feet MLLW before data was lost. On the Albemarle Sound, storm surge values around 7 feet occurred at Edenton, with a surge around 5 feet observed on the Pasquotank River in Elizabeth City. The lowest sea level pressure recorded was 984 mb at Duck (DUCN7) and Duck (Army Coe Field Research Facility). Isabel will be remembered for the greatest wind and storm surge in the region since Hazel in 1954, and the 1933 Chesapeake-Potomac Hurricane. Also, Isabel will be remembered for the extensive power outages in northeast North Carolina, and permanent change to the landscape from all the fallen trees and storm surge. Rainfall amounts ranged from 2 to 5 inches across coastal northeast North Carolina. Inland flooding due to heavy rainfall occurred over parts of coastal northeast North Carolina. Significant beach erosion occurred across outer banks Currituck county. Eight deaths can be directly attributed to Isabel in the Wakefield area of responsibility, with 1 in North Carolina. There were more than 15 deaths indirectly attributed to the storm.	104
5370984	HERTFORD (ZONE)	 	9/18/2003	600	Hurricane (Typhoon)	 	 	0	0	1400000	0	NC	EST	 	1163192	Z	13	AKQ	0	0	EMERGENCY MANAGER	 	 	 	 	 	 	 	 	9/19/2003	100	 	 	 	 		Hurricane Isabel was a Category 1 hurricane as it crossed the Wakefield WFO county warning area. Sustained tropical storm force winds with gusts to hurricane force occurred over the piedmont of northeast North Carolina. Isabel made landfall near Ocracoke Inlet in North Carolina, tracked northwest into central Virginia just west of Richmond, then continued northward into western Pennsylvania. The highest sustained wind speed recorded was 37 mph at Roanoke Rapids (RZZ). The highest gust recorded was 63 mph at Roanoke Rapids (RZZ). Approximately several thousand persons were evacuated and housed in numerous shelters across the piedmont of northeast North Carolina. The unusually large wind field uprooted many thousands of trees, downed many power lines, damaged hundreds of houses, and snapped thousands of telephone poles and cross arms. Hundreds of roads, including major highways, were blocked by fallen trees. Local power companies reported many thousands of customers were without power. The lowest sea level pressure recorded was 984 mb at Duck (DUCN7) and Duck (Army Coe Field Research Facility). Isabel will be remembered for the greatest wind and storm surge in the region since Hazel in 1954, and the 1933 Chesapeake-Potomac Hurricane. Also, Isabel will be remembered for the extensive power outages in northeast North Carolina, and permanent change to the landscape from all the fallen trees and storm surge. Rainfall amounts ranged from 2 to 5 inches across the piedmont of northeast North Carolina. Inland flooding due to heavy rainfall occurred over parts of the piedmont of northeast North Carolina. Eight deaths can be directly attributed to Isabel in the Wakefield area of responsibility, with 1 in North Carolina. There were more than 15 deaths indirectly attributed to the storm.	105
5370983	GATES (ZONE)	 	9/18/2003	600	Hurricane (Typhoon)	 	 	0	0	900000	0	NC	EST	 	1163192	Z	14	AKQ	0	0	EMERGENCY MANAGER	 	 	 	 	 	 	 	 	9/19/2003	100	 	 	 	 		Hurricane Isabel was a Category 1 hurricane as it crossed the Wakefield WFO county warning area. Sustained tropical storm force winds with gusts to hurricane force occurred over the piedmont of northeast North Carolina. Isabel made landfall near Ocracoke Inlet in North Carolina, tracked northwest into central Virginia just west of Richmond, then continued northward into western Pennsylvania. The highest sustained wind speed recorded was 37 mph at Roanoke Rapids (RZZ). The highest gust recorded was 63 mph at Roanoke Rapids (RZZ). Approximately several thousand persons were evacuated and housed in numerous shelters across the piedmont of northeast North Carolina. The unusually large wind field uprooted many thousands of trees, downed many power lines, damaged hundreds of houses, and snapped thousands of telephone poles and cross arms. Hundreds of roads, including major highways, were blocked by fallen trees. Local power companies reported many thousands of customers were without power. The lowest sea level pressure recorded was 984 mb at Duck (DUCN7) and Duck (Army Coe Field Research Facility). Isabel will be remembered for the greatest wind and storm surge in the region since Hazel in 1954, and the 1933 Chesapeake-Potomac Hurricane. Also, Isabel will be remembered for the extensive power outages in northeast North Carolina, and permanent change to the landscape from all the fallen trees and storm surge. Rainfall amounts ranged from 2 to 5 inches across the piedmont of northeast North Carolina. Inland flooding due to heavy rainfall occurred over parts of the piedmont of northeast North Carolina. Eight deaths can be directly attributed to Isabel in the Wakefield area of responsibility, with 1 in North Carolina. There were more than 15 deaths indirectly attributed to the storm.	106
5370985	NORTHAMPTON (ZONE)	 	9/18/2003	600	Hurricane (Typhoon)	 	 	0	0	1600000	0	NC	EST	 	1163192	Z	12	AKQ	0	0	EMERGENCY MANAGER	 	 	 	 	 	 	 	 	9/19/2003	100	 	 	 	 		Hurricane Isabel was a Category 1 hurricane as it crossed the Wakefield WFO county warning area. Sustained tropical storm force winds with gusts to hurricane force occurred over the piedmont of northeast North Carolina. Isabel made landfall near Ocracoke Inlet in North Carolina, tracked northwest into central Virginia just west of Richmond, then continued northward into western Pennsylvania. The highest sustained wind speed recorded was 37 mph at Roanoke Rapids (RZZ). The highest gust recorded was 63 mph at Roanoke Rapids (RZZ). Approximately several thousand persons were evacuated and housed in numerous shelters across the piedmont of northeast North Carolina. The unusually large wind field uprooted many thousands of trees, downed many power lines, damaged hundreds of houses, and snapped thousands of telephone poles and cross arms. Hundreds of roads, including major highways, were blocked by fallen trees. Local power companies reported many thousands of customers were without power. The lowest sea level pressure recorded was 984 mb at Duck (DUCN7) and Duck (Army Coe Field Research Facility). Isabel will be remembered for the greatest wind and storm surge in the region since Hazel in 1954, and the 1933 Chesapeake-Potomac Hurricane. Also, Isabel will be remembered for the extensive power outages in northeast North Carolina, and permanent change to the landscape from all the fallen trees and storm surge. Rainfall amounts ranged from 2 to 5 inches across the piedmont of northeast North Carolina. Inland flooding due to heavy rainfall occurred over parts of the piedmont of northeast North Carolina. Eight deaths can be directly attributed to Isabel in the Wakefield area of responsibility, with 1 in North Carolina. There were more than 15 deaths indirectly attributed to the storm.	107
5372182	GREENSVILLE (ZONE)	 	9/18/2003	800	Hurricane (Typhoon)	 	 	0	0	0	0	VA	EST	 	1163189	Z	87	AKQ	0	0	EMERGENCY MANAGER	 	 	 	 	 	 	 	 	9/19/2003	300	 	 	 	 		Hurricane Isabel was a Category 1 hurricane as it crossed the Wakefield WFO county warning area. Sustained tropical storm force winds with frequent gusts to hurricane force occurred over interior southeast Virginia. Isabel made landfall near Ocracoke Inlet in North Carolina, tracked northwest into central Virginia just west of Richmond, then continued northward into western Pennsylvania. Approximately several thousand persons were evacuated and housed in numerous shelters across interior southeast Virginia. The unusually large wind field uprooted many thousands of trees, downed many power lines, damaged hundreds of houses, and snapped thousands of telephone poles and cross arms. Hundreds of roads, including major highways, were blocked by fallen trees. Over 2 million customers of Dominion Virginia Power were without electricity. Local electrical cooperatives also reported thousands of customers were without power. The lowest sea level pressure recorded was 987 mb at Portsmouth Virginia. Isabel will be remembered for the greatest wind and storm surge in the region since Hazel in 1954, and the 1933 Chesapeake-Potomac Hurricane. Also, Isabel will be remembered for the most extensive power outages ever in Virginia, and permanent change to the landscape from all the fallen trees and storm surge. Rainfall amounts ranged from 3 to 7 inches across interior southeast Virginia. Inland flooding due to heavy rainfall occurred over parts of interior southeast Virginia. High water was reported on Route 460 in Prince George and Route 40 in Sussex County. Eight deaths can be directly attributed to Isabel in the Wakefield area of responsibility, with 7 in Virginia. There were more than 15 deaths indirectly attributed to the storm.	108
5372162	ACCOMACK (ZONE)	 	9/18/2003	800	Hurricane (Typhoon)	 	 	1	0	0	0	VA	EST	 	1163188	Z	99	AKQ	0	0	EMERGENCY MANAGER	 	 	 	 	 	 	 	 	9/19/2003	300	 	 	 	 		Hurricane Isabel was a Category 1 hurricane as it crossed the Wakefield WFO county warning area. Sustained tropical storm force winds with frequent gusts to hurricane force occurred over Eastern Virginia, along and near the Chesapeake Bay and Atlantic Coastal Waters. Isabel made landfall near Ocracoke Inlet in North Carolina, tracked northwest into central Virginia just west of Richmond, then continued northward into western Pennsylvania. The highest sustained wind speed recorded was 72 mph at Chesapeake Light (CHLV2). Other sustained wind speeds were 69 mph at Gloucester Point (VIMS), 61 mph at the Chesapeake Bay Bridge Tunnel, 58 mph at Norfolk Naval Air Station (NGU), 57 mph at Sewells Point, and 55 mph at Oceana Naval Air Station (NTU). The highest gusts recorded were 107 mph at Gwynns Island (Mathews County), 100 mph at Reedville (Middlesex County), 93 mph at Chesapeake Light, 91 mph at Gloucester Point, and 83 mph at Norfolk Naval Air Station. Only one confirmed tornado occurred in association with Isabel. Mandatory evacuations were ordered for parts of Hampton Roads, with approximately several thousand persons evacuated and housed in numerous shelters across central and eastern Virginia. The unusually large wind field uprooted many thousands of trees, downed many power lines, damaged hundreds of houses, and snapped thousands of telephone poles and cross arms. Hundreds of roads, including major highways, were blocked by fallen trees. Over 2 million customers of Dominion Virginia Power were without electricity. Local electrical cooperatives also reported thousands of customers were without power. Storm surge varied significantly across the region. At Sewells Point, the maximum water level was 7.9 feet above MLLW. This represented a 5 foot storm surge. At Gloucester Point, the water level reached 8.32 feet, representing a 6.4 foot surge. A storm survey indicated a surge around 6.5 feet at Colonial Beach. On the Rappahannock, surge values between 5.5 and 6.0 feet occurred at Tappahannock and downstream near Dunnsville. Even higher surge values were noted up the rivers in eastern Virginia, such as the James, Potomac, York and Rappahannock. Storm surge values around 9 feet were estimated at West Point Virginia. At Richmond City Locks, a more than 8 foot surge was noted, and Smithfield also recorded an 8 foot storm surge. An estimated 8 foot surge also occurred near the intersection of the James and Appomattox Rivers in Hopewell. The lowest sea level pressure recorded was 987 mb at Portsmouth Virginia. Isabel will be remembered for the greatest wind and storm surge in the region since Hazel in 1954, and the 1933 Chesapeake-Potomac Hurricane. Also, Isabel will be remembered for the most extensive power outages ever in Virginia, and permanent change to the landscape from all the fallen trees and storm surge. Rainfall amounts ranged from 1.5 to 5 inches across eastern, and southeast Virginia. Toano in James City county reported 10.60 inches. Inland flooding due to heavy rainfall occurred over parts of eastern and southeast Virginia. Significant beach erosion occurred across Newport News and Hampton. In Virginia Beach, 15th street fishing pier was significantly damaged, and Buckroe and Lynnhaven Piers were destroyed. Significant erosion was also observed as far north as the middle peninsula and northern neck. In addition, many privately owned piers, as well as some public piers were damaged or destroyed by storm surge and/or wave impacts in this region. Eight deaths can be directly attributed to Isabel in the Wakefield area of responsibility, with 7 in Virginia. There were more than 15 deaths indirectly attributed to the storm.	109
5372184	PRINCE GEORGE (ZONE)	 	9/18/2003	800	Hurricane (Typhoon)	 	 	1	0	6000000	3700000	VA	EST	 	1163189	Z	81	AKQ	0	0	EMERGENCY MANAGER	 	 	 	 	 	 	 	 	9/19/2003	300	 	 	 	 		Hurricane Isabel was a Category 1 hurricane as it crossed the Wakefield WFO county warning area. Sustained tropical storm force winds with frequent gusts to hurricane force occurred over interior southeast Virginia. Isabel made landfall near Ocracoke Inlet in North Carolina, tracked northwest into central Virginia just west of Richmond, then continued northward into western Pennsylvania. Approximately several thousand persons were evacuated and housed in numerous shelters across interior southeast Virginia. The unusually large wind field uprooted many thousands of trees, downed many power lines, damaged hundreds of houses, and snapped thousands of telephone poles and cross arms. Hundreds of roads, including major highways, were blocked by fallen trees. Over 2 million customers of Dominion Virginia Power were without electricity. Local electrical cooperatives also reported thousands of customers were without power. The lowest sea level pressure recorded was 987 mb at Portsmouth Virginia. Isabel will be remembered for the greatest wind and storm surge in the region since Hazel in 1954, and the 1933 Chesapeake-Potomac Hurricane. Also, Isabel will be remembered for the most extensive power outages ever in Virginia, and permanent change to the landscape from all the fallen trees and storm surge. Rainfall amounts ranged from 3 to 7 inches across interior southeast Virginia. Inland flooding due to heavy rainfall occurred over parts of interior southeast Virginia. High water was reported on Route 460 in Prince George and Route 40 in Sussex County. Eight deaths can be directly attributed to Isabel in the Wakefield area of responsibility, with 7 in Virginia. There were more than 15 deaths indirectly attributed to the storm.	110
5372186	SUSSEX (ZONE)	 	9/18/2003	800	Hurricane (Typhoon)	 	 	0	0	0	0	VA	EST	 	1163189	Z	88	AKQ	0	0	EMERGENCY MANAGER	 	 	 	 	 	 	 	 	9/19/2003	300	 	 	 	 		Hurricane Isabel was a Category 1 hurricane as it crossed the Wakefield WFO county warning area. Sustained tropical storm force winds with frequent gusts to hurricane force occurred over interior southeast Virginia. Isabel made landfall near Ocracoke Inlet in North Carolina, tracked northwest into central Virginia just west of Richmond, then continued northward into western Pennsylvania. Approximately several thousand persons were evacuated and housed in numerous shelters across interior southeast Virginia. The unusually large wind field uprooted many thousands of trees, downed many power lines, damaged hundreds of houses, and snapped thousands of telephone poles and cross arms. Hundreds of roads, including major highways, were blocked by fallen trees. Over 2 million customers of Dominion Virginia Power were without electricity. Local electrical cooperatives also reported thousands of customers were without power. The lowest sea level pressure recorded was 987 mb at Portsmouth Virginia. Isabel will be remembered for the greatest wind and storm surge in the region since Hazel in 1954, and the 1933 Chesapeake-Potomac Hurricane. Also, Isabel will be remembered for the most extensive power outages ever in Virginia, and permanent change to the landscape from all the fallen trees and storm surge. Rainfall amounts ranged from 3 to 7 inches across interior southeast Virginia. Inland flooding due to heavy rainfall occurred over parts of interior southeast Virginia. High water was reported on Route 460 in Prince George and Route 40 in Sussex County. Eight deaths can be directly attributed to Isabel in the Wakefield area of responsibility, with 7 in Virginia. There were more than 15 deaths indirectly attributed to the storm.	111
5372168	LANCASTER (ZONE)	 	9/18/2003	800	Hurricane (Typhoon)	 	 	0	0	0	0	VA	EST	 	1163188	Z	78	AKQ	0	0	EMERGENCY MANAGER	 	 	 	 	 	 	 	 	9/19/2003	300	 	 	 	 		Hurricane Isabel was a Category 1 hurricane as it crossed the Wakefield WFO county warning area. Sustained tropical storm force winds with frequent gusts to hurricane force occurred over Eastern Virginia, along and near the Chesapeake Bay and Atlantic Coastal Waters. Isabel made landfall near Ocracoke Inlet in North Carolina, tracked northwest into central Virginia just west of Richmond, then continued northward into western Pennsylvania. The highest sustained wind speed recorded was 72 mph at Chesapeake Light (CHLV2). Other sustained wind speeds were 69 mph at Gloucester Point (VIMS), 61 mph at the Chesapeake Bay Bridge Tunnel, 58 mph at Norfolk Naval Air Station (NGU), 57 mph at Sewells Point, and 55 mph at Oceana Naval Air Station (NTU). The highest gusts recorded were 107 mph at Gwynns Island (Mathews County), 100 mph at Reedville (Middlesex County), 93 mph at Chesapeake Light, 91 mph at Gloucester Point, and 83 mph at Norfolk Naval Air Station. Only one confirmed tornado occurred in association with Isabel. Mandatory evacuations were ordered for parts of Hampton Roads, with approximately several thousand persons evacuated and housed in numerous shelters across central and eastern Virginia. The unusually large wind field uprooted many thousands of trees, downed many power lines, damaged hundreds of houses, and snapped thousands of telephone poles and cross arms. Hundreds of roads, including major highways, were blocked by fallen trees. Over 2 million customers of Dominion Virginia Power were without electricity. Local electrical cooperatives also reported thousands of customers were without power. Storm surge varied significantly across the region. At Sewells Point, the maximum water level was 7.9 feet above MLLW. This represented a 5 foot storm surge. At Gloucester Point, the water level reached 8.32 feet, representing a 6.4 foot surge. A storm survey indicated a surge around 6.5 feet at Colonial Beach. On the Rappahannock, surge values between 5.5 and 6.0 feet occurred at Tappahannock and downstream near Dunnsville. Even higher surge values were noted up the rivers in eastern Virginia, such as the James, Potomac, York and Rappahannock. Storm surge values around 9 feet were estimated at West Point Virginia. At Richmond City Locks, a more than 8 foot surge was noted, and Smithfield also recorded an 8 foot storm surge. An estimated 8 foot surge also occurred near the intersection of the James and Appomattox Rivers in Hopewell. The lowest sea level pressure recorded was 987 mb at Portsmouth Virginia. Isabel will be remembered for the greatest wind and storm surge in the region since Hazel in 1954, and the 1933 Chesapeake-Potomac Hurricane. Also, Isabel will be remembered for the most extensive power outages ever in Virginia, and permanent change to the landscape from all the fallen trees and storm surge. Rainfall amounts ranged from 1.5 to 5 inches across eastern, and southeast Virginia. Toano in James City county reported 10.60 inches. Inland flooding due to heavy rainfall occurred over parts of eastern and southeast Virginia. Significant beach erosion occurred across Newport News and Hampton. In Virginia Beach, 15th street fishing pier was significantly damaged, and Buckroe and Lynnhaven Piers were destroyed. Significant erosion was also observed as far north as the middle peninsula and northern neck. In addition, many privately owned piers, as well as some public piers were damaged or destroyed by storm surge and/or wave impacts in this region. Eight deaths can be directly attributed to Isabel in the Wakefield area of responsibility, with 7 in Virginia. There were more than 15 deaths indirectly attributed to the storm.	112
5372167	JAMES CITY (ZONE)	 	9/18/2003	800	Hurricane (Typhoon)	 	 	0	0	45000000	46000	VA	EST	 	1163188	Z	90	AKQ	0	0	EMERGENCY MANAGER	 	 	 	 	 	 	 	 	9/19/2003	300	 	 	 	 		Hurricane Isabel was a Category 1 hurricane as it crossed the Wakefield WFO county warning area. Sustained tropical storm force winds with frequent gusts to hurricane force occurred over Eastern Virginia, along and near the Chesapeake Bay and Atlantic Coastal Waters. Isabel made landfall near Ocracoke Inlet in North Carolina, tracked northwest into central Virginia just west of Richmond, then continued northward into western Pennsylvania. The highest sustained wind speed recorded was 72 mph at Chesapeake Light (CHLV2). Other sustained wind speeds were 69 mph at Gloucester Point (VIMS), 61 mph at the Chesapeake Bay Bridge Tunnel, 58 mph at Norfolk Naval Air Station (NGU), 57 mph at Sewells Point, and 55 mph at Oceana Naval Air Station (NTU). The highest gusts recorded were 107 mph at Gwynns Island (Mathews County), 100 mph at Reedville (Middlesex County), 93 mph at Chesapeake Light, 91 mph at Gloucester Point, and 83 mph at Norfolk Naval Air Station. Only one confirmed tornado occurred in association with Isabel. Mandatory evacuations were ordered for parts of Hampton Roads, with approximately several thousand persons evacuated and housed in numerous shelters across central and eastern Virginia. The unusually large wind field uprooted many thousands of trees, downed many power lines, damaged hundreds of houses, and snapped thousands of telephone poles and cross arms. Hundreds of roads, including major highways, were blocked by fallen trees. Over 2 million customers of Dominion Virginia Power were without electricity. Local electrical cooperatives also reported thousands of customers were without power. Storm surge varied significantly across the region. At Sewells Point, the maximum water level was 7.9 feet above MLLW. This represented a 5 foot storm surge. At Gloucester Point, the water level reached 8.32 feet, representing a 6.4 foot surge. A storm survey indicated a surge around 6.5 feet at Colonial Beach. On the Rappahannock, surge values between 5.5 and 6.0 feet occurred at Tappahannock and downstream near Dunnsville. Even higher surge values were noted up the rivers in eastern Virginia, such as the James, Potomac, York and Rappahannock. Storm surge values around 9 feet were estimated at West Point Virginia. At Richmond City Locks, a more than 8 foot surge was noted, and Smithfield also recorded an 8 foot storm surge. An estimated 8 foot surge also occurred near the intersection of the James and Appomattox Rivers in Hopewell. The lowest sea level pressure recorded was 987 mb at Portsmouth Virginia. Isabel will be remembered for the greatest wind and storm surge in the region since Hazel in 1954, and the 1933 Chesapeake-Potomac Hurricane. Also, Isabel will be remembered for the most extensive power outages ever in Virginia, and permanent change to the landscape from all the fallen trees and storm surge. Rainfall amounts ranged from 1.5 to 5 inches across eastern, and southeast Virginia. Toano in James City county reported 10.60 inches. Inland flooding due to heavy rainfall occurred over parts of eastern and southeast Virginia. Significant beach erosion occurred across Newport News and Hampton. In Virginia Beach, 15th street fishing pier was significantly damaged, and Buckroe and Lynnhaven Piers were destroyed. Significant erosion was also observed as far north as the middle peninsula and northern neck. In addition, many privately owned piers, as well as some public piers were damaged or destroyed by storm surge and/or wave impacts in this region. Eight deaths can be directly attributed to Isabel in the Wakefield area of responsibility, with 7 in Virginia. There were more than 15 deaths indirectly attributed to the storm.	113
5372166	ISLE OF WIGHT (ZONE)	 	9/18/2003	800	Hurricane (Typhoon)	 	 	1	0	0	0	VA	EST	 	1163188	Z	93	AKQ	0	0	EMERGENCY MANAGER	 	 	 	 	 	 	 	 	9/19/2003	300	 	 	 	 		Hurricane Isabel was a Category 1 hurricane as it crossed the Wakefield WFO county warning area. Sustained tropical storm force winds with frequent gusts to hurricane force occurred over Eastern Virginia, along and near the Chesapeake Bay and Atlantic Coastal Waters. Isabel made landfall near Ocracoke Inlet in North Carolina, tracked northwest into central Virginia just west of Richmond, then continued northward into western Pennsylvania. The highest sustained wind speed recorded was 72 mph at Chesapeake Light (CHLV2). Other sustained wind speeds were 69 mph at Gloucester Point (VIMS), 61 mph at the Chesapeake Bay Bridge Tunnel, 58 mph at Norfolk Naval Air Station (NGU), 57 mph at Sewells Point, and 55 mph at Oceana Naval Air Station (NTU). The highest gusts recorded were 107 mph at Gwynns Island (Mathews County), 100 mph at Reedville (Middlesex County), 93 mph at Chesapeake Light, 91 mph at Gloucester Point, and 83 mph at Norfolk Naval Air Station. Only one confirmed tornado occurred in association with Isabel. Mandatory evacuations were ordered for parts of Hampton Roads, with approximately several thousand persons evacuated and housed in numerous shelters across central and eastern Virginia. The unusually large wind field uprooted many thousands of trees, downed many power lines, damaged hundreds of houses, and snapped thousands of telephone poles and cross arms. Hundreds of roads, including major highways, were blocked by fallen trees. Over 2 million customers of Dominion Virginia Power were without electricity. Local electrical cooperatives also reported thousands of customers were without power. Storm surge varied significantly across the region. At Sewells Point, the maximum water level was 7.9 feet above MLLW. This represented a 5 foot storm surge. At Gloucester Point, the water level reached 8.32 feet, representing a 6.4 foot surge. A storm survey indicated a surge around 6.5 feet at Colonial Beach. On the Rappahannock, surge values between 5.5 and 6.0 feet occurred at Tappahannock and downstream near Dunnsville. Even higher surge values were noted up the rivers in eastern Virginia, such as the James, Potomac, York and Rappahannock. Storm surge values around 9 feet were estimated at West Point Virginia. At Richmond City Locks, a more than 8 foot surge was noted, and Smithfield also recorded an 8 foot storm surge. An estimated 8 foot surge also occurred near the intersection of the James and Appomattox Rivers in Hopewell. The lowest sea level pressure recorded was 987 mb at Portsmouth Virginia. Isabel will be remembered for the greatest wind and storm surge in the region since Hazel in 1954, and the 1933 Chesapeake-Potomac Hurricane. Also, Isabel will be remembered for the most extensive power outages ever in Virginia, and permanent change to the landscape from all the fallen trees and storm surge. Rainfall amounts ranged from 1.5 to 5 inches across eastern, and southeast Virginia. Toano in James City county reported 10.60 inches. Inland flooding due to heavy rainfall occurred over parts of eastern and southeast Virginia. Significant beach erosion occurred across Newport News and Hampton. In Virginia Beach, 15th street fishing pier was significantly damaged, and Buckroe and Lynnhaven Piers were destroyed. Significant erosion was also observed as far north as the middle peninsula and northern neck. In addition, many privately owned piers, as well as some public piers were damaged or destroyed by storm surge and/or wave impacts in this region. Eight deaths can be directly attributed to Isabel in the Wakefield area of responsibility, with 7 in Virginia. There were more than 15 deaths indirectly attributed to the storm.	114
5372165	GLOUCESTER (ZONE)	 	9/18/2003	800	Hurricane (Typhoon)	 	 	0	0	8000000	2500000	VA	EST	 	1163188	Z	84	AKQ	0	0	EMERGENCY MANAGER	 	 	 	 	 	 	 	 	9/19/2003	300	 	 	 	 		Hurricane Isabel was a Category 1 hurricane as it crossed the Wakefield WFO county warning area. Sustained tropical storm force winds with frequent gusts to hurricane force occurred over Eastern Virginia, along and near the Chesapeake Bay and Atlantic Coastal Waters. Isabel made landfall near Ocracoke Inlet in North Carolina, tracked northwest into central Virginia just west of Richmond, then continued northward into western Pennsylvania. The highest sustained wind speed recorded was 72 mph at Chesapeake Light (CHLV2). Other sustained wind speeds were 69 mph at Gloucester Point (VIMS), 61 mph at the Chesapeake Bay Bridge Tunnel, 58 mph at Norfolk Naval Air Station (NGU), 57 mph at Sewells Point, and 55 mph at Oceana Naval Air Station (NTU). The highest gusts recorded were 107 mph at Gwynns Island (Mathews County), 100 mph at Reedville (Middlesex County), 93 mph at Chesapeake Light, 91 mph at Gloucester Point, and 83 mph at Norfolk Naval Air Station. Only one confirmed tornado occurred in association with Isabel. Mandatory evacuations were ordered for parts of Hampton Roads, with approximately several thousand persons evacuated and housed in numerous shelters across central and eastern Virginia. The unusually large wind field uprooted many thousands of trees, downed many power lines, damaged hundreds of houses, and snapped thousands of telephone poles and cross arms. Hundreds of roads, including major highways, were blocked by fallen trees. Over 2 million customers of Dominion Virginia Power were without electricity. Local electrical cooperatives also reported thousands of customers were without power. Storm surge varied significantly across the region. At Sewells Point, the maximum water level was 7.9 feet above MLLW. This represented a 5 foot storm surge. At Gloucester Point, the water level reached 8.32 feet, representing a 6.4 foot surge. A storm survey indicated a surge around 6.5 feet at Colonial Beach. On the Rappahannock, surge values between 5.5 and 6.0 feet occurred at Tappahannock and downstream near Dunnsville. Even higher surge values were noted up the rivers in eastern Virginia, such as the James, Potomac, York and Rappahannock. Storm surge values around 9 feet were estimated at West Point Virginia. At Richmond City Locks, a more than 8 foot surge was noted, and Smithfield also recorded an 8 foot storm surge. An estimated 8 foot surge also occurred near the intersection of the James and Appomattox Rivers in Hopewell. The lowest sea level pressure recorded was 987 mb at Portsmouth Virginia. Isabel will be remembered for the greatest wind and storm surge in the region since Hazel in 1954, and the 1933 Chesapeake-Potomac Hurricane. Also, Isabel will be remembered for the most extensive power outages ever in Virginia, and permanent change to the landscape from all the fallen trees and storm surge. Rainfall amounts ranged from 1.5 to 5 inches across eastern, and southeast Virginia. Toano in James City county reported 10.60 inches. Inland flooding due to heavy rainfall occurred over parts of eastern and southeast Virginia. Significant beach erosion occurred across Newport News and Hampton. In Virginia Beach, 15th street fishing pier was significantly damaged, and Buckroe and Lynnhaven Piers were destroyed. Significant erosion was also observed as far north as the middle peninsula and northern neck. In addition, many privately owned piers, as well as some public piers were damaged or destroyed by storm surge and/or wave impacts in this region. Eight deaths can be directly attributed to Isabel in the Wakefield area of responsibility, with 7 in Virginia. There were more than 15 deaths indirectly attributed to the storm.	115
5372164	ESSEX (ZONE)	 	9/18/2003	800	Hurricane (Typhoon)	 	 	0	0	20000000	100000	VA	EST	 	1163188	Z	74	AKQ	0	0	EMERGENCY MANAGER	 	 	 	 	 	 	 	 	9/19/2003	300	 	 	 	 		Hurricane Isabel was a Category 1 hurricane as it crossed the Wakefield WFO county warning area. Sustained tropical storm force winds with frequent gusts to hurricane force occurred over Eastern Virginia, along and near the Chesapeake Bay and Atlantic Coastal Waters. Isabel made landfall near Ocracoke Inlet in North Carolina, tracked northwest into central Virginia just west of Richmond, then continued northward into western Pennsylvania. The highest sustained wind speed recorded was 72 mph at Chesapeake Light (CHLV2). Other sustained wind speeds were 69 mph at Gloucester Point (VIMS), 61 mph at the Chesapeake Bay Bridge Tunnel, 58 mph at Norfolk Naval Air Station (NGU), 57 mph at Sewells Point, and 55 mph at Oceana Naval Air Station (NTU). The highest gusts recorded were 107 mph at Gwynns Island (Mathews County), 100 mph at Reedville (Middlesex County), 93 mph at Chesapeake Light, 91 mph at Gloucester Point, and 83 mph at Norfolk Naval Air Station. Only one confirmed tornado occurred in association with Isabel. Mandatory evacuations were ordered for parts of Hampton Roads, with approximately several thousand persons evacuated and housed in numerous shelters across central and eastern Virginia. The unusually large wind field uprooted many thousands of trees, downed many power lines, damaged hundreds of houses, and snapped thousands of telephone poles and cross arms. Hundreds of roads, including major highways, were blocked by fallen trees. Over 2 million customers of Dominion Virginia Power were without electricity. Local electrical cooperatives also reported thousands of customers were without power. Storm surge varied significantly across the region. At Sewells Point, the maximum water level was 7.9 feet above MLLW. This represented a 5 foot storm surge. At Gloucester Point, the water level reached 8.32 feet, representing a 6.4 foot surge. A storm survey indicated a surge around 6.5 feet at Colonial Beach. On the Rappahannock, surge values between 5.5 and 6.0 feet occurred at Tappahannock and downstream near Dunnsville. Even higher surge values were noted up the rivers in eastern Virginia, such as the James, Potomac, York and Rappahannock. Storm surge values around 9 feet were estimated at West Point Virginia. At Richmond City Locks, a more than 8 foot surge was noted, and Smithfield also recorded an 8 foot storm surge. An estimated 8 foot surge also occurred near the intersection of the James and Appomattox Rivers in Hopewell. The lowest sea level pressure recorded was 987 mb at Portsmouth Virginia. Isabel will be remembered for the greatest wind and storm surge in the region since Hazel in 1954, and the 1933 Chesapeake-Potomac Hurricane. Also, Isabel will be remembered for the most extensive power outages ever in Virginia, and permanent change to the landscape from all the fallen trees and storm surge. Rainfall amounts ranged from 1.5 to 5 inches across eastern, and southeast Virginia. Toano in James City county reported 10.60 inches. Inland flooding due to heavy rainfall occurred over parts of eastern and southeast Virginia. Significant beach erosion occurred across Newport News and Hampton. In Virginia Beach, 15th street fishing pier was significantly damaged, and Buckroe and Lynnhaven Piers were destroyed. Significant erosion was also observed as far north as the middle peninsula and northern neck. In addition, many privately owned piers, as well as some public piers were damaged or destroyed by storm surge and/or wave impacts in this region. Eight deaths can be directly attributed to Isabel in the Wakefield area of responsibility, with 7 in Virginia. There were more than 15 deaths indirectly attributed to the storm.	116
5372163	CHESAPEAKE (ZONE)	 	9/18/2003	800	Hurricane (Typhoon)	 	 	0	0	28000000	2000000	VA	EST	 	1163188	Z	97	AKQ	0	0	EMERGENCY MANAGER	 	 	 	 	 	 	 	 	9/19/2003	300	 	 	 	 		Hurricane Isabel was a Category 1 hurricane as it crossed the Wakefield WFO county warning area. Sustained tropical storm force winds with frequent gusts to hurricane force occurred over Eastern Virginia, along and near the Chesapeake Bay and Atlantic Coastal Waters. Isabel made landfall near Ocracoke Inlet in North Carolina, tracked northwest into central Virginia just west of Richmond, then continued northward into western Pennsylvania. The highest sustained wind speed recorded was 72 mph at Chesapeake Light (CHLV2). Other sustained wind speeds were 69 mph at Gloucester Point (VIMS), 61 mph at the Chesapeake Bay Bridge Tunnel, 58 mph at Norfolk Naval Air Station (NGU), 57 mph at Sewells Point, and 55 mph at Oceana Naval Air Station (NTU). The highest gusts recorded were 107 mph at Gwynns Island (Mathews County), 100 mph at Reedville (Middlesex County), 93 mph at Chesapeake Light, 91 mph at Gloucester Point, and 83 mph at Norfolk Naval Air Station. Only one confirmed tornado occurred in association with Isabel. Mandatory evacuations were ordered for parts of Hampton Roads, with approximately several thousand persons evacuated and housed in numerous shelters across central and eastern Virginia. The unusually large wind field uprooted many thousands of trees, downed many power lines, damaged hundreds of houses, and snapped thousands of telephone poles and cross arms. Hundreds of roads, including major highways, were blocked by fallen trees. Over 2 million customers of Dominion Virginia Power were without electricity. Local electrical cooperatives also reported thousands of customers were without power. Storm surge varied significantly across the region. At Sewells Point, the maximum water level was 7.9 feet above MLLW. This represented a 5 foot storm surge. At Gloucester Point, the water level reached 8.32 feet, representing a 6.4 foot surge. A storm survey indicated a surge around 6.5 feet at Colonial Beach. On the Rappahannock, surge values between 5.5 and 6.0 feet occurred at Tappahannock and downstream near Dunnsville. Even higher surge values were noted up the rivers in eastern Virginia, such as the James, Potomac, York and Rappahannock. Storm surge values around 9 feet were estimated at West Point Virginia. At Richmond City Locks, a more than 8 foot surge was noted, and Smithfield also recorded an 8 foot storm surge. An estimated 8 foot surge also occurred near the intersection of the James and Appomattox Rivers in Hopewell. The lowest sea level pressure recorded was 987 mb at Portsmouth Virginia. Isabel will be remembered for the greatest wind and storm surge in the region since Hazel in 1954, and the 1933 Chesapeake-Potomac Hurricane. Also, Isabel will be remembered for the most extensive power outages ever in Virginia, and permanent change to the landscape from all the fallen trees and storm surge. Rainfall amounts ranged from 1.5 to 5 inches across eastern, and southeast Virginia. Toano in James City county reported 10.60 inches. Inland flooding due to heavy rainfall occurred over parts of eastern and southeast Virginia. Significant beach erosion occurred across Newport News and Hampton. In Virginia Beach, 15th street fishing pier was significantly damaged, and Buckroe and Lynnhaven Piers were destroyed. Significant erosion was also observed as far north as the middle peninsula and northern neck. In addition, many privately owned piers, as well as some public piers were damaged or destroyed by storm surge and/or wave impacts in this region. Eight deaths can be directly attributed to Isabel in the Wakefield area of responsibility, with 7 in Virginia. There were more than 15 deaths indirectly attributed to the storm.	117
5372180	YORK (ZONE)	 	9/18/2003	800	Hurricane (Typhoon)	 	 	0	0	133000000	125000	VA	EST	 	1163188	Z	91	AKQ	0	0	EMERGENCY MANAGER	 	 	 	 	 	 	 	 	9/19/2003	300	 	 	 	 		Hurricane Isabel was a Category 1 hurricane as it crossed the Wakefield WFO county warning area. Sustained tropical storm force winds with frequent gusts to hurricane force occurred over Eastern Virginia, along and near the Chesapeake Bay and Atlantic Coastal Waters. Isabel made landfall near Ocracoke Inlet in North Carolina, tracked northwest into central Virginia just west of Richmond, then continued northward into western Pennsylvania. The highest sustained wind speed recorded was 72 mph at Chesapeake Light (CHLV2). Other sustained wind speeds were 69 mph at Gloucester Point (VIMS), 61 mph at the Chesapeake Bay Bridge Tunnel, 58 mph at Norfolk Naval Air Station (NGU), 57 mph at Sewells Point, and 55 mph at Oceana Naval Air Station (NTU). The highest gusts recorded were 107 mph at Gwynns Island (Mathews County), 100 mph at Reedville (Middlesex County), 93 mph at Chesapeake Light, 91 mph at Gloucester Point, and 83 mph at Norfolk Naval Air Station. Only one confirmed tornado occurred in association with Isabel. Mandatory evacuations were ordered for parts of Hampton Roads, with approximately several thousand persons evacuated and housed in numerous shelters across central and eastern Virginia. The unusually large wind field uprooted many thousands of trees, downed many power lines, damaged hundreds of houses, and snapped thousands of telephone poles and cross arms. Hundreds of roads, including major highways, were blocked by fallen trees. Over 2 million customers of Dominion Virginia Power were without electricity. Local electrical cooperatives also reported thousands of customers were without power. Storm surge varied significantly across the region. At Sewells Point, the maximum water level was 7.9 feet above MLLW. This represented a 5 foot storm surge. At Gloucester Point, the water level reached 8.32 feet, representing a 6.4 foot surge. A storm survey indicated a surge around 6.5 feet at Colonial Beach. On the Rappahannock, surge values between 5.5 and 6.0 feet occurred at Tappahannock and downstream near Dunnsville. Even higher surge values were noted up the rivers in eastern Virginia, such as the James, Potomac, York and Rappahannock. Storm surge values around 9 feet were estimated at West Point Virginia. At Richmond City Locks, a more than 8 foot surge was noted, and Smithfield also recorded an 8 foot storm surge. An estimated 8 foot surge also occurred near the intersection of the James and Appomattox Rivers in Hopewell. The lowest sea level pressure recorded was 987 mb at Portsmouth Virginia. Isabel will be remembered for the greatest wind and storm surge in the region since Hazel in 1954, and the 1933 Chesapeake-Potomac Hurricane. Also, Isabel will be remembered for the most extensive power outages ever in Virginia, and permanent change to the landscape from all the fallen trees and storm surge. Rainfall amounts ranged from 1.5 to 5 inches across eastern, and southeast Virginia. Toano in James City county reported 10.60 inches. Inland flooding due to heavy rainfall occurred over parts of eastern and southeast Virginia. Significant beach erosion occurred across Newport News and Hampton. In Virginia Beach, 15th street fishing pier was significantly damaged, and Buckroe and Lynnhaven Piers were destroyed. Significant erosion was also observed as far north as the middle peninsula and northern neck. In addition, many privately owned piers, as well as some public piers were damaged or destroyed by storm surge and/or wave impacts in this region. Eight deaths can be directly attributed to Isabel in the Wakefield area of responsibility, with 7 in Virginia. There were more than 15 deaths indirectly attributed to the storm.	118
5372179	WESTMORELAND (ZONE)	 	9/18/2003	800	Hurricane (Typhoon)	 	 	0	0	0	450000	VA	EST	 	1163188	Z	75	AKQ	0	0	EMERGENCY MANAGER	 	 	 	 	 	 	 	 	9/19/2003	300	 	 	 	 		Hurricane Isabel was a Category 1 hurricane as it crossed the Wakefield WFO county warning area. Sustained tropical storm force winds with frequent gusts to hurricane force occurred over Eastern Virginia, along and near the Chesapeake Bay and Atlantic Coastal Waters. Isabel made landfall near Ocracoke Inlet in North Carolina, tracked northwest into central Virginia just west of Richmond, then continued northward into western Pennsylvania. The highest sustained wind speed recorded was 72 mph at Chesapeake Light (CHLV2). Other sustained wind speeds were 69 mph at Gloucester Point (VIMS), 61 mph at the Chesapeake Bay Bridge Tunnel, 58 mph at Norfolk Naval Air Station (NGU), 57 mph at Sewells Point, and 55 mph at Oceana Naval Air Station (NTU). The highest gusts recorded were 107 mph at Gwynns Island (Mathews County), 100 mph at Reedville (Middlesex County), 93 mph at Chesapeake Light, 91 mph at Gloucester Point, and 83 mph at Norfolk Naval Air Station. Only one confirmed tornado occurred in association with Isabel. Mandatory evacuations were ordered for parts of Hampton Roads, with approximately several thousand persons evacuated and housed in numerous shelters across central and eastern Virginia. The unusually large wind field uprooted many thousands of trees, downed many power lines, damaged hundreds of houses, and snapped thousands of telephone poles and cross arms. Hundreds of roads, including major highways, were blocked by fallen trees. Over 2 million customers of Dominion Virginia Power were without electricity. Local electrical cooperatives also reported thousands of customers were without power. Storm surge varied significantly across the region. At Sewells Point, the maximum water level was 7.9 feet above MLLW. This represented a 5 foot storm surge. At Gloucester Point, the water level reached 8.32 feet, representing a 6.4 foot surge. A storm survey indicated a surge around 6.5 feet at Colonial Beach. On the Rappahannock, surge values between 5.5 and 6.0 feet occurred at Tappahannock and downstream near Dunnsville. Even higher surge values were noted up the rivers in eastern Virginia, such as the James, Potomac, York and Rappahannock. Storm surge values around 9 feet were estimated at West Point Virginia. At Richmond City Locks, a more than 8 foot surge was noted, and Smithfield also recorded an 8 foot storm surge. An estimated 8 foot surge also occurred near the intersection of the James and Appomattox Rivers in Hopewell. The lowest sea level pressure recorded was 987 mb at Portsmouth Virginia. Isabel will be remembered for the greatest wind and storm surge in the region since Hazel in 1954, and the 1933 Chesapeake-Potomac Hurricane. Also, Isabel will be remembered for the most extensive power outages ever in Virginia, and permanent change to the landscape from all the fallen trees and storm surge. Rainfall amounts ranged from 1.5 to 5 inches across eastern, and southeast Virginia. Toano in James City county reported 10.60 inches. Inland flooding due to heavy rainfall occurred over parts of eastern and southeast Virginia. Significant beach erosion occurred across Newport News and Hampton. In Virginia Beach, 15th street fishing pier was significantly damaged, and Buckroe and Lynnhaven Piers were destroyed. Significant erosion was also observed as far north as the middle peninsula and northern neck. In addition, many privately owned piers, as well as some public piers were damaged or destroyed by storm surge and/or wave impacts in this region. Eight deaths can be directly attributed to Isabel in the Wakefield area of responsibility, with 7 in Virginia. There were more than 15 deaths indirectly attributed to the storm.	119
5372178	VIRGINIA BEACH (ZONE)	 	9/18/2003	800	Hurricane (Typhoon)	 	 	0	0	39000000	400000	VA	EST	 	1163188	Z	98	AKQ	0	0	EMERGENCY MANAGER	 	 	 	 	 	 	 	 	9/19/2003	300	 	 	 	 		Hurricane Isabel was a Category 1 hurricane as it crossed the Wakefield WFO county warning area. Sustained tropical storm force winds with frequent gusts to hurricane force occurred over Eastern Virginia, along and near the Chesapeake Bay and Atlantic Coastal Waters. Isabel made landfall near Ocracoke Inlet in North Carolina, tracked northwest into central Virginia just west of Richmond, then continued northward into western Pennsylvania. The highest sustained wind speed recorded was 72 mph at Chesapeake Light (CHLV2). Other sustained wind speeds were 69 mph at Gloucester Point (VIMS), 61 mph at the Chesapeake Bay Bridge Tunnel, 58 mph at Norfolk Naval Air Station (NGU), 57 mph at Sewells Point, and 55 mph at Oceana Naval Air Station (NTU). The highest gusts recorded were 107 mph at Gwynns Island (Mathews County), 100 mph at Reedville (Middlesex County), 93 mph at Chesapeake Light, 91 mph at Gloucester Point, and 83 mph at Norfolk Naval Air Station. Only one confirmed tornado occurred in association with Isabel. Mandatory evacuations were ordered for parts of Hampton Roads, with approximately several thousand persons evacuated and housed in numerous shelters across central and eastern Virginia. The unusually large wind field uprooted many thousands of trees, downed many power lines, damaged hundreds of houses, and snapped thousands of telephone poles and cross arms. Hundreds of roads, including major highways, were blocked by fallen trees. Over 2 million customers of Dominion Virginia Power were without electricity. Local electrical cooperatives also reported thousands of customers were without power. Storm surge varied significantly across the region. At Sewells Point, the maximum water level was 7.9 feet above MLLW. This represented a 5 foot storm surge. At Gloucester Point, the water level reached 8.32 feet, representing a 6.4 foot surge. A storm survey indicated a surge around 6.5 feet at Colonial Beach. On the Rappahannock, surge values between 5.5 and 6.0 feet occurred at Tappahannock and downstream near Dunnsville. Even higher surge values were noted up the rivers in eastern Virginia, such as the James, Potomac, York and Rappahannock. Storm surge values around 9 feet were estimated at West Point Virginia. At Richmond City Locks, a more than 8 foot surge was noted, and Smithfield also recorded an 8 foot storm surge. An estimated 8 foot surge also occurred near the intersection of the James and Appomattox Rivers in Hopewell. The lowest sea level pressure recorded was 987 mb at Portsmouth Virginia. Isabel will be remembered for the greatest wind and storm surge in the region since Hazel in 1954, and the 1933 Chesapeake-Potomac Hurricane. Also, Isabel will be remembered for the most extensive power outages ever in Virginia, and permanent change to the landscape from all the fallen trees and storm surge. Rainfall amounts ranged from 1.5 to 5 inches across eastern, and southeast Virginia. Toano in James City county reported 10.60 inches. Inland flooding due to heavy rainfall occurred over parts of eastern and southeast Virginia. Significant beach erosion occurred across Newport News and Hampton. In Virginia Beach, 15th street fishing pier was significantly damaged, and Buckroe and Lynnhaven Piers were destroyed. Significant erosion was also observed as far north as the middle peninsula and northern neck. In addition, many privately owned piers, as well as some public piers were damaged or destroyed by storm surge and/or wave impacts in this region. Eight deaths can be directly attributed to Isabel in the Wakefield area of responsibility, with 7 in Virginia. There were more than 15 deaths indirectly attributed to the storm.	120
5372177	SURRY (ZONE)	 	9/18/2003	800	Hurricane (Typhoon)	 	 	0	0	0	0	VA	EST	 	1163188	Z	89	AKQ	0	0	EMERGENCY MANAGER	 	 	 	 	 	 	 	 	9/19/2003	300	 	 	 	 		Hurricane Isabel was a Category 1 hurricane as it crossed the Wakefield WFO county warning area. Sustained tropical storm force winds with frequent gusts to hurricane force occurred over Eastern Virginia, along and near the Chesapeake Bay and Atlantic Coastal Waters. Isabel made landfall near Ocracoke Inlet in North Carolina, tracked northwest into central Virginia just west of Richmond, then continued northward into western Pennsylvania. The highest sustained wind speed recorded was 72 mph at Chesapeake Light (CHLV2). Other sustained wind speeds were 69 mph at Gloucester Point (VIMS), 61 mph at the Chesapeake Bay Bridge Tunnel, 58 mph at Norfolk Naval Air Station (NGU), 57 mph at Sewells Point, and 55 mph at Oceana Naval Air Station (NTU). The highest gusts recorded were 107 mph at Gwynns Island (Mathews County), 100 mph at Reedville (Middlesex County), 93 mph at Chesapeake Light, 91 mph at Gloucester Point, and 83 mph at Norfolk Naval Air Station. Only one confirmed tornado occurred in association with Isabel. Mandatory evacuations were ordered for parts of Hampton Roads, with approximately several thousand persons evacuated and housed in numerous shelters across central and eastern Virginia. The unusually large wind field uprooted many thousands of trees, downed many power lines, damaged hundreds of houses, and snapped thousands of telephone poles and cross arms. Hundreds of roads, including major highways, were blocked by fallen trees. Over 2 million customers of Dominion Virginia Power were without electricity. Local electrical cooperatives also reported thousands of customers were without power. Storm surge varied significantly across the region. At Sewells Point, the maximum water level was 7.9 feet above MLLW. This represented a 5 foot storm surge. At Gloucester Point, the water level reached 8.32 feet, representing a 6.4 foot surge. A storm survey indicated a surge around 6.5 feet at Colonial Beach. On the Rappahannock, surge values between 5.5 and 6.0 feet occurred at Tappahannock and downstream near Dunnsville. Even higher surge values were noted up the rivers in eastern Virginia, such as the James, Potomac, York and Rappahannock. Storm surge values around 9 feet were estimated at West Point Virginia. At Richmond City Locks, a more than 8 foot surge was noted, and Smithfield also recorded an 8 foot storm surge. An estimated 8 foot surge also occurred near the intersection of the James and Appomattox Rivers in Hopewell. The lowest sea level pressure recorded was 987 mb at Portsmouth Virginia. Isabel will be remembered for the greatest wind and storm surge in the region since Hazel in 1954, and the 1933 Chesapeake-Potomac Hurricane. Also, Isabel will be remembered for the most extensive power outages ever in Virginia, and permanent change to the landscape from all the fallen trees and storm surge. Rainfall amounts ranged from 1.5 to 5 inches across eastern, and southeast Virginia. Toano in James City county reported 10.60 inches. Inland flooding due to heavy rainfall occurred over parts of eastern and southeast Virginia. Significant beach erosion occurred across Newport News and Hampton. In Virginia Beach, 15th street fishing pier was significantly damaged, and Buckroe and Lynnhaven Piers were destroyed. Significant erosion was also observed as far north as the middle peninsula and northern neck. In addition, many privately owned piers, as well as some public piers were damaged or destroyed by storm surge and/or wave impacts in this region. Eight deaths can be directly attributed to Isabel in the Wakefield area of responsibility, with 7 in Virginia. There were more than 15 deaths indirectly attributed to the storm.	121
5372176	SUFFOLK (ZONE)	 	9/18/2003	800	Hurricane (Typhoon)	 	 	0	0	31000000	2000000	VA	EST	 	1163188	Z	96	AKQ	0	0	EMERGENCY MANAGER	 	 	 	 	 	 	 	 	9/19/2003	300	 	 	 	 		Hurricane Isabel was a Category 1 hurricane as it crossed the Wakefield WFO county warning area. Sustained tropical storm force winds with frequent gusts to hurricane force occurred over Eastern Virginia, along and near the Chesapeake Bay and Atlantic Coastal Waters. Isabel made landfall near Ocracoke Inlet in North Carolina, tracked northwest into central Virginia just west of Richmond, then continued northward into western Pennsylvania. The highest sustained wind speed recorded was 72 mph at Chesapeake Light (CHLV2). Other sustained wind speeds were 69 mph at Gloucester Point (VIMS), 61 mph at the Chesapeake Bay Bridge Tunnel, 58 mph at Norfolk Naval Air Station (NGU), 57 mph at Sewells Point, and 55 mph at Oceana Naval Air Station (NTU). The highest gusts recorded were 107 mph at Gwynns Island (Mathews County), 100 mph at Reedville (Middlesex County), 93 mph at Chesapeake Light, 91 mph at Gloucester Point, and 83 mph at Norfolk Naval Air Station. Only one confirmed tornado occurred in association with Isabel. Mandatory evacuations were ordered for parts of Hampton Roads, with approximately several thousand persons evacuated and housed in numerous shelters across central and eastern Virginia. The unusually large wind field uprooted many thousands of trees, downed many power lines, damaged hundreds of houses, and snapped thousands of telephone poles and cross arms. Hundreds of roads, including major highways, were blocked by fallen trees. Over 2 million customers of Dominion Virginia Power were without electricity. Local electrical cooperatives also reported thousands of customers were without power. Storm surge varied significantly across the region. At Sewells Point, the maximum water level was 7.9 feet above MLLW. This represented a 5 foot storm surge. At Gloucester Point, the water level reached 8.32 feet, representing a 6.4 foot surge. A storm survey indicated a surge around 6.5 feet at Colonial Beach. On the Rappahannock, surge values between 5.5 and 6.0 feet occurred at Tappahannock and downstream near Dunnsville. Even higher surge values were noted up the rivers in eastern Virginia, such as the James, Potomac, York and Rappahannock. Storm surge values around 9 feet were estimated at West Point Virginia. At Richmond City Locks, a more than 8 foot surge was noted, and Smithfield also recorded an 8 foot storm surge. An estimated 8 foot surge also occurred near the intersection of the James and Appomattox Rivers in Hopewell. The lowest sea level pressure recorded was 987 mb at Portsmouth Virginia. Isabel will be remembered for the greatest wind and storm surge in the region since Hazel in 1954, and the 1933 Chesapeake-Potomac Hurricane. Also, Isabel will be remembered for the most extensive power outages ever in Virginia, and permanent change to the landscape from all the fallen trees and storm surge. Rainfall amounts ranged from 1.5 to 5 inches across eastern, and southeast Virginia. Toano in James City county reported 10.60 inches. Inland flooding due to heavy rainfall occurred over parts of eastern and southeast Virginia. Significant beach erosion occurred across Newport News and Hampton. In Virginia Beach, 15th street fishing pier was significantly damaged, and Buckroe and Lynnhaven Piers were destroyed. Significant erosion was also observed as far north as the middle peninsula and northern neck. In addition, many privately owned piers, as well as some public piers were damaged or destroyed by storm surge and/or wave impacts in this region. Eight deaths can be directly attributed to Isabel in the Wakefield area of responsibility, with 7 in Virginia. There were more than 15 deaths indirectly attributed to the storm.	122
5372175	RICHMOND (ZONE)	 	9/18/2003	800	Hurricane (Typhoon)	 	 	0	0	0	0	VA	EST	 	1163188	Z	76	AKQ	0	0	EMERGENCY MANAGER	 	 	 	 	 	 	 	 	9/19/2003	300	 	 	 	 		Hurricane Isabel was a Category 1 hurricane as it crossed the Wakefield WFO county warning area. Sustained tropical storm force winds with frequent gusts to hurricane force occurred over Eastern Virginia, along and near the Chesapeake Bay and Atlantic Coastal Waters. Isabel made landfall near Ocracoke Inlet in North Carolina, tracked northwest into central Virginia just west of Richmond, then continued northward into western Pennsylvania. The highest sustained wind speed recorded was 72 mph at Chesapeake Light (CHLV2). Other sustained wind speeds were 69 mph at Gloucester Point (VIMS), 61 mph at the Chesapeake Bay Bridge Tunnel, 58 mph at Norfolk Naval Air Station (NGU), 57 mph at Sewells Point, and 55 mph at Oceana Naval Air Station (NTU). The highest gusts recorded were 107 mph at Gwynns Island (Mathews County), 100 mph at Reedville (Middlesex County), 93 mph at Chesapeake Light, 91 mph at Gloucester Point, and 83 mph at Norfolk Naval Air Station. Only one confirmed tornado occurred in association with Isabel. Mandatory evacuations were ordered for parts of Hampton Roads, with approximately several thousand persons evacuated and housed in numerous shelters across central and eastern Virginia. The unusually large wind field uprooted many thousands of trees, downed many power lines, damaged hundreds of houses, and snapped thousands of telephone poles and cross arms. Hundreds of roads, including major highways, were blocked by fallen trees. Over 2 million customers of Dominion Virginia Power were without electricity. Local electrical cooperatives also reported thousands of customers were without power. Storm surge varied significantly across the region. At Sewells Point, the maximum water level was 7.9 feet above MLLW. This represented a 5 foot storm surge. At Gloucester Point, the water level reached 8.32 feet, representing a 6.4 foot surge. A storm survey indicated a surge around 6.5 feet at Colonial Beach. On the Rappahannock, surge values between 5.5 and 6.0 feet occurred at Tappahannock and downstream near Dunnsville. Even higher surge values were noted up the rivers in eastern Virginia, such as the James, Potomac, York and Rappahannock. Storm surge values around 9 feet were estimated at West Point Virginia. At Richmond City Locks, a more than 8 foot surge was noted, and Smithfield also recorded an 8 foot storm surge. An estimated 8 foot surge also occurred near the intersection of the James and Appomattox Rivers in Hopewell. The lowest sea level pressure recorded was 987 mb at Portsmouth Virginia. Isabel will be remembered for the greatest wind and storm surge in the region since Hazel in 1954, and the 1933 Chesapeake-Potomac Hurricane. Also, Isabel will be remembered for the most extensive power outages ever in Virginia, and permanent change to the landscape from all the fallen trees and storm surge. Rainfall amounts ranged from 1.5 to 5 inches across eastern, and southeast Virginia. Toano in James City county reported 10.60 inches. Inland flooding due to heavy rainfall occurred over parts of eastern and southeast Virginia. Significant beach erosion occurred across Newport News and Hampton. In Virginia Beach, 15th street fishing pier was significantly damaged, and Buckroe and Lynnhaven Piers were destroyed. Significant erosion was also observed as far north as the middle peninsula and northern neck. In addition, many privately owned piers, as well as some public piers were damaged or destroyed by storm surge and/or wave impacts in this region. Eight deaths can be directly attributed to Isabel in the Wakefield area of responsibility, with 7 in Virginia. There were more than 15 deaths indirectly attributed to the storm.	123
5372174	NORTHUMBERLAND (ZONE)	 	9/18/2003	800	Hurricane (Typhoon)	 	 	0	0	0	0	VA	EST	 	1163188	Z	77	AKQ	0	0	EMERGENCY MANAGER	 	 	 	 	 	 	 	 	9/19/2003	300	 	 	 	 		Hurricane Isabel was a Category 1 hurricane as it crossed the Wakefield WFO county warning area. Sustained tropical storm force winds with frequent gusts to hurricane force occurred over Eastern Virginia, along and near the Chesapeake Bay and Atlantic Coastal Waters. Isabel made landfall near Ocracoke Inlet in North Carolina, tracked northwest into central Virginia just west of Richmond, then continued northward into western Pennsylvania. The highest sustained wind speed recorded was 72 mph at Chesapeake Light (CHLV2). Other sustained wind speeds were 69 mph at Gloucester Point (VIMS), 61 mph at the Chesapeake Bay Bridge Tunnel, 58 mph at Norfolk Naval Air Station (NGU), 57 mph at Sewells Point, and 55 mph at Oceana Naval Air Station (NTU). The highest gusts recorded were 107 mph at Gwynns Island (Mathews County), 100 mph at Reedville (Middlesex County), 93 mph at Chesapeake Light, 91 mph at Gloucester Point, and 83 mph at Norfolk Naval Air Station. Only one confirmed tornado occurred in association with Isabel. Mandatory evacuations were ordered for parts of Hampton Roads, with approximately several thousand persons evacuated and housed in numerous shelters across central and eastern Virginia. The unusually large wind field uprooted many thousands of trees, downed many power lines, damaged hundreds of houses, and snapped thousands of telephone poles and cross arms. Hundreds of roads, including major highways, were blocked by fallen trees. Over 2 million customers of Dominion Virginia Power were without electricity. Local electrical cooperatives also reported thousands of customers were without power. Storm surge varied significantly across the region. At Sewells Point, the maximum water level was 7.9 feet above MLLW. This represented a 5 foot storm surge. At Gloucester Point, the water level reached 8.32 feet, representing a 6.4 foot surge. A storm survey indicated a surge around 6.5 feet at Colonial Beach. On the Rappahannock, surge values between 5.5 and 6.0 feet occurred at Tappahannock and downstream near Dunnsville. Even higher surge values were noted up the rivers in eastern Virginia, such as the James, Potomac, York and Rappahannock. Storm surge values around 9 feet were estimated at West Point Virginia. At Richmond City Locks, a more than 8 foot surge was noted, and Smithfield also recorded an 8 foot storm surge. An estimated 8 foot surge also occurred near the intersection of the James and Appomattox Rivers in Hopewell. The lowest sea level pressure recorded was 987 mb at Portsmouth Virginia. Isabel will be remembered for the greatest wind and storm surge in the region since Hazel in 1954, and the 1933 Chesapeake-Potomac Hurricane. Also, Isabel will be remembered for the most extensive power outages ever in Virginia, and permanent change to the landscape from all the fallen trees and storm surge. Rainfall amounts ranged from 1.5 to 5 inches across eastern, and southeast Virginia. Toano in James City county reported 10.60 inches. Inland flooding due to heavy rainfall occurred over parts of eastern and southeast Virginia. Significant beach erosion occurred across Newport News and Hampton. In Virginia Beach, 15th street fishing pier was significantly damaged, and Buckroe and Lynnhaven Piers were destroyed. Significant erosion was also observed as far north as the middle peninsula and northern neck. In addition, many privately owned piers, as well as some public piers were damaged or destroyed by storm surge and/or wave impacts in this region. Eight deaths can be directly attributed to Isabel in the Wakefield area of responsibility, with 7 in Virginia. There were more than 15 deaths indirectly attributed to the storm.	124
5372173	NORTHAMPTON (ZONE)	 	9/18/2003	800	Hurricane (Typhoon)	 	 	0	0	0	0	VA	EST	 	1163188	Z	100	AKQ	0	0	EMERGENCY MANAGER	 	 	 	 	 	 	 	 	9/19/2003	300	 	 	 	 		Hurricane Isabel was a Category 1 hurricane as it crossed the Wakefield WFO county warning area. Sustained tropical storm force winds with frequent gusts to hurricane force occurred over Eastern Virginia, along and near the Chesapeake Bay and Atlantic Coastal Waters. Isabel made landfall near Ocracoke Inlet in North Carolina, tracked northwest into central Virginia just west of Richmond, then continued northward into western Pennsylvania. The highest sustained wind speed recorded was 72 mph at Chesapeake Light (CHLV2). Other sustained wind speeds were 69 mph at Gloucester Point (VIMS), 61 mph at the Chesapeake Bay Bridge Tunnel, 58 mph at Norfolk Naval Air Station (NGU), 57 mph at Sewells Point, and 55 mph at Oceana Naval Air Station (NTU). The highest gusts recorded were 107 mph at Gwynns Island (Mathews County), 100 mph at Reedville (Middlesex County), 93 mph at Chesapeake Light, 91 mph at Gloucester Point, and 83 mph at Norfolk Naval Air Station. Only one confirmed tornado occurred in association with Isabel. Mandatory evacuations were ordered for parts of Hampton Roads, with approximately several thousand persons evacuated and housed in numerous shelters across central and eastern Virginia. The unusually large wind field uprooted many thousands of trees, downed many power lines, damaged hundreds of houses, and snapped thousands of telephone poles and cross arms. Hundreds of roads, including major highways, were blocked by fallen trees. Over 2 million customers of Dominion Virginia Power were without electricity. Local electrical cooperatives also reported thousands of customers were without power. Storm surge varied significantly across the region. At Sewells Point, the maximum water level was 7.9 feet above MLLW. This represented a 5 foot storm surge. At Gloucester Point, the water level reached 8.32 feet, representing a 6.4 foot surge. A storm survey indicated a surge around 6.5 feet at Colonial Beach. On the Rappahannock, surge values between 5.5 and 6.0 feet occurred at Tappahannock and downstream near Dunnsville. Even higher surge values were noted up the rivers in eastern Virginia, such as the James, Potomac, York and Rappahannock. Storm surge values around 9 feet were estimated at West Point Virginia. At Richmond City Locks, a more than 8 foot surge was noted, and Smithfield also recorded an 8 foot storm surge. An estimated 8 foot surge also occurred near the intersection of the James and Appomattox Rivers in Hopewell. The lowest sea level pressure recorded was 987 mb at Portsmouth Virginia. Isabel will be remembered for the greatest wind and storm surge in the region since Hazel in 1954, and the 1933 Chesapeake-Potomac Hurricane. Also, Isabel will be remembered for the most extensive power outages ever in Virginia, and permanent change to the landscape from all the fallen trees and storm surge. Rainfall amounts ranged from 1.5 to 5 inches across eastern, and southeast Virginia. Toano in James City county reported 10.60 inches. Inland flooding due to heavy rainfall occurred over parts of eastern and southeast Virginia. Significant beach erosion occurred across Newport News and Hampton. In Virginia Beach, 15th street fishing pier was significantly damaged, and Buckroe and Lynnhaven Piers were destroyed. Significant erosion was also observed as far north as the middle peninsula and northern neck. In addition, many privately owned piers, as well as some public piers were damaged or destroyed by storm surge and/or wave impacts in this region. Eight deaths can be directly attributed to Isabel in the Wakefield area of responsibility, with 7 in Virginia. There were more than 15 deaths indirectly attributed to the storm.	125
5372172	NORFOLK (ZONE)	 	9/18/2003	800	Hurricane (Typhoon)	 	 	0	0	10000000	0	VA	EST	 	1163188	Z	95	AKQ	0	0	EMERGENCY MANAGER	 	 	 	 	 	 	 	 	9/19/2003	300	 	 	 	 		Hurricane Isabel was a Category 1 hurricane as it crossed the Wakefield WFO county warning area. Sustained tropical storm force winds with frequent gusts to hurricane force occurred over Eastern Virginia, along and near the Chesapeake Bay and Atlantic Coastal Waters. Isabel made landfall near Ocracoke Inlet in North Carolina, tracked northwest into central Virginia just west of Richmond, then continued northward into western Pennsylvania. The highest sustained wind speed recorded was 72 mph at Chesapeake Light (CHLV2). Other sustained wind speeds were 69 mph at Gloucester Point (VIMS), 61 mph at the Chesapeake Bay Bridge Tunnel, 58 mph at Norfolk Naval Air Station (NGU), 57 mph at Sewells Point, and 55 mph at Oceana Naval Air Station (NTU). The highest gusts recorded were 107 mph at Gwynns Island (Mathews County), 100 mph at Reedville (Middlesex County), 93 mph at Chesapeake Light, 91 mph at Gloucester Point, and 83 mph at Norfolk Naval Air Station. Only one confirmed tornado occurred in association with Isabel. Mandatory evacuations were ordered for parts of Hampton Roads, with approximately several thousand persons evacuated and housed in numerous shelters across central and eastern Virginia. The unusually large wind field uprooted many thousands of trees, downed many power lines, damaged hundreds of houses, and snapped thousands of telephone poles and cross arms. Hundreds of roads, including major highways, were blocked by fallen trees. Over 2 million customers of Dominion Virginia Power were without electricity. Local electrical cooperatives also reported thousands of customers were without power. Storm surge varied significantly across the region. At Sewells Point, the maximum water level was 7.9 feet above MLLW. This represented a 5 foot storm surge. At Gloucester Point, the water level reached 8.32 feet, representing a 6.4 foot surge. A storm survey indicated a surge around 6.5 feet at Colonial Beach. On the Rappahannock, surge values between 5.5 and 6.0 feet occurred at Tappahannock and downstream near Dunnsville. Even higher surge values were noted up the rivers in eastern Virginia, such as the James, Potomac, York and Rappahannock. Storm surge values around 9 feet were estimated at West Point Virginia. At Richmond City Locks, a more than 8 foot surge was noted, and Smithfield also recorded an 8 foot storm surge. An estimated 8 foot surge also occurred near the intersection of the James and Appomattox Rivers in Hopewell. The lowest sea level pressure recorded was 987 mb at Portsmouth Virginia. Isabel will be remembered for the greatest wind and storm surge in the region since Hazel in 1954, and the 1933 Chesapeake-Potomac Hurricane. Also, Isabel will be remembered for the most extensive power outages ever in Virginia, and permanent change to the landscape from all the fallen trees and storm surge. Rainfall amounts ranged from 1.5 to 5 inches across eastern, and southeast Virginia. Toano in James City county reported 10.60 inches. Inland flooding due to heavy rainfall occurred over parts of eastern and southeast Virginia. Significant beach erosion occurred across Newport News and Hampton. In Virginia Beach, 15th street fishing pier was significantly damaged, and Buckroe and Lynnhaven Piers were destroyed. Significant erosion was also observed as far north as the middle peninsula and northern neck. In addition, many privately owned piers, as well as some public piers were damaged or destroyed by storm surge and/or wave impacts in this region. Eight deaths can be directly attributed to Isabel in the Wakefield area of responsibility, with 7 in Virginia. There were more than 15 deaths indirectly attributed to the storm.	126
5372171	NEWPORT NEWS (ZONE)	 	9/18/2003	800	Hurricane (Typhoon)	 	 	0	0	157000000	300000	VA	EST	 	1163188	Z	94	AKQ	0	0	EMERGENCY MANAGER	 	 	 	 	 	 	 	 	9/19/2003	300	 	 	 	 		Hurricane Isabel was a Category 1 hurricane as it crossed the Wakefield WFO county warning area. Sustained tropical storm force winds with frequent gusts to hurricane force occurred over Eastern Virginia, along and near the Chesapeake Bay and Atlantic Coastal Waters. Isabel made landfall near Ocracoke Inlet in North Carolina, tracked northwest into central Virginia just west of Richmond, then continued northward into western Pennsylvania. The highest sustained wind speed recorded was 72 mph at Chesapeake Light (CHLV2). Other sustained wind speeds were 69 mph at Gloucester Point (VIMS), 61 mph at the Chesapeake Bay Bridge Tunnel, 58 mph at Norfolk Naval Air Station (NGU), 57 mph at Sewells Point, and 55 mph at Oceana Naval Air Station (NTU). The highest gusts recorded were 107 mph at Gwynns Island (Mathews County), 100 mph at Reedville (Middlesex County), 93 mph at Chesapeake Light, 91 mph at Gloucester Point, and 83 mph at Norfolk Naval Air Station. Only one confirmed tornado occurred in association with Isabel. Mandatory evacuations were ordered for parts of Hampton Roads, with approximately several thousand persons evacuated and housed in numerous shelters across central and eastern Virginia. The unusually large wind field uprooted many thousands of trees, downed many power lines, damaged hundreds of houses, and snapped thousands of telephone poles and cross arms. Hundreds of roads, including major highways, were blocked by fallen trees. Over 2 million customers of Dominion Virginia Power were without electricity. Local electrical cooperatives also reported thousands of customers were without power. Storm surge varied significantly across the region. At Sewells Point, the maximum water level was 7.9 feet above MLLW. This represented a 5 foot storm surge. At Gloucester Point, the water level reached 8.32 feet, representing a 6.4 foot surge. A storm survey indicated a surge around 6.5 feet at Colonial Beach. On the Rappahannock, surge values between 5.5 and 6.0 feet occurred at Tappahannock and downstream near Dunnsville. Even higher surge values were noted up the rivers in eastern Virginia, such as the James, Potomac, York and Rappahannock. Storm surge values around 9 feet were estimated at West Point Virginia. At Richmond City Locks, a more than 8 foot surge was noted, and Smithfield also recorded an 8 foot storm surge. An estimated 8 foot surge also occurred near the intersection of the James and Appomattox Rivers in Hopewell. The lowest sea level pressure recorded was 987 mb at Portsmouth Virginia. Isabel will be remembered for the greatest wind and storm surge in the region since Hazel in 1954, and the 1933 Chesapeake-Potomac Hurricane. Also, Isabel will be remembered for the most extensive power outages ever in Virginia, and permanent change to the landscape from all the fallen trees and storm surge. Rainfall amounts ranged from 1.5 to 5 inches across eastern, and southeast Virginia. Toano in James City county reported 10.60 inches. Inland flooding due to heavy rainfall occurred over parts of eastern and southeast Virginia. Significant beach erosion occurred across Newport News and Hampton. In Virginia Beach, 15th street fishing pier was significantly damaged, and Buckroe and Lynnhaven Piers were destroyed. Significant erosion was also observed as far north as the middle peninsula and northern neck. In addition, many privately owned piers, as well as some public piers were damaged or destroyed by storm surge and/or wave impacts in this region. Eight deaths can be directly attributed to Isabel in the Wakefield area of responsibility, with 7 in Virginia. There were more than 15 deaths indirectly attributed to the storm.	127
5372170	MIDDLESEX (ZONE)	 	9/18/2003	800	Hurricane (Typhoon)	 	 	0	0	14000000	2000000	VA	EST	 	1163188	Z	85	AKQ	0	0	EMERGENCY MANAGER	 	 	 	 	 	 	 	 	9/19/2003	300	 	 	 	 		Hurricane Isabel was a Category 1 hurricane as it crossed the Wakefield WFO county warning area. Sustained tropical storm force winds with frequent gusts to hurricane force occurred over Eastern Virginia, along and near the Chesapeake Bay and Atlantic Coastal Waters. Isabel made landfall near Ocracoke Inlet in North Carolina, tracked northwest into central Virginia just west of Richmond, then continued northward into western Pennsylvania. The highest sustained wind speed recorded was 72 mph at Chesapeake Light (CHLV2). Other sustained wind speeds were 69 mph at Gloucester Point (VIMS), 61 mph at the Chesapeake Bay Bridge Tunnel, 58 mph at Norfolk Naval Air Station (NGU), 57 mph at Sewells Point, and 55 mph at Oceana Naval Air Station (NTU). The highest gusts recorded were 107 mph at Gwynns Island (Mathews County), 100 mph at Reedville (Middlesex County), 93 mph at Chesapeake Light, 91 mph at Gloucester Point, and 83 mph at Norfolk Naval Air Station. Only one confirmed tornado occurred in association with Isabel. Mandatory evacuations were ordered for parts of Hampton Roads, with approximately several thousand persons evacuated and housed in numerous shelters across central and eastern Virginia. The unusually large wind field uprooted many thousands of trees, downed many power lines, damaged hundreds of houses, and snapped thousands of telephone poles and cross arms. Hundreds of roads, including major highways, were blocked by fallen trees. Over 2 million customers of Dominion Virginia Power were without electricity. Local electrical cooperatives also reported thousands of customers were without power. Storm surge varied significantly across the region. At Sewells Point, the maximum water level was 7.9 feet above MLLW. This represented a 5 foot storm surge. At Gloucester Point, the water level reached 8.32 feet, representing a 6.4 foot surge. A storm survey indicated a surge around 6.5 feet at Colonial Beach. On the Rappahannock, surge values between 5.5 and 6.0 feet occurred at Tappahannock and downstream near Dunnsville. Even higher surge values were noted up the rivers in eastern Virginia, such as the James, Potomac, York and Rappahannock. Storm surge values around 9 feet were estimated at West Point Virginia. At Richmond City Locks, a more than 8 foot surge was noted, and Smithfield also recorded an 8 foot storm surge. An estimated 8 foot surge also occurred near the intersection of the James and Appomattox Rivers in Hopewell. The lowest sea level pressure recorded was 987 mb at Portsmouth Virginia. Isabel will be remembered for the greatest wind and storm surge in the region since Hazel in 1954, and the 1933 Chesapeake-Potomac Hurricane. Also, Isabel will be remembered for the most extensive power outages ever in Virginia, and permanent change to the landscape from all the fallen trees and storm surge. Rainfall amounts ranged from 1.5 to 5 inches across eastern, and southeast Virginia. Toano in James City county reported 10.60 inches. Inland flooding due to heavy rainfall occurred over parts of eastern and southeast Virginia. Significant beach erosion occurred across Newport News and Hampton. In Virginia Beach, 15th street fishing pier was significantly damaged, and Buckroe and Lynnhaven Piers were destroyed. Significant erosion was also observed as far north as the middle peninsula and northern neck. In addition, many privately owned piers, as well as some public piers were damaged or destroyed by storm surge and/or wave impacts in this region. Eight deaths can be directly attributed to Isabel in the Wakefield area of responsibility, with 7 in Virginia. There were more than 15 deaths indirectly attributed to the storm.	128
5372169	MATHEWS (ZONE)	 	9/18/2003	800	Hurricane (Typhoon)	 	 	0	0	21000000	1000000	VA	EST	 	1163188	Z	86	AKQ	0	0	EMERGENCY MANAGER	 	 	 	 	 	 	 	 	9/19/2003	300	 	 	 	 		Hurricane Isabel was a Category 1 hurricane as it crossed the Wakefield WFO county warning area. Sustained tropical storm force winds with frequent gusts to hurricane force occurred over Eastern Virginia, along and near the Chesapeake Bay and Atlantic Coastal Waters. Isabel made landfall near Ocracoke Inlet in North Carolina, tracked northwest into central Virginia just west of Richmond, then continued northward into western Pennsylvania. The highest sustained wind speed recorded was 72 mph at Chesapeake Light (CHLV2). Other sustained wind speeds were 69 mph at Gloucester Point (VIMS), 61 mph at the Chesapeake Bay Bridge Tunnel, 58 mph at Norfolk Naval Air Station (NGU), 57 mph at Sewells Point, and 55 mph at Oceana Naval Air Station (NTU). The highest gusts recorded were 107 mph at Gwynns Island (Mathews County), 100 mph at Reedville (Middlesex County), 93 mph at Chesapeake Light, 91 mph at Gloucester Point, and 83 mph at Norfolk Naval Air Station. Only one confirmed tornado occurred in association with Isabel. Mandatory evacuations were ordered for parts of Hampton Roads, with approximately several thousand persons evacuated and housed in numerous shelters across central and eastern Virginia. The unusually large wind field uprooted many thousands of trees, downed many power lines, damaged hundreds of houses, and snapped thousands of telephone poles and cross arms. Hundreds of roads, including major highways, were blocked by fallen trees. Over 2 million customers of Dominion Virginia Power were without electricity. Local electrical cooperatives also reported thousands of customers were without power. Storm surge varied significantly across the region. At Sewells Point, the maximum water level was 7.9 feet above MLLW. This represented a 5 foot storm surge. At Gloucester Point, the water level reached 8.32 feet, representing a 6.4 foot surge. A storm survey indicated a surge around 6.5 feet at Colonial Beach. On the Rappahannock, surge values between 5.5 and 6.0 feet occurred at Tappahannock and downstream near Dunnsville. Even higher surge values were noted up the rivers in eastern Virginia, such as the James, Potomac, York and Rappahannock. Storm surge values around 9 feet were estimated at West Point Virginia. At Richmond City Locks, a more than 8 foot surge was noted, and Smithfield also recorded an 8 foot storm surge. An estimated 8 foot surge also occurred near the intersection of the James and Appomattox Rivers in Hopewell. The lowest sea level pressure recorded was 987 mb at Portsmouth Virginia. Isabel will be remembered for the greatest wind and storm surge in the region since Hazel in 1954, and the 1933 Chesapeake-Potomac Hurricane. Also, Isabel will be remembered for the most extensive power outages ever in Virginia, and permanent change to the landscape from all the fallen trees and storm surge. Rainfall amounts ranged from 1.5 to 5 inches across eastern, and southeast Virginia. Toano in James City county reported 10.60 inches. Inland flooding due to heavy rainfall occurred over parts of eastern and southeast Virginia. Significant beach erosion occurred across Newport News and Hampton. In Virginia Beach, 15th street fishing pier was significantly damaged, and Buckroe and Lynnhaven Piers were destroyed. Significant erosion was also observed as far north as the middle peninsula and northern neck. In addition, many privately owned piers, as well as some public piers were damaged or destroyed by storm surge and/or wave impacts in this region. Eight deaths can be directly attributed to Isabel in the Wakefield area of responsibility, with 7 in Virginia. There were more than 15 deaths indirectly attributed to the storm.	129
5372183	NEW KENT (ZONE)	 	9/18/2003	800	Hurricane (Typhoon)	 	 	1	0	0	0	VA	EST	 	1163189	Z	83	AKQ	0	0	EMERGENCY MANAGER	 	 	 	 	 	 	 	 	9/19/2003	300	 	 	 	 		Hurricane Isabel was a Category 1 hurricane as it crossed the Wakefield WFO county warning area. Sustained tropical storm force winds with frequent gusts to hurricane force occurred over interior southeast Virginia. Isabel made landfall near Ocracoke Inlet in North Carolina, tracked northwest into central Virginia just west of Richmond, then continued northward into western Pennsylvania. Approximately several thousand persons were evacuated and housed in numerous shelters across interior southeast Virginia. The unusually large wind field uprooted many thousands of trees, downed many power lines, damaged hundreds of houses, and snapped thousands of telephone poles and cross arms. Hundreds of roads, including major highways, were blocked by fallen trees. Over 2 million customers of Dominion Virginia Power were without electricity. Local electrical cooperatives also reported thousands of customers were without power. The lowest sea level pressure recorded was 987 mb at Portsmouth Virginia. Isabel will be remembered for the greatest wind and storm surge in the region since Hazel in 1954, and the 1933 Chesapeake-Potomac Hurricane. Also, Isabel will be remembered for the most extensive power outages ever in Virginia, and permanent change to the landscape from all the fallen trees and storm surge. Rainfall amounts ranged from 3 to 7 inches across interior southeast Virginia. Inland flooding due to heavy rainfall occurred over parts of interior southeast Virginia. High water was reported on Route 460 in Prince George and Route 40 in Sussex County. Eight deaths can be directly attributed to Isabel in the Wakefield area of responsibility, with 7 in Virginia. There were more than 15 deaths indirectly attributed to the storm.	130
5372185	SOUTHAMPTON (ZONE)	 	9/18/2003	800	Hurricane (Typhoon)	 	 	0	0	0	0	VA	EST	 	1163189	Z	92	AKQ	0	0	EMERGENCY MANAGER	 	 	 	 	 	 	 	 	9/19/2003	300	 	 	 	 		Hurricane Isabel was a Category 1 hurricane as it crossed the Wakefield WFO county warning area. Sustained tropical storm force winds with frequent gusts to hurricane force occurred over interior southeast Virginia. Isabel made landfall near Ocracoke Inlet in North Carolina, tracked northwest into central Virginia just west of Richmond, then continued northward into western Pennsylvania. Approximately several thousand persons were evacuated and housed in numerous shelters across interior southeast Virginia. The unusually large wind field uprooted many thousands of trees, downed many power lines, damaged hundreds of houses, and snapped thousands of telephone poles and cross arms. Hundreds of roads, including major highways, were blocked by fallen trees. Over 2 million customers of Dominion Virginia Power were without electricity. Local electrical cooperatives also reported thousands of customers were without power. The lowest sea level pressure recorded was 987 mb at Portsmouth Virginia. Isabel will be remembered for the greatest wind and storm surge in the region since Hazel in 1954, and the 1933 Chesapeake-Potomac Hurricane. Also, Isabel will be remembered for the most extensive power outages ever in Virginia, and permanent change to the landscape from all the fallen trees and storm surge. Rainfall amounts ranged from 3 to 7 inches across interior southeast Virginia. Inland flooding due to heavy rainfall occurred over parts of interior southeast Virginia. High water was reported on Route 460 in Prince George and Route 40 in Sussex County. Eight deaths can be directly attributed to Isabel in the Wakefield area of responsibility, with 7 in Virginia. There were more than 15 deaths indirectly attributed to the storm.	131
5372181	CHARLES CITY (ZONE)	 	9/18/2003	800	Hurricane (Typhoon)	 	 	0	0	0	0	VA	EST	 	1163189	Z	82	AKQ	0	0	EMERGENCY MANAGER	 	 	 	 	 	 	 	 	9/19/2003	300	 	 	 	 		Hurricane Isabel was a Category 1 hurricane as it crossed the Wakefield WFO county warning area. Sustained tropical storm force winds with frequent gusts to hurricane force occurred over interior southeast Virginia. Isabel made landfall near Ocracoke Inlet in North Carolina, tracked northwest into central Virginia just west of Richmond, then continued northward into western Pennsylvania. Approximately several thousand persons were evacuated and housed in numerous shelters across interior southeast Virginia. The unusually large wind field uprooted many thousands of trees, downed many power lines, damaged hundreds of houses, and snapped thousands of telephone poles and cross arms. Hundreds of roads, including major highways, were blocked by fallen trees. Over 2 million customers of Dominion Virginia Power were without electricity. Local electrical cooperatives also reported thousands of customers were without power. The lowest sea level pressure recorded was 987 mb at Portsmouth Virginia. Isabel will be remembered for the greatest wind and storm surge in the region since Hazel in 1954, and the 1933 Chesapeake-Potomac Hurricane. Also, Isabel will be remembered for the most extensive power outages ever in Virginia, and permanent change to the landscape from all the fallen trees and storm surge. Rainfall amounts ranged from 3 to 7 inches across interior southeast Virginia. Inland flooding due to heavy rainfall occurred over parts of interior southeast Virginia. High water was reported on Route 460 in Prince George and Route 40 in Sussex County. Eight deaths can be directly attributed to Isabel in the Wakefield area of responsibility, with 7 in Virginia. There were more than 15 deaths indirectly attributed to the storm.	132
5337292	CUMBERLAND (ZONE)	 	9/18/2003	900	Hurricane (Typhoon)	 	 	0	0	28000	0	NC	EST	 	1162664	Z	88	RAH	0	0	EMERGENCY MANAGER	 	 	 	 	 	 	 	 	9/18/2003	2100	 	 	 	 		Hurricane Isabel made landfall along the Outer Banks just north of Cape Lookout around 1 pm on September 18, 2003. The eye of the storm tracked northeast passing over eastern Halifax County. Winds gusts to near Hurricane force were recorded over Halifax county. Many locations across the Coastal Plain and even back into the Triangle received wind gusts between 50 to 70 mph late in the afternoon until early evening. Many trees were uprooted falling on vehicles and homes all across the area. One person was killed in Franklin county when their vehicle struck a downed tree. Up to 6 inches of rain fell across Edgecombe, Halifax and Wilson counties resulting in flooding of several roads.	133
5337301	WAYNE (ZONE)	 	9/18/2003	900	Hurricane (Typhoon)	 	 	0	0	436000	0	NC	EST	 	1162664	Z	78	RAH	0	0	EMERGENCY MANAGER	 	 	 	 	 	 	 	 	9/18/2003	2100	 	 	 	 		Hurricane Isabel made landfall along the Outer Banks just north of Cape Lookout around 1 pm on September 18, 2003. The eye of the storm tracked northeast passing over eastern Halifax County. Winds gusts to near Hurricane force were recorded over Halifax county. Many locations across the Coastal Plain and even back into the Triangle received wind gusts between 50 to 70 mph late in the afternoon until early evening. Many trees were uprooted falling on vehicles and homes all across the area. One person was killed in Franklin county when their vehicle struck a downed tree. Up to 6 inches of rain fell across Edgecombe, Halifax and Wilson counties resulting in flooding of several roads.	134
5337300	WARREN (ZONE)	 	9/18/2003	900	Hurricane (Typhoon)	 	 	0	0	270000	0	NC	EST	 	1162664	Z	10	RAH	0	0	EMERGENCY MANAGER	 	 	 	 	 	 	 	 	9/18/2003	2100	 	 	 	 		Hurricane Isabel made landfall along the Outer Banks just north of Cape Lookout around 1 pm on September 18, 2003. The eye of the storm tracked northeast passing over eastern Halifax County. Winds gusts to near Hurricane force were recorded over Halifax county. Many locations across the Coastal Plain and even back into the Triangle received wind gusts between 50 to 70 mph late in the afternoon until early evening. Many trees were uprooted falling on vehicles and homes all across the area. One person was killed in Franklin county when their vehicle struck a downed tree. Up to 6 inches of rain fell across Edgecombe, Halifax and Wilson counties resulting in flooding of several roads.	135
5337302	WILSON (ZONE)	 	9/18/2003	900	Hurricane (Typhoon)	 	 	0	0	1200000	0	NC	EST	 	1162664	Z	43	RAH	0	0	EMERGENCY MANAGER	 	 	 	 	 	 	 	 	9/18/2003	2100	 	 	 	 		Hurricane Isabel made landfall along the Outer Banks just north of Cape Lookout around 1 pm on September 18, 2003. The eye of the storm tracked northeast passing over eastern Halifax County. Winds gusts to near Hurricane force were recorded over Halifax county. Many locations across the Coastal Plain and even back into the Triangle received wind gusts between 50 to 70 mph late in the afternoon until early evening. Many trees were uprooted falling on vehicles and homes all across the area. One person was killed in Franklin county when their vehicle struck a downed tree. Up to 6 inches of rain fell across Edgecombe, Halifax and Wilson counties resulting in flooding of several roads.	136
5337295	GRANVILLE (ZONE)	 	9/18/2003	900	Hurricane (Typhoon)	 	 	0	0	254000	0	NC	EST	 	1162664	Z	8	RAH	0	0	EMERGENCY MANAGER	 	 	 	 	 	 	 	 	9/18/2003	2100	 	 	 	 		Hurricane Isabel made landfall along the Outer Banks just north of Cape Lookout around 1 pm on September 18, 2003. The eye of the storm tracked northeast passing over eastern Halifax County. Winds gusts to near Hurricane force were recorded over Halifax county. Many locations across the Coastal Plain and even back into the Triangle received wind gusts between 50 to 70 mph late in the afternoon until early evening. Many trees were uprooted falling on vehicles and homes all across the area. One person was killed in Franklin county when their vehicle struck a downed tree. Up to 6 inches of rain fell across Edgecombe, Halifax and Wilson counties resulting in flooding of several roads.	137
5337296	NASH (ZONE)	 	9/18/2003	900	Hurricane (Typhoon)	 	 	0	0	809000	0	NC	EST	 	1162664	Z	27	RAH	0	0	EMERGENCY MANAGER	 	 	 	 	 	 	 	 	9/18/2003	2100	 	 	 	 		Hurricane Isabel made landfall along the Outer Banks just north of Cape Lookout around 1 pm on September 18, 2003. The eye of the storm tracked northeast passing over eastern Halifax County. Winds gusts to near Hurricane force were recorded over Halifax county. Many locations across the Coastal Plain and even back into the Triangle received wind gusts between 50 to 70 mph late in the afternoon until early evening. Many trees were uprooted falling on vehicles and homes all across the area. One person was killed in Franklin county when their vehicle struck a downed tree. Up to 6 inches of rain fell across Edgecombe, Halifax and Wilson counties resulting in flooding of several roads.	138
5337298	VANCE (ZONE)	 	9/18/2003	900	Hurricane (Typhoon)	 	 	0	0	369000	0	NC	EST	 	1162664	Z	9	RAH	0	0	EMERGENCY MANAGER	 	 	 	 	 	 	 	 	9/18/2003	2100	 	 	 	 		Hurricane Isabel made landfall along the Outer Banks just north of Cape Lookout around 1 pm on September 18, 2003. The eye of the storm tracked northeast passing over eastern Halifax County. Winds gusts to near Hurricane force were recorded over Halifax county. Many locations across the Coastal Plain and even back into the Triangle received wind gusts between 50 to 70 mph late in the afternoon until early evening. Many trees were uprooted falling on vehicles and homes all across the area. One person was killed in Franklin county when their vehicle struck a downed tree. Up to 6 inches of rain fell across Edgecombe, Halifax and Wilson counties resulting in flooding of several roads.	139
5337297	PERSON (ZONE)	 	9/18/2003	900	Hurricane (Typhoon)	 	 	0	0	104000	0	NC	EST	 	1162664	Z	7	RAH	0	0	EMERGENCY MANAGER	 	 	 	 	 	 	 	 	9/18/2003	2100	 	 	 	 		Hurricane Isabel made landfall along the Outer Banks just north of Cape Lookout around 1 pm on September 18, 2003. The eye of the storm tracked northeast passing over eastern Halifax County. Winds gusts to near Hurricane force were recorded over Halifax county. Many locations across the Coastal Plain and even back into the Triangle received wind gusts between 50 to 70 mph late in the afternoon until early evening. Many trees were uprooted falling on vehicles and homes all across the area. One person was killed in Franklin county when their vehicle struck a downed tree. Up to 6 inches of rain fell across Edgecombe, Halifax and Wilson counties resulting in flooding of several roads.	140
5337291	EDGECOMBE (ZONE)	 	9/18/2003	900	Hurricane (Typhoon)	 	 	0	0	919000	0	NC	EST	 	1162664	Z	28	RAH	0	0	EMERGENCY MANAGER	 	 	 	 	 	 	 	 	9/18/2003	2100	 	 	 	 		Hurricane Isabel made landfall along the Outer Banks just north of Cape Lookout around 1 pm on September 18, 2003. The eye of the storm tracked northeast passing over eastern Halifax County. Winds gusts to near Hurricane force were recorded over Halifax county. Many locations across the Coastal Plain and even back into the Triangle received wind gusts between 50 to 70 mph late in the afternoon until early evening. Many trees were uprooted falling on vehicles and homes all across the area. One person was killed in Franklin county when their vehicle struck a downed tree. Up to 6 inches of rain fell across Edgecombe, Halifax and Wilson counties resulting in flooding of several roads.	141
5337290	HALIFAX (ZONE)	 	9/18/2003	900	Hurricane (Typhoon)	 	 	0	0	1600000	0	NC	EST	 	1162664	Z	11	RAH	0	0	EMERGENCY MANAGER	 	 	 	 	 	 	 	 	9/18/2003	2100	 	 	 	 		Hurricane Isabel made landfall along the Outer Banks just north of Cape Lookout around 1 pm on September 18, 2003. The eye of the storm tracked northeast passing over eastern Halifax County. Winds gusts to near Hurricane force were recorded over Halifax county. Many locations across the Coastal Plain and even back into the Triangle received wind gusts between 50 to 70 mph late in the afternoon until early evening. Many trees were uprooted falling on vehicles and homes all across the area. One person was killed in Franklin county when their vehicle struck a downed tree. Up to 6 inches of rain fell across Edgecombe, Halifax and Wilson counties resulting in flooding of several roads.	142
5337299	WAKE (ZONE)	 	9/18/2003	900	Hurricane (Typhoon)	 	 	0	0	890000	0	NC	EST	 	1162664	Z	41	RAH	0	0	EMERGENCY MANAGER	 	 	 	 	 	 	 	 	9/18/2003	2100	 	 	 	 		Hurricane Isabel made landfall along the Outer Banks just north of Cape Lookout around 1 pm on September 18, 2003. The eye of the storm tracked northeast passing over eastern Halifax County. Winds gusts to near Hurricane force were recorded over Halifax county. Many locations across the Coastal Plain and even back into the Triangle received wind gusts between 50 to 70 mph late in the afternoon until early evening. Many trees were uprooted falling on vehicles and homes all across the area. One person was killed in Franklin county when their vehicle struck a downed tree. Up to 6 inches of rain fell across Edgecombe, Halifax and Wilson counties resulting in flooding of several roads.	143
5337294	FRANKLIN (ZONE)	 	9/18/2003	900	Hurricane (Typhoon)	 	 	1	0	209000	0	NC	EST	 	1162664	Z	26	RAH	0	0	EMERGENCY MANAGER	 	 	 	 	 	 	 	 	9/18/2003	2100	 	 	 	 		Hurricane Isabel made landfall along the Outer Banks just north of Cape Lookout around 1 pm on September 18, 2003. The eye of the storm tracked northeast passing over eastern Halifax County. Winds gusts to near Hurricane force were recorded over Halifax county. Many locations across the Coastal Plain and even back into the Triangle received wind gusts between 50 to 70 mph late in the afternoon until early evening. Many trees were uprooted falling on vehicles and homes all across the area. One person was killed in Franklin county when their vehicle struck a downed tree. Up to 6 inches of rain fell across Edgecombe, Halifax and Wilson counties resulting in flooding of several roads.	144
5337293	DURHAM (ZONE)	 	9/18/2003	900	Hurricane (Typhoon)	 	 	0	0	205000	0	NC	EST	 	1162664	Z	25	RAH	0	0	EMERGENCY MANAGER	 	 	 	 	 	 	 	 	9/18/2003	2100	 	 	 	 		Hurricane Isabel made landfall along the Outer Banks just north of Cape Lookout around 1 pm on September 18, 2003. The eye of the storm tracked northeast passing over eastern Halifax County. Winds gusts to near Hurricane force were recorded over Halifax county. Many locations across the Coastal Plain and even back into the Triangle received wind gusts between 50 to 70 mph late in the afternoon until early evening. Many trees were uprooted falling on vehicles and homes all across the area. One person was killed in Franklin county when their vehicle struck a downed tree. Up to 6 inches of rain fell across Edgecombe, Halifax and Wilson counties resulting in flooding of several roads.	145
5327784	MICRONESIA (ZONE)	 	11/22/2003	0	Hurricane (Typhoon)	 	 	0	0	1200000	500000	XX	SST	 	1168710	Z	2	GUA	0	0	NWS STORM SURVEY	 	 	 	 	 	 	 	 	11/25/2003	2359	 	 	 	 		"TYPHOON LUPIT

Lupit started as a tropical depression about 200 miles northeast of Pohnpei on the morning of November 20th, and intensified steadily as it moved west through Micronesia over the next five days. Lupit passed 160 miles north of Pohnpei as a 55 mph tropical storm on the afternoon of the 21st, and was upgraded to a typhoon as it passed 115 miles north of Chuuk late in the day on the 22nd. Typhoon Lupit continued to slowly intensify as it moved west-southwest on the 23rd, reaching 110 mph as it passed 45 miles north of Woleai Atoll in Yap State early on the 24th, 115 mph as it passed 30 miles northeast of Fais in the predawn hours of the 25th, 120 mph as it passed 35 miles northeast of Ulithi late in the morning, and 130 mph late that afternoon as it passed 145 miles northeast of Yap.

Pohnpei State:

Just before attaining typhoon intensity, Lupit passed 75 miles north of Oroluk Atoll in far-western Pohnpei State around 0700 SST on the 22nd. The automated station at Oroluk reported a maximum sustained wind of 18 mph from the southwest with a peak gust of 38 mph that morning, but the highest winds came a day later in enhanced monsoon flow, reaching 28 mph gusting to 43 mph from the south early on the 23rd. In the 24 hours ending at 2100 SST on the 22nd, 6.28 inches of rain was recorded. No injuries or damage were reported from Oroluk. 

Chuuk State:

At the Chuuk Weather Service Office, the highest wind gust observed was from the south at 40 mph on the 23rd at 0800 SST, and 6.37 inches of rain fell in the 24 hours ending at 1000 SST on the 23rd. But in the Hall Islands, about 70 miles north of Chuuk, sustained winds likely reached 60-70 mph on the afternoon and evening of the 22nd as Lupit passed only 45 miles to the north. The same is true for Ulul, 180 miles northwest of Chuuk, where 60-70 mph winds were likely as Lupit passed 45 miles to the north around 0300 SST on the 23rd. The automated station there recorded a minimum pressure of 975.3 mb at that time, and 7.68 of rain was recorded in the 22 hours ending on the 23rd at 1000 SST."	
																																						
There were no deaths or major injuries in the Hall islands or Ulul	 but an unspecified number of "minor" injuries was reported. Most banana trees and some palm trees were blown down	 and salt water contamination severely damaged or destroyed 100% of the subsistence crops on the islands. 																																				
																																						
Yap State: 																																						
																																						
On its rampage through Yap State	 Typhoon Lupit affected Fais and Ulithi most severely	 while dealing significant but lesser blows to Woleai and its neighboring atolls	 and affecting Yap least of all. As Lupit passed north of Woleai early on the 24th	 peak wind gusts are estimated to have reached 60 to 70 mph. But as Lupit passed 30 miles northeast of Fais around 0500 SST on the 25th	 it hit that island with wind gusts estimated at 115 to 125 mph	 along with an estimated 10" or more of rain. Later in the morning	 as Lupit passed 35 miles northeast of Ulithi	 the automated station there recorded a highest sustained wind of 48 mph from the south at 1000 SST	 and a peak gust of 98 mph from the southwest an hour later. The lowest recorded pressure was 986.1 mb at 0900 SST	 and 10.35" of rain fell in the 24 hours ending at 1500 SST that afternoon. Finally	 as Lupit passed well northeast of Yap that afternoon	 west winds at the Yap Weather Service Office gusted to 58 mph at 1307 SST	 while the highest sustained wind of 35 mph didn't occur until 1657 SST	 when the lowest pressure of 995.1 mb was measured. Rainfall at Yap totalled 5.02" in the 24 hours ending at 2200 SST that evening. 																								
																																						
Miraculously	 there were no deaths or serious injuries reported anywhere in Yap State	 only an unspecified number of "minor" injuries. Damage for individual islands or island groups is summarized below:																																				
																																						
Fais:  Since Fais is an elevated island	 inundation was not a factor	 but 14 to 18 foot surf caused severe beach erosion. Numerous buildings were heavily damaged	 with many roofs blown off. All subsistence crops were destroyed	 including bananas and breadfruit. The island water supply was severely contaminated by sea spray. 																																		
																																						
Ulithi: Coastal inundation of 3 to 5 feet	 along with 14 to 18 foot surf	 resulted in severe beach erosion and contamination of the water supply. All cultivated crops were destroyed	 and the salt-saturated soil will be unfit for growing crops for one to two years. Many buildings were damaged	 and power lines and poles were blown down. 																																		
																																						
Woleai	 Ifalik	 Eauripik	 Lamotrek	 Satawal and neighboring islands: Coastal inundation was 2 to 4 feet	 causing severe beach erosion and destroying most cultivated crops	 including all crops on Ifalik	 and rendering salty soils unsuitable for cultivation for up to 2 years. The sea water also severely contaiminated the islands' water supplies. Many tree limbs and power lines were downed on Woleai	 and Woleai's runway was covered with sea water	 making it unusable for a week. Several buildings were damaged	 with roofs blown off. 																												
																																						
Yap: Only moderate beach erosion was noted	 mainly on northern and eastern exposures. In low-lying areas in the northern	 northeastern and southern parts of Yap	 sea spray destroyed all the cultivated crops. Along those same coastlines	 some roads and sea walls were damaged."	146																																	
5381383	TUTUILA (ZONE)	 	1/4/2004	2300	Hurricane (Typhoon)	 	 	0	20	50000000	0	XX	SST	 	1165208	Z	2	ASO	0	0	OFFICIAL NWS OBS.	 	 	 	 	 	 	 	 	1/5/2004	600	 	 	 	 		"Tropical Cyclone Heta was at its closest to American Samoa within 150 miles west-southwest of Tutuila on January 4th.  Maximum winds recorded was 65 knots at 1242Z on January 5th over the Island of Tutuila.  Peak winds reported at the Weather station was 100 knots on January 5th at 1205Z.  Over 600 homes were destroyed, 1000 homes suffered major damages, and 3000 residences experienced minor damages.  Many trees were uprooted, downed lines, damaged vehicles, and  demolished public roads at north facing villages of all Islands. Surf heights reached 30 to 44 feet mainly along the north and west facing shores of the Islands.

There were 20 people with injuries.  No fatality reported.  Over 2500 people were sheltered and over 140 were evacuated from their homes.  Federal Emergency Management (FEMA) continues to assist the islanders with their claims.  An estimate of $150 million was announced by the American Samoa government after their assessment with T.C. Heta, but a FEMA representative reported an estimate between $40 and $50 million in funds, approved in federal assistance for victims.  All vertical based crops, like bananas and breadfruits, were demolished by strong winds.  An estimate of crop damages was unknown to date.  

Swains Island suffered huge waves and high winds.  An unaccountable number of boats were lost when the Island's boat shed was washed off-shore, and a lot of debris were seen along the shores of this remote Island."	147
5381384	MANU'A (ZONE)	 	1/4/2004	2300	Hurricane (Typhoon)	 	 	0	0	0	0	XX	SST	 	1165208	Z	3	ASO	0	0	OFFICIAL NWS OBS.	 	 	 	 	 	 	 	 	1/5/2004	600	 	 	 	 		"Tropical Cyclone Heta was at its closest to American Samoa within 150 miles west-southwest of Tutuila on January 4th.  Maximum winds recorded was 65 knots at 1242Z on January 5th over the Island of Tutuila.  Peak winds reported at the Weather station was 100 knots on January 5th at 1205Z.  Over 600 homes were destroyed, 1000 homes suffered major damages, and 3000 residences experienced minor damages.  Many trees were uprooted, downed lines, damaged vehicles, and  demolished public roads at north facing villages of all Islands. Surf heights reached 30 to 44 feet mainly along the north and west facing shores of the Islands.

There were 20 people with injuries.  No fatality reported.  Over 2500 people were sheltered and over 140 were evacuated from their homes.  Federal Emergency Management (FEMA) continues to assist the islanders with their claims.  An estimate of $150 million was announced by the American Samoa government after their assessment with T.C. Heta, but a FEMA representative reported an estimate between $40 and $50 million in funds, approved in federal assistance for victims.  All vertical based crops, like bananas and breadfruits, were demolished by strong winds.  An estimate of crop damages was unknown to date.  

Swains Island suffered huge waves and high winds.  An unaccountable number of boats were lost when the Island's boat shed was washed off-shore, and a lot of debris were seen along the shores of this remote Island."	148
5381385	ROSE (ZONE)	 	1/4/2004	2300	Hurricane (Typhoon)	 	 	0	0	0	0	XX	SST	 	1165208	Z	4	ASO	0	0	OFFICIAL NWS OBS.	 	 	 	 	 	 	 	 	1/5/2004	600	 	 	 	 		"Tropical Cyclone Heta was at its closest to American Samoa within 150 miles west-southwest of Tutuila on January 4th.  Maximum winds recorded was 65 knots at 1242Z on January 5th over the Island of Tutuila.  Peak winds reported at the Weather station was 100 knots on January 5th at 1205Z.  Over 600 homes were destroyed, 1000 homes suffered major damages, and 3000 residences experienced minor damages.  Many trees were uprooted, downed lines, damaged vehicles, and  demolished public roads at north facing villages of all Islands. Surf heights reached 30 to 44 feet mainly along the north and west facing shores of the Islands.

There were 20 people with injuries.  No fatality reported.  Over 2500 people were sheltered and over 140 were evacuated from their homes.  Federal Emergency Management (FEMA) continues to assist the islanders with their claims.  An estimate of $150 million was announced by the American Samoa government after their assessment with T.C. Heta, but a FEMA representative reported an estimate between $40 and $50 million in funds, approved in federal assistance for victims.  All vertical based crops, like bananas and breadfruits, were demolished by strong winds.  An estimate of crop damages was unknown to date.  

Swains Island suffered huge waves and high winds.  An unaccountable number of boats were lost when the Island's boat shed was washed off-shore, and a lot of debris were seen along the shores of this remote Island."	149
5381386	SWAINS (ZONE)	 	1/4/2004	2300	Hurricane (Typhoon)	 	 	0	0	0	0	XX	SST	 	1165208	Z	1	ASO	0	0	OFFICIAL NWS OBS.	 	 	 	 	 	 	 	 	1/5/2004	600	 	 	 	 		"Tropical Cyclone Heta was at its closest to American Samoa within 150 miles west-southwest of Tutuila on January 4th.  Maximum winds recorded was 65 knots at 1242Z on January 5th over the Island of Tutuila.  Peak winds reported at the Weather station was 100 knots on January 5th at 1205Z.  Over 600 homes were destroyed, 1000 homes suffered major damages, and 3000 residences experienced minor damages.  Many trees were uprooted, downed lines, damaged vehicles, and  demolished public roads at north facing villages of all Islands. Surf heights reached 30 to 44 feet mainly along the north and west facing shores of the Islands.

There were 20 people with injuries.  No fatality reported.  Over 2500 people were sheltered and over 140 were evacuated from their homes.  Federal Emergency Management (FEMA) continues to assist the islanders with their claims.  An estimate of $150 million was announced by the American Samoa government after their assessment with T.C. Heta, but a FEMA representative reported an estimate between $40 and $50 million in funds, approved in federal assistance for victims.  All vertical based crops, like bananas and breadfruits, were demolished by strong winds.  An estimate of crop damages was unknown to date.  

Swains Island suffered huge waves and high winds.  An unaccountable number of boats were lost when the Island's boat shed was washed off-shore, and a lot of debris were seen along the shores of this remote Island."	150
5422480	MICRONESIA (ZONE)	 	4/7/2004	0	Hurricane (Typhoon)	 	 	0	0	13500000	500000	XX	SST	 	1179543	Z	2	GUA	0	0	NWS STORM SURVEY	 	 	 	 	 	 	 	 	4/9/2004	2359	 	 	 	 		"TYPHOON SUDAL

Sudal began on the morning of April 4th as a 35 mph tropical depression about 130 miles west-southwest of Chuuk. Initially moving northwest, Sudal became a tropical storm that night as it moved over the island of Puluwat. Its northwest movement took Sudal between Satawal and Ulul around 1200 SST on the 5th, and continued until the morning of the 6th, when Sudal was perched about 290 miles southeast of Guam as a tropical storm with maximum winds of 65 mph. Sudal then turned west, becoming a typhoon that afternoon and coming to within 230 miles south-southwest of Guam around noon on the 7th. At this point, Sudal was still moving west, and it appeared it would continue on a west-northwest track, dealing no more than a glancing blow to the northernmost islands of Yap State. But Sudal instead turned west-southwest the evening of the 7th, passing about 40 miles south-southeast of Fais the next morning. On the morning of April 9th, Typhoon Sudal turned west-northwest again, dealing Yap a severe blow as it passed just south of the main island. 

Chuuk State:

After moving directly over Puluwat as a 40 mph tropical storm at 0100 SST on April 5th, Sudal passed 50 miles west-southwest of Ulul around 1200 SST. At Puluwat, the highest sustained wind was 23 mph from the west at 0700 SST. At Ulul, 6.68 of rain fell in the 24 hours ending at 1700 SST on the 4th. "	
																																						
Storm Damage in Chuuk State:  Coastal inundation at Ulul was 2 feet or less	 destroying some cultivated subsistence crops and contaminating the water supply	 and beach erosion was slight. Some poorly-built structures lost their roofs. No deaths or injuries were reported.																																				
																																						
Yap State:																																						
																																						
In eastern Yap State	 Sudal passed 115 miles east-northeast of Satawal with maximum sustained winds of 45 mph at 1300 SST on April 5th	 then intensified over the next day and a half	 reaching 85 mph as it passed 165 miles north of Woleai on the morning of the 7th at 0700 SST. Sudal continued to intensify	 reaching 110 mph as it passed 40 miles south-southeast of Fais at 0900 SST April 8th	 and 115 mph as it passed 65 miles south-southeast of Ulithi that afternoon at 1330 SST. 																																	
																																						
Only hand-held wind-measuring equipment is available at Satawal and Woleai	 where winds of 25 mph gusting to 40 mph were estimated as Sudal passed. At Ulithi	 the automated station recorded a highest sustained wind of 58 mph from the east-northeast at 2100 SST the evening of the 8th	 followed two hours later by the peak gust of 82 mph. The lowest pressure of 991.6 mb was recorded at 1600 SST that afternoon. Rainfall was heavy	 with 6.34 inches recorded in the 24 hours ending the 9th at 0100 SST. No measuring equipment exists on Fais	 but conditions there were likely similar to those on Ulithi.																																	
																																						
It was for the island of Yap that Sudal reserved its full fury on the morning of April 9th. As the center of Sudal's eye passed about 7 miles south of Yap's southern tip around 1000 SST	 the northern eye wall raked the island with winds as high as 115 mph for roughly 4 hours. At the Yap Weather Service Office	 located at the airport	 the highest 2-minute wind speed of 69 mph was recorded several times on the morning of the 9th: from the north-northeast at 0757 SST	 from the northeast at 0950 SST	 and from the southeast at 1157 SST. The peak gust of 112 mph from the southeast was recorded at 1135 SST. However	 a NWS assessment team determined from damage on the south end of Yap Island that maximum sustained winds there were likely in the low typhoon category 3 range of 115 to 120 mph gusting to 140 mph. The lowest sea-level pressure was 958.5 mb at 1050 SST. Rainfall at the airport totaled 5.24 inches in the 24 hours ending at 2200 SST on the 9th	 while 7.88 inches fell in the 48 hours ending at the same time. A brief eye passage was observed on the extreme southern tip of Yap.																															
																																						
At the time of its closest approach to Yap	 Sudal was also passing 70 miles north-northeast of the tiny island of Ngulu. No functioning instrumentation exists on Ngulu	 but sustained winds likely reached around 50 mph from the northwest	 with gusts to around 70 mph	 as Sudal passed. No rainfall measurements are available	 but from enhanced infrared imagery it is probable that 6 to 9 inches of rain fell during Sudal's passage. 																																	
																																						
Storm Damage in Yap State:  In spite of Sudal's intensity and the massive damage it wrought on Yap	 no deaths or serious injuries were reported anywhere in Yap State. Damage for individual islands or island groups is summarized below:																																					
																																						
Satawal	 Woleai	 Faraulep	 Ifalik	 Eauripik	 Lamotrek and surrounding atolls:  Coastal inundation was 1 to 2 feet	 except 2 to 3 feet at Faraulep	 with moderate beach erosion. Many cultivated subsistence crops such as breadfruit and coconuts were damaged or destroyed by salt spray	 and some water sources were contaminated by salt. 																														
																																						
Fais:  Because Fais is an elevated island	 coastal inundation was not significant	 but 14 to 18 foot surf brought moderate to severe beach erosion. Water sources were partly contaminated by sea spray. Some poorly-built structures were damaged	 especially wood and tin roofs. 																																			
																																						
Ulithi:  Coastal inundation of 2 to 3 feet and surf ranging from 14 to 18 feet resulted in moderate to severe beach erosion and contamination of some water sources. Most subsistence crops were destroyed by inundation and sea spray	 and a few trees were lost as well. Some wood and tin roofs were damaged	 and some poorly-built structures were lost.																																				
																																						
Yap:  Since Yap itself was pounded by Sudal's eye wall for 4 or 5 hours	 it suffered by far the worst damage of any location in Yap State. Over 90% of the buildings and other structures were damaged or destroyed. Out of 1700 residences	 700 were destroyed. Of the remaining 1000 homes	 only 41 were undamaged. The hospital	 airport	 most government facilities	 and the water	 power and communications systems were all severely damaged. Wooden homes suffered the worst	 while concrete structures fared much better. Along the eastern and southern coasts	 the storm surge destroyed the many wooden homes built along the shoreline	 and severely damaged the seawall. Of the 8	000 or so residents on Yap	 about 1500 were in shelters	 of which about 1000 were homeless. Subsistence crops were almost totally destroyed	 and the ground in coastal areas was saturated with salt water	 making it unsuitable for cultivation. A storm surge of 8 to 12 feet	 along with pounding surf as high as 22 feet	 severely damaged the coral reefs	 one of Yap's main tourist attractions.																				
																																						
Ngulu:  Little information is available from Ngulu	 other than that four of Ngulu's eight water storage tanks were destroyed. Otherwise	 damage there was likely similar to that experienced at Ulithi."	151																																			
5432035	NORTHERN MARIANAS (ZONE)	 	6/27/2004	0	Hurricane (Typhoon)	 	 	0	0	3900000	1270000	XX	SST	 	1183625	Z	5	GUA	0	0	NWS STORM SURVEY	 	 	 	 	 	 	 	 	6/30/2004	0	 	 	 	 		"TYPHOON TINGTING

After starting about 500 miles southeast of Saipan the evening of June 25th, Tropical Depression 11W moved steadily northwest, becoming Tropical Storm Tingting the following afternoon at 1600 SST. Tingting brought tropical storm conditions to Guam, Rota, Tinian and Saipan on the 28th, passing 70 miles northeast of Saipan with maximum winds of 70 mph near the center at 0600 SST that morning. Tingting became a typhoon later in the afternoon, then passed 65 miles southwest of Pagan Island with maximum winds of 90 mph at 2200 SST that evening. Both Pagan Island and Agrihan experienced typhoon conditions during that passage. Along with the high winds, all the islands received heavy rain, but Guam was especially hard hit, with phenomenal rainfall resulting in widespread flash flooding and property damage. 

Guam:  While Tropical Storm Tingting was still 250 miles or more east-northeast of Guam, peripheral rain bands brought record-breaking rainfall and widespread flash flooding to Guam. On the 27th through the morning of the 28th, over 20 inches of rain fell in 24 hours over much of the island. At Guam International Airport, 16.00 inches was recorded on June 27th, followed by 5.49 inches on the 28th. The maximum 24-hour rainfall was 18.80 inches, ending at 0600 SST on the 28th. At Inarajan in southern Guam, 21.85 inches was recorded by the automated station for the 24 hours ending at 0800 SST on the 28th. (It is worth noting that the previous wettest June on record, June of 1985, had a monthly total of 14.61 inches at the airport.) Rainfall was somewhat less over northeastern Guam, where 11.33 inches fell at Andersen AFB in the 30 hours ending at 1000 SST on the 28th. 

Even though Tingting never came closer to Guam than 200 miles, strong monsoon flow associated with the peripheral rain band brought tropical storm force winds to Guam, mainly late on the 27th through the morning of the 28th. At Guam International Airport, the highest sustained wind of 44 mph came on the 28th at 0454 SST, and the peak gust was 58 mph at 0241 SST. The highest sustained wind on Guam was 51 mph at Andersen AFB on the 28th at 0959 SST, while the highest observed gust was 66 mph at the Inarajan automated station on the 28th at 0251 SST. The lowest pressure recorded on Guam was 994.6 mb at Andersen AFB on the 28th at 0356 SST. 

Rota:  After passing 160 miles northeast of Rota around 0600 SST the morning of the 28th, Tingting delivered its strongest winds to Rota later that afternoon. At Rota International Airport, the highest sustained wind was 44 mph from the west-southwest at 1455 SST, while the peak gust of 58 mph from the southwest was recorded at 1550 SST. The automated station at the airport recorded 5.72 inches of rain in the 24 hours ending at 2251 SST on the 27th, and 8.74 inches total for the 27th and 28th. The lowest reported sea-level pressure at the automated station was 992.3 mb at 0451 SST on the 28th.

Tinian:  The observer at Tinian Airport does not report rainfall or sea-level pressure, and is only there part-time. The highest reported sustained wind of 35 mph occurred several times: from the west on the 28th at 0850 SST, at 1150 SST, and at 1250 SST; and from the southwest at 1855 SST. The highest reported gust was 52 mph from the southwest on the 28th at 1855 SST. 

Saipan:  At Saipan International Airport, the maximum sustained wind of 62 mph and the peak gust of 77 mph were both from the southwest, on the 28th at 1806 SST, about 12 hours after Tingting's closest approach. In the 24 hours ending at 2354 SST on the 28th, 7.78 inches of rain fell. The lowest sea-level pressure was 984.9 mb, recorded at 0654 and 0754 SST on the 28th. 

Pagan Island:  The automated station on Pagan recorded both the maximum sustained wind of 66 mph and the peak gust of 132 mph from the east-northeast at 0200 SST on the 29th. The lowest sea-level pressure of 973.6 mb occurred an hour earlier, at 0100 SST. 

STORM EFFECTS AND DAMAGE

Guam:  While Guam did experience a short period of minimal tropical storm force winds, nearly all of the damage arose from the extraordinary rainfall and the resultant flooding and mudslides. Crop damage amounted to about $500,000, with most farmers reporting a total crop loss. Fifty-seven homes suffered major damage from mudslides and inundation, rendering them unlivable, and another 624 homes had minor damage. A road in Santa Rita collapsed as a pickup truck was crossing over it, damaging the truck. In southeastern Guam, a man died after driving his sport utility vehicle into water several feet deep at the Ylig River bridge in Yona. Total damage is estimated at $6,000,000. 

Rota:  As with Guam, most of the damage on Rota resulted from heavy rain and high seas. High seas inflicted an estimated $1 million in damage on Rota's commercial port. The combined cost of debris cleanup and repairs to roads and bridges amounted to about $762,000, and crop loss was estimated at up to $500,000. No major damage was reported to homes, businesses or schools. Total loss:  about $2,262,000. 

Tinian/Saipan:  In contrast to Guam and Rota, high winds accounted for much of the damage to Tinian and Saipan. On Tinian, 4 homes were destroyed and another 24 suffered major damage. On Saipan, 4 homes were destroyed, 81 had major damage, and 101 homes had only minor damage. Only minor damage was done to the public schools on both islands. At the Saipan seaport, a derelict fishing vessel containing thousands of gallons of diesel fuel and oil sank during the storm. Over $300,000 in damage was done to Saipan's power system, with over 50 lines, 20 transformers and 6 poles needing repair or replacement. Crop loss amounted to about $518,000, with 90% of the banana trees being blown down. Total damage is estimated at $2,400,000. 

Alamagan/Pagan/Agrihan: All private homes on these islands were destroyed (about 6 total), all crops and stored food were lost, and the water supply was contaminated. On Agrihan, the main public facility, used as a dispensary, radio room, food closet and storm shelter, was heavily damaged. On Alamagan, the mayor's office radio antenna was blown away and never found. Total damage is about $500,000. 

Total damage for this typhoon/flash flood event is $11,162,000. Seven fatalities are associated with this event: 1 man was killed after driving into deep floodwater on Guam (see above), a man drowned in high surf on Guam the morning of the 28th (see separate event entry), and 5 men drowned while kayaking in Guam's rough waters on the 29th (see separate event entry)."	152
5421461	WESTERN HYDE (ZONE)	 	8/3/2004	0	Hurricane (Typhoon)	 	 	0	0	0	0	NC	EST	 	1179720	Z	81	MHX	0	0	EMERGENCY MANAGER	 	 	 	 	 	 	 	 	8/3/2004	2300	 	 	 	 		Hurricane Alex, a category two storm with 100 mph sustained winds, brushed the Outer Banks of North Carolina during the late morning to early afternoon hours on August 3rd. The most significant impacts occurred along the Outer Banks from Ocracoke to Buxton where winds gusted to near 100 mph and soundside flooding was estimated between 4 to 6 feet. Winds and storm surge resulted in damage to over 100 homes and businesses. Nearly 500 cars were completely flooded on Ocracoke, and in the Hatteras Village area with damage estimated near 7.5 million dollars. Storm surge along the coast, along the lower reaches of the Neuse and Pamlico Rivers, and across other counties adjacent to the Pamlico and Albemarle Sounds were estimated at 1 to 3 feet where no significant damage occurred. The first outer rainbands began affecting the area during the early morning hours and continued through the day. Four to eight inches of rainfall was estimated across eastern Craven and Carteret Counties extending northeast and including Dare and Hyde counties. Freshwater flooding was reported across Craven and Carteret Counties. There were no reported tornadoes.	153
5421460	WESTERN DARE (ZONE)	 	8/3/2004	0	Hurricane (Typhoon)	 	 	0	0	0	0	NC	EST	 	1179720	Z	47	MHX	0	0	EMERGENCY MANAGER	 	 	 	 	 	 	 	 	8/3/2004	2300	 	 	 	 		Hurricane Alex, a category two storm with 100 mph sustained winds, brushed the Outer Banks of North Carolina during the late morning to early afternoon hours on August 3rd. The most significant impacts occurred along the Outer Banks from Ocracoke to Buxton where winds gusted to near 100 mph and soundside flooding was estimated between 4 to 6 feet. Winds and storm surge resulted in damage to over 100 homes and businesses. Nearly 500 cars were completely flooded on Ocracoke, and in the Hatteras Village area with damage estimated near 7.5 million dollars. Storm surge along the coast, along the lower reaches of the Neuse and Pamlico Rivers, and across other counties adjacent to the Pamlico and Albemarle Sounds were estimated at 1 to 3 feet where no significant damage occurred. The first outer rainbands began affecting the area during the early morning hours and continued through the day. Four to eight inches of rainfall was estimated across eastern Craven and Carteret Counties extending northeast and including Dare and Hyde counties. Freshwater flooding was reported across Craven and Carteret Counties. There were no reported tornadoes.	154
5421459	WASHINGTON (ZONE)	 	8/3/2004	0	Hurricane (Typhoon)	 	 	0	0	0	0	NC	EST	 	1179720	Z	45	MHX	0	0	EMERGENCY MANAGER	 	 	 	 	 	 	 	 	8/3/2004	2300	 	 	 	 		Hurricane Alex, a category two storm with 100 mph sustained winds, brushed the Outer Banks of North Carolina during the late morning to early afternoon hours on August 3rd. The most significant impacts occurred along the Outer Banks from Ocracoke to Buxton where winds gusted to near 100 mph and soundside flooding was estimated between 4 to 6 feet. Winds and storm surge resulted in damage to over 100 homes and businesses. Nearly 500 cars were completely flooded on Ocracoke, and in the Hatteras Village area with damage estimated near 7.5 million dollars. Storm surge along the coast, along the lower reaches of the Neuse and Pamlico Rivers, and across other counties adjacent to the Pamlico and Albemarle Sounds were estimated at 1 to 3 feet where no significant damage occurred. The first outer rainbands began affecting the area during the early morning hours and continued through the day. Four to eight inches of rainfall was estimated across eastern Craven and Carteret Counties extending northeast and including Dare and Hyde counties. Freshwater flooding was reported across Craven and Carteret Counties. There were no reported tornadoes.	155
5421451	BEAUFORT (ZONE)	 	8/3/2004	0	Hurricane (Typhoon)	 	 	0	0	0	0	NC	EST	 	1179720	Z	80	MHX	0	0	EMERGENCY MANAGER	 	 	 	 	 	 	 	 	8/3/2004	2300	 	 	 	 		Hurricane Alex, a category two storm with 100 mph sustained winds, brushed the Outer Banks of North Carolina during the late morning to early afternoon hours on August 3rd. The most significant impacts occurred along the Outer Banks from Ocracoke to Buxton where winds gusted to near 100 mph and soundside flooding was estimated between 4 to 6 feet. Winds and storm surge resulted in damage to over 100 homes and businesses. Nearly 500 cars were completely flooded on Ocracoke, and in the Hatteras Village area with damage estimated near 7.5 million dollars. Storm surge along the coast, along the lower reaches of the Neuse and Pamlico Rivers, and across other counties adjacent to the Pamlico and Albemarle Sounds were estimated at 1 to 3 feet where no significant damage occurred. The first outer rainbands began affecting the area during the early morning hours and continued through the day. Four to eight inches of rainfall was estimated across eastern Craven and Carteret Counties extending northeast and including Dare and Hyde counties. Freshwater flooding was reported across Craven and Carteret Counties. There were no reported tornadoes.	156
5421454	EASTERN DARE (ZONE)	 	8/3/2004	0	Hurricane (Typhoon)	 	 	0	0	2500000	0	NC	EST	 	1179720	Z	103	MHX	0	0	EMERGENCY MANAGER	 	 	 	 	 	 	 	 	8/3/2004	2300	 	 	 	 		Hurricane Alex, a category two storm with 100 mph sustained winds, brushed the Outer Banks of North Carolina during the late morning to early afternoon hours on August 3rd. The most significant impacts occurred along the Outer Banks from Ocracoke to Buxton where winds gusted to near 100 mph and soundside flooding was estimated between 4 to 6 feet. Winds and storm surge resulted in damage to over 100 homes and businesses. Nearly 500 cars were completely flooded on Ocracoke, and in the Hatteras Village area with damage estimated near 7.5 million dollars. Storm surge along the coast, along the lower reaches of the Neuse and Pamlico Rivers, and across other counties adjacent to the Pamlico and Albemarle Sounds were estimated at 1 to 3 feet where no significant damage occurred. The first outer rainbands began affecting the area during the early morning hours and continued through the day. Four to eight inches of rainfall was estimated across eastern Craven and Carteret Counties extending northeast and including Dare and Hyde counties. Freshwater flooding was reported across Craven and Carteret Counties. There were no reported tornadoes.	157
5421452	CARTERET (ZONE)	 	8/3/2004	0	Hurricane (Typhoon)	 	 	0	0	25000	0	NC	EST	 	1179720	Z	95	MHX	0	0	EMERGENCY MANAGER	 	 	 	 	 	 	 	 	8/3/2004	2300	 	 	 	 		Hurricane Alex, a category two storm with 100 mph sustained winds, brushed the Outer Banks of North Carolina during the late morning to early afternoon hours on August 3rd. The most significant impacts occurred along the Outer Banks from Ocracoke to Buxton where winds gusted to near 100 mph and soundside flooding was estimated between 4 to 6 feet. Winds and storm surge resulted in damage to over 100 homes and businesses. Nearly 500 cars were completely flooded on Ocracoke, and in the Hatteras Village area with damage estimated near 7.5 million dollars. Storm surge along the coast, along the lower reaches of the Neuse and Pamlico Rivers, and across other counties adjacent to the Pamlico and Albemarle Sounds were estimated at 1 to 3 feet where no significant damage occurred. The first outer rainbands began affecting the area during the early morning hours and continued through the day. Four to eight inches of rainfall was estimated across eastern Craven and Carteret Counties extending northeast and including Dare and Hyde counties. Freshwater flooding was reported across Craven and Carteret Counties. There were no reported tornadoes.	158
5421456	ONSLOW (ZONE)	 	8/3/2004	0	Hurricane (Typhoon)	 	 	0	0	5000	0	NC	EST	 	1179720	Z	98	MHX	0	0	EMERGENCY MANAGER	 	 	 	 	 	 	 	 	8/3/2004	2300	 	 	 	 		Hurricane Alex, a category two storm with 100 mph sustained winds, brushed the Outer Banks of North Carolina during the late morning to early afternoon hours on August 3rd. The most significant impacts occurred along the Outer Banks from Ocracoke to Buxton where winds gusted to near 100 mph and soundside flooding was estimated between 4 to 6 feet. Winds and storm surge resulted in damage to over 100 homes and businesses. Nearly 500 cars were completely flooded on Ocracoke, and in the Hatteras Village area with damage estimated near 7.5 million dollars. Storm surge along the coast, along the lower reaches of the Neuse and Pamlico Rivers, and across other counties adjacent to the Pamlico and Albemarle Sounds were estimated at 1 to 3 feet where no significant damage occurred. The first outer rainbands began affecting the area during the early morning hours and continued through the day. Four to eight inches of rainfall was estimated across eastern Craven and Carteret Counties extending northeast and including Dare and Hyde counties. Freshwater flooding was reported across Craven and Carteret Counties. There were no reported tornadoes.	159
5421458	TYRRELL (ZONE)	 	8/3/2004	0	Hurricane (Typhoon)	 	 	0	0	0	0	NC	EST	 	1179720	Z	46	MHX	0	0	EMERGENCY MANAGER	 	 	 	 	 	 	 	 	8/3/2004	2300	 	 	 	 		Hurricane Alex, a category two storm with 100 mph sustained winds, brushed the Outer Banks of North Carolina during the late morning to early afternoon hours on August 3rd. The most significant impacts occurred along the Outer Banks from Ocracoke to Buxton where winds gusted to near 100 mph and soundside flooding was estimated between 4 to 6 feet. Winds and storm surge resulted in damage to over 100 homes and businesses. Nearly 500 cars were completely flooded on Ocracoke, and in the Hatteras Village area with damage estimated near 7.5 million dollars. Storm surge along the coast, along the lower reaches of the Neuse and Pamlico Rivers, and across other counties adjacent to the Pamlico and Albemarle Sounds were estimated at 1 to 3 feet where no significant damage occurred. The first outer rainbands began affecting the area during the early morning hours and continued through the day. Four to eight inches of rainfall was estimated across eastern Craven and Carteret Counties extending northeast and including Dare and Hyde counties. Freshwater flooding was reported across Craven and Carteret Counties. There were no reported tornadoes.	160
5421453	CRAVEN (ZONE)	 	8/3/2004	0	Hurricane (Typhoon)	 	 	0	0	10000	0	NC	EST	 	1179720	Z	93	MHX	0	0	EMERGENCY MANAGER	 	 	 	 	 	 	 	 	8/3/2004	2300	 	 	 	 		Hurricane Alex, a category two storm with 100 mph sustained winds, brushed the Outer Banks of North Carolina during the late morning to early afternoon hours on August 3rd. The most significant impacts occurred along the Outer Banks from Ocracoke to Buxton where winds gusted to near 100 mph and soundside flooding was estimated between 4 to 6 feet. Winds and storm surge resulted in damage to over 100 homes and businesses. Nearly 500 cars were completely flooded on Ocracoke, and in the Hatteras Village area with damage estimated near 7.5 million dollars. Storm surge along the coast, along the lower reaches of the Neuse and Pamlico Rivers, and across other counties adjacent to the Pamlico and Albemarle Sounds were estimated at 1 to 3 feet where no significant damage occurred. The first outer rainbands began affecting the area during the early morning hours and continued through the day. Four to eight inches of rainfall was estimated across eastern Craven and Carteret Counties extending northeast and including Dare and Hyde counties. Freshwater flooding was reported across Craven and Carteret Counties. There were no reported tornadoes.	161
5421455	EASTERN HYDE (ZONE)	 	8/3/2004	0	Hurricane (Typhoon)	 	 	0	0	5000000	0	NC	EST	 	1179720	Z	104	MHX	0	0	EMERGENCY MANAGER	 	 	 	 	 	 	 	 	8/3/2004	2300	 	 	 	 		Hurricane Alex, a category two storm with 100 mph sustained winds, brushed the Outer Banks of North Carolina during the late morning to early afternoon hours on August 3rd. The most significant impacts occurred along the Outer Banks from Ocracoke to Buxton where winds gusted to near 100 mph and soundside flooding was estimated between 4 to 6 feet. Winds and storm surge resulted in damage to over 100 homes and businesses. Nearly 500 cars were completely flooded on Ocracoke, and in the Hatteras Village area with damage estimated near 7.5 million dollars. Storm surge along the coast, along the lower reaches of the Neuse and Pamlico Rivers, and across other counties adjacent to the Pamlico and Albemarle Sounds were estimated at 1 to 3 feet where no significant damage occurred. The first outer rainbands began affecting the area during the early morning hours and continued through the day. Four to eight inches of rainfall was estimated across eastern Craven and Carteret Counties extending northeast and including Dare and Hyde counties. Freshwater flooding was reported across Craven and Carteret Counties. There were no reported tornadoes.	162
5421457	PAMLICO (ZONE)	 	8/3/2004	0	Hurricane (Typhoon)	 	 	0	0	10000	0	NC	EST	 	1179720	Z	94	MHX	0	0	EMERGENCY MANAGER	 	 	 	 	 	 	 	 	8/3/2004	2300	 	 	 	 		Hurricane Alex, a category two storm with 100 mph sustained winds, brushed the Outer Banks of North Carolina during the late morning to early afternoon hours on August 3rd. The most significant impacts occurred along the Outer Banks from Ocracoke to Buxton where winds gusted to near 100 mph and soundside flooding was estimated between 4 to 6 feet. Winds and storm surge resulted in damage to over 100 homes and businesses. Nearly 500 cars were completely flooded on Ocracoke, and in the Hatteras Village area with damage estimated near 7.5 million dollars. Storm surge along the coast, along the lower reaches of the Neuse and Pamlico Rivers, and across other counties adjacent to the Pamlico and Albemarle Sounds were estimated at 1 to 3 feet where no significant damage occurred. The first outer rainbands began affecting the area during the early morning hours and continued through the day. Four to eight inches of rainfall was estimated across eastern Craven and Carteret Counties extending northeast and including Dare and Hyde counties. Freshwater flooding was reported across Craven and Carteret Counties. There were no reported tornadoes.	163
5421070	MONROE/LOWER KEYS (ZONE)	 	8/11/2004	400	Hurricane (Typhoon)	 	 	0	0	150000	0	FL	EST	 	1179334	Z	78	EYW	0	0	NWS STORM SURVEY	 	 	 	 	 	 	 	 	8/13/2004	1600	 	 	 	 		"Hurricane Charley moved north from western Cuba, passing directly over Dry Tortugas National Park around 0700 EST on August 13, 2004.  During the evening of August 12, a strong convective band moved north through the Florida Straits, the Keys east of the Seven Mile Bridge, and into Florida Bay.  Peak wind gusts to 56 knots (64 mph) were recorded at Sombrero Key Light, 53 knots (61 mph) at Long Key and 47 knots (54 mph) at Molasses Reef C-MAN stations during this convective band, along with reported wind gust to 45 knots (52 mph) from a spotter on Duck Key.  Damage along the island chain from Marathon through Ocean Reef was limited to downed tree limbs, power lines and unreinforced signs, and almost entirely from the convective band.  Beginning around 0330 EST, strong gradient winds began in the Lower Keys and Dry Tortugas.  Peak wind gusts of 54 knots (62 mph) were recorded at Sand Key C-MAN station, with gusts to 50 knots (58 mph) at Key West International Airport.  Peak wind measurements of 40 to 45 knots (46 to 52 mph) were measured along the island chain from Boca Chica Key through Summerland Key.  Wind damage including a few uprooted and snapped trees, large tree limbs, power lines, fences and unreinforced signs.  A sailboat broke loose from moorings around 0730 EST on August 13, striking a phase of a 115 kilovolt transmission line serving the lower Keys, causing a widespread power outage west of Marathon through Key West.

Maximum storm surge was estimated to near 6 feet at Dry Tortugas/Garden Key by National Park Service personnel, who rode out the hurricane at the fort.  Wave action produced extensive flooding of the park grounds outside of the Fort Jefferson walls.  Approximately 1000 feet of brickwork was lost on the outer moat wall, which was completely submerged at the time of high tide.  Numerous finger docks and the deck of the main dock were destroyed.  Scaffolding used during the Fort's multi-year renovation project was also damaged and found floating in the moat.  The Dry Tortugas C-MAN station, which included instrumentation less than 15 feet above mean sea level, was also destroyed, likely from the combination of wave action and elevated tide levels.  Maximum storm surge was estimated at one foot above normal at Key West. Wave action produced minor coastal flooding along the oceanfront.  

An estimated 11,000 visitors evacuated the Keys, causing an estimated tourism loss of 5.3 million dollars."	164
5421072	MONROE/UPPER KEYS (ZONE)	 	8/11/2004	400	Hurricane (Typhoon)	 	 	0	0	5000	0	FL	EST	 	1179334	Z	76	EYW	0	0	NWS STORM SURVEY	 	 	 	 	 	 	 	 	8/13/2004	1600	 	 	 	 		"Hurricane Charley moved north from western Cuba, passing directly over Dry Tortugas National Park around 0700 EST on August 13, 2004.  During the evening of August 12, a strong convective band moved north through the Florida Straits, the Keys east of the Seven Mile Bridge, and into Florida Bay.  Peak wind gusts to 56 knots (64 mph) were recorded at Sombrero Key Light, 53 knots (61 mph) at Long Key and 47 knots (54 mph) at Molasses Reef C-MAN stations during this convective band, along with reported wind gust to 45 knots (52 mph) from a spotter on Duck Key.  Damage along the island chain from Marathon through Ocean Reef was limited to downed tree limbs, power lines and unreinforced signs, and almost entirely from the convective band.  Beginning around 0330 EST, strong gradient winds began in the Lower Keys and Dry Tortugas.  Peak wind gusts of 54 knots (62 mph) were recorded at Sand Key C-MAN station, with gusts to 50 knots (58 mph) at Key West International Airport.  Peak wind measurements of 40 to 45 knots (46 to 52 mph) were measured along the island chain from Boca Chica Key through Summerland Key.  Wind damage including a few uprooted and snapped trees, large tree limbs, power lines, fences and unreinforced signs.  A sailboat broke loose from moorings around 0730 EST on August 13, striking a phase of a 115 kilovolt transmission line serving the lower Keys, causing a widespread power outage west of Marathon through Key West.

Maximum storm surge was estimated to near 6 feet at Dry Tortugas/Garden Key by National Park Service personnel, who rode out the hurricane at the fort.  Wave action produced extensive flooding of the park grounds outside of the Fort Jefferson walls.  Approximately 1000 feet of brickwork was lost on the outer moat wall, which was completely submerged at the time of high tide.  Numerous finger docks and the deck of the main dock were destroyed.  Scaffolding used during the Fort's multi-year renovation project was also damaged and found floating in the moat.  The Dry Tortugas C-MAN station, which included instrumentation less than 15 feet above mean sea level, was also destroyed, likely from the combination of wave action and elevated tide levels.  Maximum storm surge was estimated at one foot above normal at Key West. Wave action produced minor coastal flooding along the oceanfront.  

An estimated 11,000 visitors evacuated the Keys, causing an estimated tourism loss of 5.3 million dollars."	165
5421071	MONROE/MIDDLE KEYS (ZONE)	 	8/11/2004	400	Hurricane (Typhoon)	 	 	0	0	5000	0	FL	EST	 	1179334	Z	77	EYW	0	0	NWS STORM SURVEY	 	 	 	 	 	 	 	 	8/13/2004	1600	 	 	 	 		"Hurricane Charley moved north from western Cuba, passing directly over Dry Tortugas National Park around 0700 EST on August 13, 2004.  During the evening of August 12, a strong convective band moved north through the Florida Straits, the Keys east of the Seven Mile Bridge, and into Florida Bay.  Peak wind gusts to 56 knots (64 mph) were recorded at Sombrero Key Light, 53 knots (61 mph) at Long Key and 47 knots (54 mph) at Molasses Reef C-MAN stations during this convective band, along with reported wind gust to 45 knots (52 mph) from a spotter on Duck Key.  Damage along the island chain from Marathon through Ocean Reef was limited to downed tree limbs, power lines and unreinforced signs, and almost entirely from the convective band.  Beginning around 0330 EST, strong gradient winds began in the Lower Keys and Dry Tortugas.  Peak wind gusts of 54 knots (62 mph) were recorded at Sand Key C-MAN station, with gusts to 50 knots (58 mph) at Key West International Airport.  Peak wind measurements of 40 to 45 knots (46 to 52 mph) were measured along the island chain from Boca Chica Key through Summerland Key.  Wind damage including a few uprooted and snapped trees, large tree limbs, power lines, fences and unreinforced signs.  A sailboat broke loose from moorings around 0730 EST on August 13, striking a phase of a 115 kilovolt transmission line serving the lower Keys, causing a widespread power outage west of Marathon through Key West.

Maximum storm surge was estimated to near 6 feet at Dry Tortugas/Garden Key by National Park Service personnel, who rode out the hurricane at the fort.  Wave action produced extensive flooding of the park grounds outside of the Fort Jefferson walls.  Approximately 1000 feet of brickwork was lost on the outer moat wall, which was completely submerged at the time of high tide.  Numerous finger docks and the deck of the main dock were destroyed.  Scaffolding used during the Fort's multi-year renovation project was also damaged and found floating in the moat.  The Dry Tortugas C-MAN station, which included instrumentation less than 15 feet above mean sea level, was also destroyed, likely from the combination of wave action and elevated tide levels.  Maximum storm surge was estimated at one foot above normal at Key West. Wave action produced minor coastal flooding along the oceanfront.  

An estimated 11,000 visitors evacuated the Keys, causing an estimated tourism loss of 5.3 million dollars."	166
5413247	COASTAL COLLIER (ZONE)	 	8/13/2004	0	Hurricane (Typhoon)	 	 	0	0	2500000	0	FL	EST	 	1175921	Z	69	MFL	0	0	EMERGENCY MANAGER	 	 	 	 	 	 	 	 	8/13/2004	2200	 	 	 	 		"On August 12, Hurricane Charley, after moving through the northwest Caribbean Sea, turned north and accelerated cross the western end of Cuba, and just west of the lower Florida Keys.  Early on August 13, the hurricane intensified to Category 4 status and turned to a north northeast direction before making landfall near Port Charlotte around 3 PM EDT. The first outer rainband, with wind gusts estimated up to 60 mph,  impacted the south Florida Peninsula between midnight and 2 AM EDT 

In Collier County, a peak wind gust of 84 mph was measured at 2:50 PM EDT on the top of a condominium at Vanderbilt Beach before the equipment failed.  The Naples ASOS equipment failed well before the maximum winds or minimum pressure occurred.  Wind gusts at La Belle were estimated at 80 mph.

Rainfall in most locations in Collier County was around two inches with an unofficial amount of 7.5 inches reported in North Naples.  Radar rainfall estimates of locally 8 to 10 inches were made in North Naples. Flooding was mostly minimal. 

The highest Storm Tide along the southwest Florida Coast was estimated at three feet near Wiggins Pass with heights of one to two feet from Naples to Marco Island to Everglades City. Tidal flooding was minimal. Lake Okeechobee levels increased up to three feet above normal along the north and northeast shores.

A long-track tornado moved through the open country of the Everglades in eastern Hendry County before doing minor damage to buildings in Clewiston.

Hurricane wind damage was greatest in North Naples and Vanderbilt Beach with numerous power poles, trees and signs blown down, and a few roofs damaged.  Damage also occurred to screened porches throughout the Naples-Marco Island metropolitan areas.  Damage occurred to Gulf-side structures along most of the coastline but beach erosion was mostly minor.  Four persons in Naples suffered minor injuries when their vehicle was touched by a downed power line during the storm.  Three persons in Collier County died from indirect causes after the hurricane. An estimated 130,000 customers in Collier County lost power.  About 2,500 people took refuge in six shelters.

Damage in Hendry and Glades counties consisted mainly of downed trees, power lines and signs, with minor roof damage to several homes.  An estimated 1000 customers lost electricity in Glades County."	167
5413248	HENDRY (ZONE)	 	8/13/2004	100	Hurricane (Typhoon)	 	 	0	0	50000	0	FL	EST	 	1175921	Z	66	MFL	0	0	EMERGENCY MANAGER	 	 	 	 	 	 	 	 	8/13/2004	2300	 	 	 	 		"On August 12, Hurricane Charley, after moving through the northwest Caribbean Sea, turned north and accelerated cross the western end of Cuba, and just west of the lower Florida Keys.  Early on August 13, the hurricane intensified to Category 4 status and turned to a north northeast direction before making landfall near Port Charlotte around 3 PM EDT. The first outer rainband, with wind gusts estimated up to 60 mph,  impacted the south Florida Peninsula between midnight and 2 AM EDT 

In Collier County, a peak wind gust of 84 mph was measured at 2:50 PM EDT on the top of a condominium at Vanderbilt Beach before the equipment failed.  The Naples ASOS equipment failed well before the maximum winds or minimum pressure occurred.  Wind gusts at La Belle were estimated at 80 mph.

Rainfall in most locations in Collier County was around two inches with an unofficial amount of 7.5 inches reported in North Naples.  Radar rainfall estimates of locally 8 to 10 inches were made in North Naples. Flooding was mostly minimal. 

The highest Storm Tide along the southwest Florida Coast was estimated at three feet near Wiggins Pass with heights of one to two feet from Naples to Marco Island to Everglades City. Tidal flooding was minimal. Lake Okeechobee levels increased up to three feet above normal along the north and northeast shores.

A long-track tornado moved through the open country of the Everglades in eastern Hendry County before doing minor damage to buildings in Clewiston.

Hurricane wind damage was greatest in North Naples and Vanderbilt Beach with numerous power poles, trees and signs blown down, and a few roofs damaged.  Damage also occurred to screened porches throughout the Naples-Marco Island metropolitan areas.  Damage occurred to Gulf-side structures along most of the coastline but beach erosion was mostly minor.  Four persons in Naples suffered minor injuries when their vehicle was touched by a downed power line during the storm.  Three persons in Collier County died from indirect causes after the hurricane. An estimated 130,000 customers in Collier County lost power.  About 2,500 people took refuge in six shelters.

Damage in Hendry and Glades counties consisted mainly of downed trees, power lines and signs, with minor roof damage to several homes.  An estimated 1000 customers lost electricity in Glades County."	168
5413249	GLADES (ZONE)	 	8/13/2004	200	Hurricane (Typhoon)	 	 	0	0	25000	0	FL	EST	 	1175921	Z	63	MFL	0	0	EMERGENCY MANAGER	 	 	 	 	 	 	 	 	8/13/2004	2330	 	 	 	 		"On August 12, Hurricane Charley, after moving through the northwest Caribbean Sea, turned north and accelerated cross the western end of Cuba, and just west of the lower Florida Keys.  Early on August 13, the hurricane intensified to Category 4 status and turned to a north northeast direction before making landfall near Port Charlotte around 3 PM EDT. The first outer rainband, with wind gusts estimated up to 60 mph,  impacted the south Florida Peninsula between midnight and 2 AM EDT 

In Collier County, a peak wind gust of 84 mph was measured at 2:50 PM EDT on the top of a condominium at Vanderbilt Beach before the equipment failed.  The Naples ASOS equipment failed well before the maximum winds or minimum pressure occurred.  Wind gusts at La Belle were estimated at 80 mph.

Rainfall in most locations in Collier County was around two inches with an unofficial amount of 7.5 inches reported in North Naples.  Radar rainfall estimates of locally 8 to 10 inches were made in North Naples. Flooding was mostly minimal. 

The highest Storm Tide along the southwest Florida Coast was estimated at three feet near Wiggins Pass with heights of one to two feet from Naples to Marco Island to Everglades City. Tidal flooding was minimal. Lake Okeechobee levels increased up to three feet above normal along the north and northeast shores.

A long-track tornado moved through the open country of the Everglades in eastern Hendry County before doing minor damage to buildings in Clewiston.

Hurricane wind damage was greatest in North Naples and Vanderbilt Beach with numerous power poles, trees and signs blown down, and a few roofs damaged.  Damage also occurred to screened porches throughout the Naples-Marco Island metropolitan areas.  Damage occurred to Gulf-side structures along most of the coastline but beach erosion was mostly minor.  Four persons in Naples suffered minor injuries when their vehicle was touched by a downed power line during the storm.  Three persons in Collier County died from indirect causes after the hurricane. An estimated 130,000 customers in Collier County lost power.  About 2,500 people took refuge in six shelters.

Damage in Hendry and Glades counties consisted mainly of downed trees, power lines and signs, with minor roof damage to several homes.  An estimated 1000 customers lost electricity in Glades County."	169
5419969	DIXIE (ZONE)	 	8/13/2004	600	Hurricane (Typhoon)	 	 	0	0	0	0	FL	EST	 	1178868	Z	34	TAE	0	0	EMERGENCY MANAGER	 	 	 	 	 	 	 	 	8/13/2004	1800	 	 	 	 		Hurricane Charley came ashore late Friday afternoon along the southwest Florida coast just northwest of Ft Myers, FL.  Maximum sustained and peak winds were well below tropical storm strength over the northeast Gulf of Mexico.  The lowest sea level pressure was 1011 mb at Cross City, FL.  Rainfall totals over the Florida Big Bend ranged from less than a quarter inch to 1.25 inches at Cross City, FL.	170
5417272	MANATEE (ZONE)	 	8/13/2004	1400	Hurricane (Typhoon)	 	 	0	0	8200000	0	FL	EST	 	1178038	Z	55	TBW	0	0	EMERGENCY MANAGER	 	 	 	 	 	 	 	 	8/13/2004	2000	 	 	 	 		"The collective effects of Hurricane Charley in southwest and west central Florida during August 13th resulted in 8 direct fatalities, 16 indirect fatalities, 792 injuries, eight tornadoes, an eight foot storm surge in Lee County, an estimated $11.2 billion in property damage (estimated to be about twice that of the insured damage), and $460 million in crop damage.  The fast movement of Hurricane Charley limited rain fall totals to 4 to 6 inches along the track of the hurricane's eye wall. River flooding of one to three feet above flood stage was found on area rivers south of Interstate 4.  

Hurricane Charley, a powerful but compact Category 4 hurricane on the Saffir-Simpson Hurricane Scale, roared into Southwest Florida during the late afternoon of August 13th, then raced northeast through the central Florida peninsula, reaching the Atlantic Coast as a Category 1 hurricane near Daytona Beach in only seven hours.  In all, 1.42 million people evacuated their homes in southwest and west central Florida because the forecasted path was parallel to the coast and Charley could have made land fall anywhere from Tampa to Fort Myers. 

Hurricane Charley made landfall just north of Captiva with sustained winds estimated at 145 mph.  The winds damaged or destroyed thousands of homes, knocked down tens of thousands of trees, and took out power to more than 2 million Floridians.  The most intense damage occurred in a band approximately 10 miles wide centered on the path of the eyewall.  Additional damage was seen in a band approximately 35 miles wide centered on the path of the eyewall.  Rainfall was limited to 3 to 5 inches in a 20 mile radius surrounding the center, and the areal extent of storm surge was limited by the lack of buildup of high seas as the storm raced northward. 

The center of Charley crossed the barrier islands of Cayo Costa and Gasparilla Island at 345 PM EDT, then moved up Charlotte Harbor before making landfall at Mangrove Point, just southwest of Punta Gorda, at 435 PM EDT.  By 530 PM EDT, the center was 5 miles west of Arcadia (Desoto County); at 630 PM EDT, 1 mile west of Wauchula (Hardee County), and at 730 PM EDT, 4 miles west of Lake Wales (Polk County). At approximately 830 PM EDT, Charley had exited West Central Florida, and in 45 minutes slammed into Orlando International Airport.

Charlotte County took the brunt of the destruction caused by Hurricane Charley.  The airport in Punta Gorda recorded sustained winds of 87 mph with gusts to 112 mph before the wind equipment blew apart.  Most of the buildings and airplanes at the airport were destroyed.  An unofficial wind gust of 173 mph was reported from a tower on the Charlotte Regional Medial Center in Punta Gorda.  Saint Joseph's Hospital in Port Charlotte lost its roof.  No storm surge was reported but Charlotte Harbor reported a four foot drop in the water level.  There were four direct fatalities that were a result of blunt force trauma from flying debris.  The estimated 700 injuries were a result of additional trauma caused to the 450 patients that were evacuated from damaged hospitals.  An estimated 250 people were treated by three different remote medical teams dispatched throughout the county. 

In Lee County, Hurricane Charley caused an estimated eight foot storm surge that cut a new pass 300 yards wide across North Captiva Island.  The storm surge was estimated at 4 to 6 feet at Fort Myers Beach, Horseshoe Key, and Port Boca Grand.  Two direct and two indirect deaths were blamed on this hurricane. Sustained winds of 61 mph with gusts to 78 mph were recorded at the Fort Myers Regional Southwest airport. A personal weather station in Fort Myers recorded a wind gust of 95 mph.  The winds damaged or destroyed 41% of the homes in Cape Coral, ripped the roof off of the post office in Fort Myers, and lead to 1.9 millions cubic yards of debris in Lee County. There was one direct death attributed to the storm when a tree fell on a person outside smoking. There were three indirect fatalities due to carbon monoxide poisoning from a generator, a candle burned down a mobile home, and one heart attack. 

In DeSoto County the storm shelter at the Civic Center in Arcadia lost one wall and the roof pealed back while 1,200 evacuees were inside.  A wind gust of 104 mph was recorded in Arcadia where the storm  downed a water tower.  The majority of Arcadia's downtown was heavily damaged or destroyed and a mobile home park along State Road 72 was flattened. There was one direct fatality in a tool shed that was destroyed by the wind. 

In Sarasota there was one direct fatality a wind gust blew a car off the road and it hit a tree. Downed trees  knocked out power and damaged homes in the eastern part of the county. 

In Manatee County an unofficial report of 100 mph was reported in the southeast tip of the county.  Downed trees and power lines in the eastern part of the county forced officials to close the Myakka City Elementary School through August 20th. 

The damage total listed was estimated by doubling the insured losses.  The doubling accounted for uninsured losses and damage to the public infrastructure."	171
5417271	LEE (ZONE)	 	8/13/2004	1400	Hurricane (Typhoon)	 	 	1	30	2000000000	10000000	FL	EST	 	1178038	Z	65	TBW	0	0	EMERGENCY MANAGER	 	 	 	 	 	 	 	 	8/13/2004	2000	 	 	 	 		"The collective effects of Hurricane Charley in southwest and west central Florida during August 13th resulted in 8 direct fatalities, 16 indirect fatalities, 792 injuries, eight tornadoes, an eight foot storm surge in Lee County, an estimated $11.2 billion in property damage (estimated to be about twice that of the insured damage), and $460 million in crop damage.  The fast movement of Hurricane Charley limited rain fall totals to 4 to 6 inches along the track of the hurricane's eye wall. River flooding of one to three feet above flood stage was found on area rivers south of Interstate 4.  

Hurricane Charley, a powerful but compact Category 4 hurricane on the Saffir-Simpson Hurricane Scale, roared into Southwest Florida during the late afternoon of August 13th, then raced northeast through the central Florida peninsula, reaching the Atlantic Coast as a Category 1 hurricane near Daytona Beach in only seven hours.  In all, 1.42 million people evacuated their homes in southwest and west central Florida because the forecasted path was parallel to the coast and Charley could have made land fall anywhere from Tampa to Fort Myers. 

Hurricane Charley made landfall just north of Captiva with sustained winds estimated at 145 mph.  The winds damaged or destroyed thousands of homes, knocked down tens of thousands of trees, and took out power to more than 2 million Floridians.  The most intense damage occurred in a band approximately 10 miles wide centered on the path of the eyewall.  Additional damage was seen in a band approximately 35 miles wide centered on the path of the eyewall.  Rainfall was limited to 3 to 5 inches in a 20 mile radius surrounding the center, and the areal extent of storm surge was limited by the lack of buildup of high seas as the storm raced northward. 

The center of Charley crossed the barrier islands of Cayo Costa and Gasparilla Island at 345 PM EDT, then moved up Charlotte Harbor before making landfall at Mangrove Point, just southwest of Punta Gorda, at 435 PM EDT.  By 530 PM EDT, the center was 5 miles west of Arcadia (Desoto County); at 630 PM EDT, 1 mile west of Wauchula (Hardee County), and at 730 PM EDT, 4 miles west of Lake Wales (Polk County). At approximately 830 PM EDT, Charley had exited West Central Florida, and in 45 minutes slammed into Orlando International Airport.

Charlotte County took the brunt of the destruction caused by Hurricane Charley.  The airport in Punta Gorda recorded sustained winds of 87 mph with gusts to 112 mph before the wind equipment blew apart.  Most of the buildings and airplanes at the airport were destroyed.  An unofficial wind gust of 173 mph was reported from a tower on the Charlotte Regional Medial Center in Punta Gorda.  Saint Joseph's Hospital in Port Charlotte lost its roof.  No storm surge was reported but Charlotte Harbor reported a four foot drop in the water level.  There were four direct fatalities that were a result of blunt force trauma from flying debris.  The estimated 700 injuries were a result of additional trauma caused to the 450 patients that were evacuated from damaged hospitals.  An estimated 250 people were treated by three different remote medical teams dispatched throughout the county. 

In Lee County, Hurricane Charley caused an estimated eight foot storm surge that cut a new pass 300 yards wide across North Captiva Island.  The storm surge was estimated at 4 to 6 feet at Fort Myers Beach, Horseshoe Key, and Port Boca Grand.  Two direct and two indirect deaths were blamed on this hurricane. Sustained winds of 61 mph with gusts to 78 mph were recorded at the Fort Myers Regional Southwest airport. A personal weather station in Fort Myers recorded a wind gust of 95 mph.  The winds damaged or destroyed 41% of the homes in Cape Coral, ripped the roof off of the post office in Fort Myers, and lead to 1.9 millions cubic yards of debris in Lee County. There was one direct death attributed to the storm when a tree fell on a person outside smoking. There were three indirect fatalities due to carbon monoxide poisoning from a generator, a candle burned down a mobile home, and one heart attack. 

In DeSoto County the storm shelter at the Civic Center in Arcadia lost one wall and the roof pealed back while 1,200 evacuees were inside.  A wind gust of 104 mph was recorded in Arcadia where the storm  downed a water tower.  The majority of Arcadia's downtown was heavily damaged or destroyed and a mobile home park along State Road 72 was flattened. There was one direct fatality in a tool shed that was destroyed by the wind. 

In Sarasota there was one direct fatality a wind gust blew a car off the road and it hit a tree. Downed trees  knocked out power and damaged homes in the eastern part of the county. 

In Manatee County an unofficial report of 100 mph was reported in the southeast tip of the county.  Downed trees and power lines in the eastern part of the county forced officials to close the Myakka City Elementary School through August 20th. 

The damage total listed was estimated by doubling the insured losses.  The doubling accounted for uninsured losses and damage to the public infrastructure."	172
5417270	DE SOTO (ZONE)	 	8/13/2004	1400	Hurricane (Typhoon)	 	 	1	50	382000000	125000000	FL	EST	 	1178038	Z	61	TBW	0	0	EMERGENCY MANAGER	 	 	 	 	 	 	 	 	8/13/2004	2000	 	 	 	 		"The collective effects of Hurricane Charley in southwest and west central Florida during August 13th resulted in 8 direct fatalities, 16 indirect fatalities, 792 injuries, eight tornadoes, an eight foot storm surge in Lee County, an estimated $11.2 billion in property damage (estimated to be about twice that of the insured damage), and $460 million in crop damage.  The fast movement of Hurricane Charley limited rain fall totals to 4 to 6 inches along the track of the hurricane's eye wall. River flooding of one to three feet above flood stage was found on area rivers south of Interstate 4.  

Hurricane Charley, a powerful but compact Category 4 hurricane on the Saffir-Simpson Hurricane Scale, roared into Southwest Florida during the late afternoon of August 13th, then raced northeast through the central Florida peninsula, reaching the Atlantic Coast as a Category 1 hurricane near Daytona Beach in only seven hours.  In all, 1.42 million people evacuated their homes in southwest and west central Florida because the forecasted path was parallel to the coast and Charley could have made land fall anywhere from Tampa to Fort Myers. 

Hurricane Charley made landfall just north of Captiva with sustained winds estimated at 145 mph.  The winds damaged or destroyed thousands of homes, knocked down tens of thousands of trees, and took out power to more than 2 million Floridians.  The most intense damage occurred in a band approximately 10 miles wide centered on the path of the eyewall.  Additional damage was seen in a band approximately 35 miles wide centered on the path of the eyewall.  Rainfall was limited to 3 to 5 inches in a 20 mile radius surrounding the center, and the areal extent of storm surge was limited by the lack of buildup of high seas as the storm raced northward. 

The center of Charley crossed the barrier islands of Cayo Costa and Gasparilla Island at 345 PM EDT, then moved up Charlotte Harbor before making landfall at Mangrove Point, just southwest of Punta Gorda, at 435 PM EDT.  By 530 PM EDT, the center was 5 miles west of Arcadia (Desoto County); at 630 PM EDT, 1 mile west of Wauchula (Hardee County), and at 730 PM EDT, 4 miles west of Lake Wales (Polk County). At approximately 830 PM EDT, Charley had exited West Central Florida, and in 45 minutes slammed into Orlando International Airport.

Charlotte County took the brunt of the destruction caused by Hurricane Charley.  The airport in Punta Gorda recorded sustained winds of 87 mph with gusts to 112 mph before the wind equipment blew apart.  Most of the buildings and airplanes at the airport were destroyed.  An unofficial wind gust of 173 mph was reported from a tower on the Charlotte Regional Medial Center in Punta Gorda.  Saint Joseph's Hospital in Port Charlotte lost its roof.  No storm surge was reported but Charlotte Harbor reported a four foot drop in the water level.  There were four direct fatalities that were a result of blunt force trauma from flying debris.  The estimated 700 injuries were a result of additional trauma caused to the 450 patients that were evacuated from damaged hospitals.  An estimated 250 people were treated by three different remote medical teams dispatched throughout the county. 

In Lee County, Hurricane Charley caused an estimated eight foot storm surge that cut a new pass 300 yards wide across North Captiva Island.  The storm surge was estimated at 4 to 6 feet at Fort Myers Beach, Horseshoe Key, and Port Boca Grand.  Two direct and two indirect deaths were blamed on this hurricane. Sustained winds of 61 mph with gusts to 78 mph were recorded at the Fort Myers Regional Southwest airport. A personal weather station in Fort Myers recorded a wind gust of 95 mph.  The winds damaged or destroyed 41% of the homes in Cape Coral, ripped the roof off of the post office in Fort Myers, and lead to 1.9 millions cubic yards of debris in Lee County. There was one direct death attributed to the storm when a tree fell on a person outside smoking. There were three indirect fatalities due to carbon monoxide poisoning from a generator, a candle burned down a mobile home, and one heart attack. 

In DeSoto County the storm shelter at the Civic Center in Arcadia lost one wall and the roof pealed back while 1,200 evacuees were inside.  A wind gust of 104 mph was recorded in Arcadia where the storm  downed a water tower.  The majority of Arcadia's downtown was heavily damaged or destroyed and a mobile home park along State Road 72 was flattened. There was one direct fatality in a tool shed that was destroyed by the wind. 

In Sarasota there was one direct fatality a wind gust blew a car off the road and it hit a tree. Downed trees  knocked out power and damaged homes in the eastern part of the county. 

In Manatee County an unofficial report of 100 mph was reported in the southeast tip of the county.  Downed trees and power lines in the eastern part of the county forced officials to close the Myakka City Elementary School through August 20th. 

The damage total listed was estimated by doubling the insured losses.  The doubling accounted for uninsured losses and damage to the public infrastructure."	173
5417269	CHARLOTTE (ZONE)	 	8/13/2004	1400	Hurricane (Typhoon)	 	 	4	700	3000000000	150000000	FL	EST	 	1178038	Z	62	TBW	0	0	EMERGENCY MANAGER	 	 	 	 	 	 	 	 	8/13/2004	2000	 	 	 	 		"The collective effects of Hurricane Charley in southwest and west central Florida during August 13th resulted in 8 direct fatalities, 16 indirect fatalities, 792 injuries, eight tornadoes, an eight foot storm surge in Lee County, an estimated $11.2 billion in property damage (estimated to be about twice that of the insured damage), and $460 million in crop damage.  The fast movement of Hurricane Charley limited rain fall totals to 4 to 6 inches along the track of the hurricane's eye wall. River flooding of one to three feet above flood stage was found on area rivers south of Interstate 4.  

Hurricane Charley, a powerful but compact Category 4 hurricane on the Saffir-Simpson Hurricane Scale, roared into Southwest Florida during the late afternoon of August 13th, then raced northeast through the central Florida peninsula, reaching the Atlantic Coast as a Category 1 hurricane near Daytona Beach in only seven hours.  In all, 1.42 million people evacuated their homes in southwest and west central Florida because the forecasted path was parallel to the coast and Charley could have made land fall anywhere from Tampa to Fort Myers. 

Hurricane Charley made landfall just north of Captiva with sustained winds estimated at 145 mph.  The winds damaged or destroyed thousands of homes, knocked down tens of thousands of trees, and took out power to more than 2 million Floridians.  The most intense damage occurred in a band approximately 10 miles wide centered on the path of the eyewall.  Additional damage was seen in a band approximately 35 miles wide centered on the path of the eyewall.  Rainfall was limited to 3 to 5 inches in a 20 mile radius surrounding the center, and the areal extent of storm surge was limited by the lack of buildup of high seas as the storm raced northward. 

The center of Charley crossed the barrier islands of Cayo Costa and Gasparilla Island at 345 PM EDT, then moved up Charlotte Harbor before making landfall at Mangrove Point, just southwest of Punta Gorda, at 435 PM EDT.  By 530 PM EDT, the center was 5 miles west of Arcadia (Desoto County); at 630 PM EDT, 1 mile west of Wauchula (Hardee County), and at 730 PM EDT, 4 miles west of Lake Wales (Polk County). At approximately 830 PM EDT, Charley had exited West Central Florida, and in 45 minutes slammed into Orlando International Airport.

Charlotte County took the brunt of the destruction caused by Hurricane Charley.  The airport in Punta Gorda recorded sustained winds of 87 mph with gusts to 112 mph before the wind equipment blew apart.  Most of the buildings and airplanes at the airport were destroyed.  An unofficial wind gust of 173 mph was reported from a tower on the Charlotte Regional Medial Center in Punta Gorda.  Saint Joseph's Hospital in Port Charlotte lost its roof.  No storm surge was reported but Charlotte Harbor reported a four foot drop in the water level.  There were four direct fatalities that were a result of blunt force trauma from flying debris.  The estimated 700 injuries were a result of additional trauma caused to the 450 patients that were evacuated from damaged hospitals.  An estimated 250 people were treated by three different remote medical teams dispatched throughout the county. 

In Lee County, Hurricane Charley caused an estimated eight foot storm surge that cut a new pass 300 yards wide across North Captiva Island.  The storm surge was estimated at 4 to 6 feet at Fort Myers Beach, Horseshoe Key, and Port Boca Grand.  Two direct and two indirect deaths were blamed on this hurricane. Sustained winds of 61 mph with gusts to 78 mph were recorded at the Fort Myers Regional Southwest airport. A personal weather station in Fort Myers recorded a wind gust of 95 mph.  The winds damaged or destroyed 41% of the homes in Cape Coral, ripped the roof off of the post office in Fort Myers, and lead to 1.9 millions cubic yards of debris in Lee County. There was one direct death attributed to the storm when a tree fell on a person outside smoking. There were three indirect fatalities due to carbon monoxide poisoning from a generator, a candle burned down a mobile home, and one heart attack. 

In DeSoto County the storm shelter at the Civic Center in Arcadia lost one wall and the roof pealed back while 1,200 evacuees were inside.  A wind gust of 104 mph was recorded in Arcadia where the storm  downed a water tower.  The majority of Arcadia's downtown was heavily damaged or destroyed and a mobile home park along State Road 72 was flattened. There was one direct fatality in a tool shed that was destroyed by the wind. 

In Sarasota there was one direct fatality a wind gust blew a car off the road and it hit a tree. Downed trees  knocked out power and damaged homes in the eastern part of the county. 

In Manatee County an unofficial report of 100 mph was reported in the southeast tip of the county.  Downed trees and power lines in the eastern part of the county forced officials to close the Myakka City Elementary School through August 20th. 

The damage total listed was estimated by doubling the insured losses.  The doubling accounted for uninsured losses and damage to the public infrastructure."	174
5417273	SARASOTA (ZONE)	 	8/13/2004	1400	Hurricane (Typhoon)	 	 	1	0	32400000	0	FL	EST	 	1178038	Z	60	TBW	0	0	EMERGENCY MANAGER	 	 	 	 	 	 	 	 	8/13/2004	2000	 	 	 	 		"The collective effects of Hurricane Charley in southwest and west central Florida during August 13th resulted in 8 direct fatalities, 16 indirect fatalities, 792 injuries, eight tornadoes, an eight foot storm surge in Lee County, an estimated $11.2 billion in property damage (estimated to be about twice that of the insured damage), and $460 million in crop damage.  The fast movement of Hurricane Charley limited rain fall totals to 4 to 6 inches along the track of the hurricane's eye wall. River flooding of one to three feet above flood stage was found on area rivers south of Interstate 4.  

Hurricane Charley, a powerful but compact Category 4 hurricane on the Saffir-Simpson Hurricane Scale, roared into Southwest Florida during the late afternoon of August 13th, then raced northeast through the central Florida peninsula, reaching the Atlantic Coast as a Category 1 hurricane near Daytona Beach in only seven hours.  In all, 1.42 million people evacuated their homes in southwest and west central Florida because the forecasted path was parallel to the coast and Charley could have made land fall anywhere from Tampa to Fort Myers. 

Hurricane Charley made landfall just north of Captiva with sustained winds estimated at 145 mph.  The winds damaged or destroyed thousands of homes, knocked down tens of thousands of trees, and took out power to more than 2 million Floridians.  The most intense damage occurred in a band approximately 10 miles wide centered on the path of the eyewall.  Additional damage was seen in a band approximately 35 miles wide centered on the path of the eyewall.  Rainfall was limited to 3 to 5 inches in a 20 mile radius surrounding the center, and the areal extent of storm surge was limited by the lack of buildup of high seas as the storm raced northward. 

The center of Charley crossed the barrier islands of Cayo Costa and Gasparilla Island at 345 PM EDT, then moved up Charlotte Harbor before making landfall at Mangrove Point, just southwest of Punta Gorda, at 435 PM EDT.  By 530 PM EDT, the center was 5 miles west of Arcadia (Desoto County); at 630 PM EDT, 1 mile west of Wauchula (Hardee County), and at 730 PM EDT, 4 miles west of Lake Wales (Polk County). At approximately 830 PM EDT, Charley had exited West Central Florida, and in 45 minutes slammed into Orlando International Airport.

Charlotte County took the brunt of the destruction caused by Hurricane Charley.  The airport in Punta Gorda recorded sustained winds of 87 mph with gusts to 112 mph before the wind equipment blew apart.  Most of the buildings and airplanes at the airport were destroyed.  An unofficial wind gust of 173 mph was reported from a tower on the Charlotte Regional Medial Center in Punta Gorda.  Saint Joseph's Hospital in Port Charlotte lost its roof.  No storm surge was reported but Charlotte Harbor reported a four foot drop in the water level.  There were four direct fatalities that were a result of blunt force trauma from flying debris.  The estimated 700 injuries were a result of additional trauma caused to the 450 patients that were evacuated from damaged hospitals.  An estimated 250 people were treated by three different remote medical teams dispatched throughout the county. 

In Lee County, Hurricane Charley caused an estimated eight foot storm surge that cut a new pass 300 yards wide across North Captiva Island.  The storm surge was estimated at 4 to 6 feet at Fort Myers Beach, Horseshoe Key, and Port Boca Grand.  Two direct and two indirect deaths were blamed on this hurricane. Sustained winds of 61 mph with gusts to 78 mph were recorded at the Fort Myers Regional Southwest airport. A personal weather station in Fort Myers recorded a wind gust of 95 mph.  The winds damaged or destroyed 41% of the homes in Cape Coral, ripped the roof off of the post office in Fort Myers, and lead to 1.9 millions cubic yards of debris in Lee County. There was one direct death attributed to the storm when a tree fell on a person outside smoking. There were three indirect fatalities due to carbon monoxide poisoning from a generator, a candle burned down a mobile home, and one heart attack. 

In DeSoto County the storm shelter at the Civic Center in Arcadia lost one wall and the roof pealed back while 1,200 evacuees were inside.  A wind gust of 104 mph was recorded in Arcadia where the storm  downed a water tower.  The majority of Arcadia's downtown was heavily damaged or destroyed and a mobile home park along State Road 72 was flattened. There was one direct fatality in a tool shed that was destroyed by the wind. 

In Sarasota there was one direct fatality a wind gust blew a car off the road and it hit a tree. Downed trees  knocked out power and damaged homes in the eastern part of the county. 

In Manatee County an unofficial report of 100 mph was reported in the southeast tip of the county.  Downed trees and power lines in the eastern part of the county forced officials to close the Myakka City Elementary School through August 20th. 

The damage total listed was estimated by doubling the insured losses.  The doubling accounted for uninsured losses and damage to the public infrastructure."	175
5422037	VOLUSIA (ZONE)	 	8/13/2004	2040	Hurricane (Typhoon)	 	 	2	0	52000000	0	FL	EST	 	1179616	Z	41	MLB	0	0	NWS STORM SURVEY	 	 	 	 	 	 	 	 	8/13/2004	2237	 	 	 	 		Hurricane Charley was still producing hurricane wind gusts as it crossed Volusia County from the southwest. Daytona Beach reported a wind gust to 72 knots (83 mph) and Ormond Beach reported wind gusts of 76 knots (88 mph).  Like the counties to the south, Volusia County experienced widespread power outages, thousands of trees down, and damage to roofs, mobile homes, porches, awnings and car ports.  The Ormond Beach area was hit especially hard with east winds off the Atlantic as the hurricane center moved off the coast just to the south near Daytona Beach. Hundreds of trees were blown down and roofs were severely damaged on three beachfront hotels. Because the duration of the onshore wind was so brief, there was negligible storm surge. Minor roadway flooding occurred from the two to four inches of rain that fell.  A strong F1 touched down in South Daytona Beach with the primary rainband ahead of the hurricane. This tornado destroyed a home and severly damaged three others, mainly from fallen trees.  The roof was blown off a strip mall store and a fire was started at a service station when the tornado destroyed the gas pumps and blew down the service island canopy.  A smaller F0 tornado also came ashore on the barrier island injuring an elderly woman and damaging the roof of her house.  Two fatalities were attributed to Hurricane Charley. A man was killed during the cleanup when he was crushed by a large tree limb. A woman was killed when she walked into a submerged power line. Total estimated damage in the county was $52 million.	176
5413173	FLAGLER (ZONE)	 	8/13/2004	2200	Hurricane (Typhoon)	 	 	0	0	20000	0	FL	EST	 	1175494	Z	38	JAX	0	0	TRAINED SPOTTER	 	 	 	 	 	 	 	 	8/13/2004	2300	 	 	 	 		"22:00 EST:  60 mph 5 mi south of Bunnell. 
22:07 EST:  60 mph sustained in Korona. 
22:23 EST:  Transformers down in Bunnell. 
22:26 EST:  65 mph wind gust in Flagler Beach. 
22:30 EST:  55-65 mph destroyed a sun room in Palm Coast. 
22:31 EST:  60 mph NW of Bunnell. 
22:36 EST:  67 mph gust Flagler Beach. 
22:37 EST:  77 mph gust Flagler Beach. 
22:20-22:40 EST:  Numerous trained spotter reports of 50 kt wind gusting to 60 kts countywide. Measured wind of 60G67KT and dime size hail reported in Palm Coast. 
22:41 EST:  Tree through roof of home Palm Coast. 
22:42 EST:  70 mph sustained Palm Coast. 
22:49 EST:  68 mph gust Flagler Beach. 
22:51 EST:  Trees down Countywide. 
22:53 EST:  Report of large porch roof blown off Flagler Beach. 
23:00 EST:  80% of county without power."	177
5421511	JONES (ZONE)	 	8/14/2004	0	Hurricane (Typhoon)	 	 	0	0	50000	300000	NC	EST	 	1179724	Z	92	MHX	0	0	EMERGENCY MANAGER	 	 	 	 	 	 	 	 	8/14/2004	2300	 	 	 	 		Tropical Storm Charley moved northeast across the Coastal Plains of Eastern North Carolina during the afternoon hours on August 14th. Onslow county received the most damage, with estimates over 5 million dollars, as winds gusted to near hurricane force toppling trees and power lines with structural damage to homes and businesses. Winds gusted from 60-70 mph across Inland areas near the center of the storm resulting in wind damage to structures, and damage to crops reaching into the millions. Winds gusted from 40 to 50 mph across locations across Eastern North Carolina  with minor wind damage reported. Storm surge values were highest along the Onslow County coastline where a 2 to 3 foot surge was estimated, and 8 foot waves caused minor beach erosion along the south facing beaches. Water levels rose up to 2 feet across the lower reaches of the Neuse and the Pamlico Rivers, and across the Outer Banks. Storm total rainfall, estimated between 4 to 6 inches, occurred across a large part of the area resulting in freshwater flooding in 7 counties across the Coastal Plains. Five weak tornadoes were reported across the area associated with Charley with damage reported. The most significant damage related to a tornado occurred along the Outer Banks in Nags Head.	178
5421514	ONSLOW (ZONE)	 	8/14/2004	0	Hurricane (Typhoon)	 	 	0	0	5000000	500000	NC	EST	 	1179724	Z	98	MHX	0	0	EMERGENCY MANAGER	 	 	 	 	 	 	 	 	8/14/2004	2300	 	 	 	 		Tropical Storm Charley moved northeast across the Coastal Plains of Eastern North Carolina during the afternoon hours on August 14th. Onslow county received the most damage, with estimates over 5 million dollars, as winds gusted to near hurricane force toppling trees and power lines with structural damage to homes and businesses. Winds gusted from 60-70 mph across Inland areas near the center of the storm resulting in wind damage to structures, and damage to crops reaching into the millions. Winds gusted from 40 to 50 mph across locations across Eastern North Carolina  with minor wind damage reported. Storm surge values were highest along the Onslow County coastline where a 2 to 3 foot surge was estimated, and 8 foot waves caused minor beach erosion along the south facing beaches. Water levels rose up to 2 feet across the lower reaches of the Neuse and the Pamlico Rivers, and across the Outer Banks. Storm total rainfall, estimated between 4 to 6 inches, occurred across a large part of the area resulting in freshwater flooding in 7 counties across the Coastal Plains. Five weak tornadoes were reported across the area associated with Charley with damage reported. The most significant damage related to a tornado occurred along the Outer Banks in Nags Head.	179
5421515	PAMLICO (ZONE)	 	8/14/2004	0	Hurricane (Typhoon)	 	 	0	0	50000	200000	NC	EST	 	1179724	Z	94	MHX	0	0	EMERGENCY MANAGER	 	 	 	 	 	 	 	 	8/14/2004	2300	 	 	 	 		Tropical Storm Charley moved northeast across the Coastal Plains of Eastern North Carolina during the afternoon hours on August 14th. Onslow county received the most damage, with estimates over 5 million dollars, as winds gusted to near hurricane force toppling trees and power lines with structural damage to homes and businesses. Winds gusted from 60-70 mph across Inland areas near the center of the storm resulting in wind damage to structures, and damage to crops reaching into the millions. Winds gusted from 40 to 50 mph across locations across Eastern North Carolina  with minor wind damage reported. Storm surge values were highest along the Onslow County coastline where a 2 to 3 foot surge was estimated, and 8 foot waves caused minor beach erosion along the south facing beaches. Water levels rose up to 2 feet across the lower reaches of the Neuse and the Pamlico Rivers, and across the Outer Banks. Storm total rainfall, estimated between 4 to 6 inches, occurred across a large part of the area resulting in freshwater flooding in 7 counties across the Coastal Plains. Five weak tornadoes were reported across the area associated with Charley with damage reported. The most significant damage related to a tornado occurred along the Outer Banks in Nags Head.	180
5421512	LENOIR (ZONE)	 	8/14/2004	0	Hurricane (Typhoon)	 	 	0	0	50000	300000	NC	EST	 	1179724	Z	91	MHX	0	0	EMERGENCY MANAGER	 	 	 	 	 	 	 	 	8/14/2004	2300	 	 	 	 		Tropical Storm Charley moved northeast across the Coastal Plains of Eastern North Carolina during the afternoon hours on August 14th. Onslow county received the most damage, with estimates over 5 million dollars, as winds gusted to near hurricane force toppling trees and power lines with structural damage to homes and businesses. Winds gusted from 60-70 mph across Inland areas near the center of the storm resulting in wind damage to structures, and damage to crops reaching into the millions. Winds gusted from 40 to 50 mph across locations across Eastern North Carolina  with minor wind damage reported. Storm surge values were highest along the Onslow County coastline where a 2 to 3 foot surge was estimated, and 8 foot waves caused minor beach erosion along the south facing beaches. Water levels rose up to 2 feet across the lower reaches of the Neuse and the Pamlico Rivers, and across the Outer Banks. Storm total rainfall, estimated between 4 to 6 inches, occurred across a large part of the area resulting in freshwater flooding in 7 counties across the Coastal Plains. Five weak tornadoes were reported across the area associated with Charley with damage reported. The most significant damage related to a tornado occurred along the Outer Banks in Nags Head.	181
5421510	GREENE (ZONE)	 	8/14/2004	0	Hurricane (Typhoon)	 	 	0	0	50000	250000	NC	EST	 	1179724	Z	79	MHX	0	0	EMERGENCY MANAGER	 	 	 	 	 	 	 	 	8/14/2004	2300	 	 	 	 		Tropical Storm Charley moved northeast across the Coastal Plains of Eastern North Carolina during the afternoon hours on August 14th. Onslow county received the most damage, with estimates over 5 million dollars, as winds gusted to near hurricane force toppling trees and power lines with structural damage to homes and businesses. Winds gusted from 60-70 mph across Inland areas near the center of the storm resulting in wind damage to structures, and damage to crops reaching into the millions. Winds gusted from 40 to 50 mph across locations across Eastern North Carolina  with minor wind damage reported. Storm surge values were highest along the Onslow County coastline where a 2 to 3 foot surge was estimated, and 8 foot waves caused minor beach erosion along the south facing beaches. Water levels rose up to 2 feet across the lower reaches of the Neuse and the Pamlico Rivers, and across the Outer Banks. Storm total rainfall, estimated between 4 to 6 inches, occurred across a large part of the area resulting in freshwater flooding in 7 counties across the Coastal Plains. Five weak tornadoes were reported across the area associated with Charley with damage reported. The most significant damage related to a tornado occurred along the Outer Banks in Nags Head.	182
5421506	CRAVEN (ZONE)	 	8/14/2004	0	Hurricane (Typhoon)	 	 	0	0	525000	75000	NC	EST	 	1179724	Z	93	MHX	0	0	EMERGENCY MANAGER	 	 	 	 	 	 	 	 	8/14/2004	2300	 	 	 	 		Tropical Storm Charley moved northeast across the Coastal Plains of Eastern North Carolina during the afternoon hours on August 14th. Onslow county received the most damage, with estimates over 5 million dollars, as winds gusted to near hurricane force toppling trees and power lines with structural damage to homes and businesses. Winds gusted from 60-70 mph across Inland areas near the center of the storm resulting in wind damage to structures, and damage to crops reaching into the millions. Winds gusted from 40 to 50 mph across locations across Eastern North Carolina  with minor wind damage reported. Storm surge values were highest along the Onslow County coastline where a 2 to 3 foot surge was estimated, and 8 foot waves caused minor beach erosion along the south facing beaches. Water levels rose up to 2 feet across the lower reaches of the Neuse and the Pamlico Rivers, and across the Outer Banks. Storm total rainfall, estimated between 4 to 6 inches, occurred across a large part of the area resulting in freshwater flooding in 7 counties across the Coastal Plains. Five weak tornadoes were reported across the area associated with Charley with damage reported. The most significant damage related to a tornado occurred along the Outer Banks in Nags Head.	183
5421507	DUPLIN (ZONE)	 	8/14/2004	0	Hurricane (Typhoon)	 	 	0	0	100000	250000	NC	EST	 	1179724	Z	90	MHX	0	0	EMERGENCY MANAGER	 	 	 	 	 	 	 	 	8/14/2004	2300	 	 	 	 		Tropical Storm Charley moved northeast across the Coastal Plains of Eastern North Carolina during the afternoon hours on August 14th. Onslow county received the most damage, with estimates over 5 million dollars, as winds gusted to near hurricane force toppling trees and power lines with structural damage to homes and businesses. Winds gusted from 60-70 mph across Inland areas near the center of the storm resulting in wind damage to structures, and damage to crops reaching into the millions. Winds gusted from 40 to 50 mph across locations across Eastern North Carolina  with minor wind damage reported. Storm surge values were highest along the Onslow County coastline where a 2 to 3 foot surge was estimated, and 8 foot waves caused minor beach erosion along the south facing beaches. Water levels rose up to 2 feet across the lower reaches of the Neuse and the Pamlico Rivers, and across the Outer Banks. Storm total rainfall, estimated between 4 to 6 inches, occurred across a large part of the area resulting in freshwater flooding in 7 counties across the Coastal Plains. Five weak tornadoes were reported across the area associated with Charley with damage reported. The most significant damage related to a tornado occurred along the Outer Banks in Nags Head.	184
5421504	BEAUFORT (ZONE)	 	8/14/2004	0	Hurricane (Typhoon)	 	 	0	0	50000	125000	NC	EST	 	1179724	Z	80	MHX	0	0	EMERGENCY MANAGER	 	 	 	 	 	 	 	 	8/14/2004	2300	 	 	 	 		Tropical Storm Charley moved northeast across the Coastal Plains of Eastern North Carolina during the afternoon hours on August 14th. Onslow county received the most damage, with estimates over 5 million dollars, as winds gusted to near hurricane force toppling trees and power lines with structural damage to homes and businesses. Winds gusted from 60-70 mph across Inland areas near the center of the storm resulting in wind damage to structures, and damage to crops reaching into the millions. Winds gusted from 40 to 50 mph across locations across Eastern North Carolina  with minor wind damage reported. Storm surge values were highest along the Onslow County coastline where a 2 to 3 foot surge was estimated, and 8 foot waves caused minor beach erosion along the south facing beaches. Water levels rose up to 2 feet across the lower reaches of the Neuse and the Pamlico Rivers, and across the Outer Banks. Storm total rainfall, estimated between 4 to 6 inches, occurred across a large part of the area resulting in freshwater flooding in 7 counties across the Coastal Plains. Five weak tornadoes were reported across the area associated with Charley with damage reported. The most significant damage related to a tornado occurred along the Outer Banks in Nags Head.	185
5421505	CARTERET (ZONE)	 	8/14/2004	0	Hurricane (Typhoon)	 	 	0	0	250000	50000	NC	EST	 	1179724	Z	95	MHX	0	0	EMERGENCY MANAGER	 	 	 	 	 	 	 	 	8/14/2004	2300	 	 	 	 		Tropical Storm Charley moved northeast across the Coastal Plains of Eastern North Carolina during the afternoon hours on August 14th. Onslow county received the most damage, with estimates over 5 million dollars, as winds gusted to near hurricane force toppling trees and power lines with structural damage to homes and businesses. Winds gusted from 60-70 mph across Inland areas near the center of the storm resulting in wind damage to structures, and damage to crops reaching into the millions. Winds gusted from 40 to 50 mph across locations across Eastern North Carolina  with minor wind damage reported. Storm surge values were highest along the Onslow County coastline where a 2 to 3 foot surge was estimated, and 8 foot waves caused minor beach erosion along the south facing beaches. Water levels rose up to 2 feet across the lower reaches of the Neuse and the Pamlico Rivers, and across the Outer Banks. Storm total rainfall, estimated between 4 to 6 inches, occurred across a large part of the area resulting in freshwater flooding in 7 counties across the Coastal Plains. Five weak tornadoes were reported across the area associated with Charley with damage reported. The most significant damage related to a tornado occurred along the Outer Banks in Nags Head.	186
5421520	WESTERN HYDE (ZONE)	 	8/14/2004	0	Hurricane (Typhoon)	 	 	0	0	25000	75000	NC	EST	 	1179724	Z	81	MHX	0	0	EMERGENCY MANAGER	 	 	 	 	 	 	 	 	8/14/2004	2300	 	 	 	 		Tropical Storm Charley moved northeast across the Coastal Plains of Eastern North Carolina during the afternoon hours on August 14th. Onslow county received the most damage, with estimates over 5 million dollars, as winds gusted to near hurricane force toppling trees and power lines with structural damage to homes and businesses. Winds gusted from 60-70 mph across Inland areas near the center of the storm resulting in wind damage to structures, and damage to crops reaching into the millions. Winds gusted from 40 to 50 mph across locations across Eastern North Carolina  with minor wind damage reported. Storm surge values were highest along the Onslow County coastline where a 2 to 3 foot surge was estimated, and 8 foot waves caused minor beach erosion along the south facing beaches. Water levels rose up to 2 feet across the lower reaches of the Neuse and the Pamlico Rivers, and across the Outer Banks. Storm total rainfall, estimated between 4 to 6 inches, occurred across a large part of the area resulting in freshwater flooding in 7 counties across the Coastal Plains. Five weak tornadoes were reported across the area associated with Charley with damage reported. The most significant damage related to a tornado occurred along the Outer Banks in Nags Head.	187
5421513	MARTIN (ZONE)	 	8/14/2004	0	Hurricane (Typhoon)	 	 	0	0	25000	150000	NC	EST	 	1179724	Z	29	MHX	0	0	EMERGENCY MANAGER	 	 	 	 	 	 	 	 	8/14/2004	0	 	 	 	 		Tropical Storm Charley moved northeast across the Coastal Plains of Eastern North Carolina during the afternoon hours on August 14th. Onslow county received the most damage, with estimates over 5 million dollars, as winds gusted to near hurricane force toppling trees and power lines with structural damage to homes and businesses. Winds gusted from 60-70 mph across Inland areas near the center of the storm resulting in wind damage to structures, and damage to crops reaching into the millions. Winds gusted from 40 to 50 mph across locations across Eastern North Carolina  with minor wind damage reported. Storm surge values were highest along the Onslow County coastline where a 2 to 3 foot surge was estimated, and 8 foot waves caused minor beach erosion along the south facing beaches. Water levels rose up to 2 feet across the lower reaches of the Neuse and the Pamlico Rivers, and across the Outer Banks. Storm total rainfall, estimated between 4 to 6 inches, occurred across a large part of the area resulting in freshwater flooding in 7 counties across the Coastal Plains. Five weak tornadoes were reported across the area associated with Charley with damage reported. The most significant damage related to a tornado occurred along the Outer Banks in Nags Head.	188
5421509	EASTERN HYDE (ZONE)	 	8/14/2004	0	Hurricane (Typhoon)	 	 	0	0	50000	0	NC	EST	 	1179724	Z	104	MHX	0	0	EMERGENCY MANAGER	 	 	 	 	 	 	 	 	8/14/2004	2300	 	 	 	 		Tropical Storm Charley moved northeast across the Coastal Plains of Eastern North Carolina during the afternoon hours on August 14th. Onslow county received the most damage, with estimates over 5 million dollars, as winds gusted to near hurricane force toppling trees and power lines with structural damage to homes and businesses. Winds gusted from 60-70 mph across Inland areas near the center of the storm resulting in wind damage to structures, and damage to crops reaching into the millions. Winds gusted from 40 to 50 mph across locations across Eastern North Carolina  with minor wind damage reported. Storm surge values were highest along the Onslow County coastline where a 2 to 3 foot surge was estimated, and 8 foot waves caused minor beach erosion along the south facing beaches. Water levels rose up to 2 feet across the lower reaches of the Neuse and the Pamlico Rivers, and across the Outer Banks. Storm total rainfall, estimated between 4 to 6 inches, occurred across a large part of the area resulting in freshwater flooding in 7 counties across the Coastal Plains. Five weak tornadoes were reported across the area associated with Charley with damage reported. The most significant damage related to a tornado occurred along the Outer Banks in Nags Head.	189
5421518	WASHINGTON (ZONE)	 	8/14/2004	0	Hurricane (Typhoon)	 	 	0	0	25000	75000	NC	EST	 	1179724	Z	45	MHX	0	0	EMERGENCY MANAGER	 	 	 	 	 	 	 	 	8/14/2004	2300	 	 	 	 		Tropical Storm Charley moved northeast across the Coastal Plains of Eastern North Carolina during the afternoon hours on August 14th. Onslow county received the most damage, with estimates over 5 million dollars, as winds gusted to near hurricane force toppling trees and power lines with structural damage to homes and businesses. Winds gusted from 60-70 mph across Inland areas near the center of the storm resulting in wind damage to structures, and damage to crops reaching into the millions. Winds gusted from 40 to 50 mph across locations across Eastern North Carolina  with minor wind damage reported. Storm surge values were highest along the Onslow County coastline where a 2 to 3 foot surge was estimated, and 8 foot waves caused minor beach erosion along the south facing beaches. Water levels rose up to 2 feet across the lower reaches of the Neuse and the Pamlico Rivers, and across the Outer Banks. Storm total rainfall, estimated between 4 to 6 inches, occurred across a large part of the area resulting in freshwater flooding in 7 counties across the Coastal Plains. Five weak tornadoes were reported across the area associated with Charley with damage reported. The most significant damage related to a tornado occurred along the Outer Banks in Nags Head.	190
5421517	TYRRELL (ZONE)	 	8/14/2004	0	Hurricane (Typhoon)	 	 	0	0	50000	150000	NC	EST	 	1179724	Z	46	MHX	0	0	EMERGENCY MANAGER	 	 	 	 	 	 	 	 	8/14/2004	2300	 	 	 	 		Tropical Storm Charley moved northeast across the Coastal Plains of Eastern North Carolina during the afternoon hours on August 14th. Onslow county received the most damage, with estimates over 5 million dollars, as winds gusted to near hurricane force toppling trees and power lines with structural damage to homes and businesses. Winds gusted from 60-70 mph across Inland areas near the center of the storm resulting in wind damage to structures, and damage to crops reaching into the millions. Winds gusted from 40 to 50 mph across locations across Eastern North Carolina  with minor wind damage reported. Storm surge values were highest along the Onslow County coastline where a 2 to 3 foot surge was estimated, and 8 foot waves caused minor beach erosion along the south facing beaches. Water levels rose up to 2 feet across the lower reaches of the Neuse and the Pamlico Rivers, and across the Outer Banks. Storm total rainfall, estimated between 4 to 6 inches, occurred across a large part of the area resulting in freshwater flooding in 7 counties across the Coastal Plains. Five weak tornadoes were reported across the area associated with Charley with damage reported. The most significant damage related to a tornado occurred along the Outer Banks in Nags Head.	191
5421516	PITT (ZONE)	 	8/14/2004	0	Hurricane (Typhoon)	 	 	0	0	200000	300000	NC	EST	 	1179724	Z	44	MHX	0	0	EMERGENCY MANAGER	 	 	 	 	 	 	 	 	8/14/2004	2300	 	 	 	 		Tropical Storm Charley moved northeast across the Coastal Plains of Eastern North Carolina during the afternoon hours on August 14th. Onslow county received the most damage, with estimates over 5 million dollars, as winds gusted to near hurricane force toppling trees and power lines with structural damage to homes and businesses. Winds gusted from 60-70 mph across Inland areas near the center of the storm resulting in wind damage to structures, and damage to crops reaching into the millions. Winds gusted from 40 to 50 mph across locations across Eastern North Carolina  with minor wind damage reported. Storm surge values were highest along the Onslow County coastline where a 2 to 3 foot surge was estimated, and 8 foot waves caused minor beach erosion along the south facing beaches. Water levels rose up to 2 feet across the lower reaches of the Neuse and the Pamlico Rivers, and across the Outer Banks. Storm total rainfall, estimated between 4 to 6 inches, occurred across a large part of the area resulting in freshwater flooding in 7 counties across the Coastal Plains. Five weak tornadoes were reported across the area associated with Charley with damage reported. The most significant damage related to a tornado occurred along the Outer Banks in Nags Head.	192
5421519	WESTERN DARE (ZONE)	 	8/14/2004	0	Hurricane (Typhoon)	 	 	0	0	25000	50000	NC	EST	 	1179724	Z	47	MHX	0	0	EMERGENCY MANAGER	 	 	 	 	 	 	 	 	8/14/2004	2300	 	 	 	 		Tropical Storm Charley moved northeast across the Coastal Plains of Eastern North Carolina during the afternoon hours on August 14th. Onslow county received the most damage, with estimates over 5 million dollars, as winds gusted to near hurricane force toppling trees and power lines with structural damage to homes and businesses. Winds gusted from 60-70 mph across Inland areas near the center of the storm resulting in wind damage to structures, and damage to crops reaching into the millions. Winds gusted from 40 to 50 mph across locations across Eastern North Carolina  with minor wind damage reported. Storm surge values were highest along the Onslow County coastline where a 2 to 3 foot surge was estimated, and 8 foot waves caused minor beach erosion along the south facing beaches. Water levels rose up to 2 feet across the lower reaches of the Neuse and the Pamlico Rivers, and across the Outer Banks. Storm total rainfall, estimated between 4 to 6 inches, occurred across a large part of the area resulting in freshwater flooding in 7 counties across the Coastal Plains. Five weak tornadoes were reported across the area associated with Charley with damage reported. The most significant damage related to a tornado occurred along the Outer Banks in Nags Head.	193
5421508	EASTERN DARE (ZONE)	 	8/14/2004	0	Hurricane (Typhoon)	 	 	0	0	100000	0	NC	EST	 	1179724	Z	103	MHX	0	0	EMERGENCY MANAGER	 	 	 	 	 	 	 	 	8/14/2004	2300	 	 	 	 		Tropical Storm Charley moved northeast across the Coastal Plains of Eastern North Carolina during the afternoon hours on August 14th. Onslow county received the most damage, with estimates over 5 million dollars, as winds gusted to near hurricane force toppling trees and power lines with structural damage to homes and businesses. Winds gusted from 60-70 mph across Inland areas near the center of the storm resulting in wind damage to structures, and damage to crops reaching into the millions. Winds gusted from 40 to 50 mph across locations across Eastern North Carolina  with minor wind damage reported. Storm surge values were highest along the Onslow County coastline where a 2 to 3 foot surge was estimated, and 8 foot waves caused minor beach erosion along the south facing beaches. Water levels rose up to 2 feet across the lower reaches of the Neuse and the Pamlico Rivers, and across the Outer Banks. Storm total rainfall, estimated between 4 to 6 inches, occurred across a large part of the area resulting in freshwater flooding in 7 counties across the Coastal Plains. Five weak tornadoes were reported across the area associated with Charley with damage reported. The most significant damage related to a tornado occurred along the Outer Banks in Nags Head.	194
5422597	CHARLESTON (ZONE)	 	8/14/2004	700	Hurricane (Typhoon)	 	 	0	0	0	0	SC	EST	 	1179556	Z	50	CHS	0	0	NWS STORM SURVEY	 	 	 	 	 	 	 	 	8/14/2004	900	 	 	 	 		The center of Hurricane Charley brushed the northern Charleston county coastline before making landfall just north of Myrtle Beach. The strongest wind were in northern Charleston county and eastern Berkeley county.  The highest wind gusts were 63 mph at the Isle of Palms, 58 mph at Folly Beach, and 51 mph in downtown Charleston. Numerous trees and large limbs were knocked down in northern Charleston county and eastern Berkeley county. Storm surge was estimated at 4 to 6 feet over northern Charleston county from Oyster Landing to the Cape Romain Wildlife Refuge.	195
5422598	BERKELEY (ZONE)	 	8/14/2004	700	Hurricane (Typhoon)	 	 	0	0	0	0	SC	EST	 	1179556	Z	45	CHS	0	0	NWS STORM SURVEY	 	 	 	 	 	 	 	 	8/14/2004	900	 	 	 	 		The center of Hurricane Charley brushed the northern Charleston county coastline before making landfall just north of Myrtle Beach. The strongest wind were in northern Charleston county and eastern Berkeley county.  The highest wind gusts were 63 mph at the Isle of Palms, 58 mph at Folly Beach, and 51 mph in downtown Charleston. Numerous trees and large limbs were knocked down in northern Charleston county and eastern Berkeley county. Storm surge was estimated at 4 to 6 feet over northern Charleston county from Oyster Landing to the Cape Romain Wildlife Refuge.	196
5419009	HORRY (ZONE)	 	8/14/2004	800	Hurricane (Typhoon)	 	 	0	3	4000000	0	SC	EST	 	1178567	Z	34	ILM	0	0	NEWSPAPER	 	 	 	 	 	 	 	 	8/14/2004	1800	 	 	 	 	Hurricane Charley initially made landfall on the west coast of Florida between Fort Myers and Tampa as a category four hurricane.  The storm crossed Florida, and exited the coast as a category one.  About 180,000 people evacuated the Grand Strand as Charley continued northeast, making landfall again near Cape Romain as a weak category one hurricane with sustained winds at 75 mph. It moved up the coast and then inland around Myrtle Beach.  In Horry and Georgetown counties, insurance claims totaled $5 million, mostly along the Grand Strand.  There were downed trees, roof damage, and flooding along the coast in this area.  65,000 residents lost power, and the estimate for cleanup in Georgetown county alone was $1.5 million. As Charley moved northeast, Brunswick county was hit the hardest, with peak winds around 85 mph.    Damage was extensive, with 2231 homes damaged, 231 with major damage, and 40 homes destroyed in the county for a total of $6.3 million.  Many beach homes were damaged, with 221 homes damaged at Sunset Beach alone. Crop damage in Brunswick county was also widespread, with 50 percent of the tobacco crop lost, and 30 percent of the corn and field vegetables destroyed.  New Hanover county was the next hardest hit, with many business damaged in Wilmington and surrounding cities.  The majority of the county had power outages from downed limbs on power lines.  Rainfall ranged from two inches near the coast, to around four inches from eastern Bladen county, south through Columbus county.  Vegetative debris was widespread, plugging storm drains and contributing to ponding and flooding the next day.  Storm surge was minimal, with some minor overwash.  Thankfully, only a few minor injuries were reported.		197
5418931	BRUNSWICK (ZONE)	 	8/14/2004	800	Hurricane (Typhoon)	 	 	0	0	6300000	2000000	NC	EST	 	1178566	Z	100	ILM	0	0	NWS STORM SURVEY	 	 	 	 	 	 	 	 	8/14/2004	1800	 	 	 	 			198
5418935	COLUMBUS (ZONE)	 	8/14/2004	800	Hurricane (Typhoon)	 	 	0	0	150000	0	NC	EST	 	1178566	Z	99	ILM	0	0	NWS STORM SURVEY	 	 	 	 	 	 	 	 	8/14/2004	1800	 	 	 	 			199
5418934	PENDER (ZONE)	 	8/14/2004	800	Hurricane (Typhoon)	 	 	0	0	875000	0	NC	EST	 	1178566	Z	97	ILM	0	0	NWS STORM SURVEY	 	 	 	 	 	 	 	 	8/14/2004	1800	 	 	 	 			200
5418933	NEW HANOVER (ZONE)	 	8/14/2004	800	Hurricane (Typhoon)	 	 	0	0	3000000	500000	NC	EST	 	1178566	Z	101	ILM	0	0	NWS STORM SURVEY	 	 	 	 	 	 	 	 	8/14/2004	1800	 	 	 	 			201
5418932	BLADEN (ZONE)	 	8/14/2004	800	Hurricane (Typhoon)	 	 	0	3	100000	0	NC	EST	 	1178566	Z	96	ILM	0	0	NWS STORM SURVEY	 	 	 	 	 	 	 	 	8/14/2004	1800	 	 	 	 	Hurricane Charley initially made landfall on the west coast of Florida between Fort Myers and Tampa as a category four hurricane.  The storm crossed Florida, and exited the coast as a category one.  It continued northeast and made landfall again near Cape Romain as a weak category one hurricane with sustained winds at 75 mph. It moved up the coast and then inland around Myrtle Beach.  In Horry and Georgetown counties, insurance claims totaled $5 million, mostly along the Grand Strand.  There were downed trees, roof damage, and flooding along the coast in this area.  65,000 residents lost power, and the estimate for cleanup in Georgetown county alone was $1.5 million. As Charley moved northeast, Brunswick county was hit the hardest, with peak winds around 85 mph.    Damage was extensive, with 2231 homes damaged, 231 with major damage, and 40 homes destroyed in the county for a total of $6.3 million.  Many beach homes were damaged, with 221 homes damaged at Sunset Beach alone. Crop damage in Brunswick county was also widespread, with 50 percent of the tobacco crop lost, and 30 percent of the corn and field vegetables destroyed.  New Hanover county was the next hardest hit, with many business damaged in Wilmington and surrounding cities.  The majority of the county had power outages from downed limbs on power lines.  Rainfall ranged from two inches near the coast, to around four inches from eastern Bladen county, south through Columbus county.  Vegetative debris was widespread, plugging storm drains and contributing to ponding and flooding the next day.  Storm surge was minimal, with some minor overwash.  Thankfully, only a few minor injuries were reported.		202
5419010	GEORGETOWN (ZONE)	 	8/14/2004	800	Hurricane (Typhoon)	 	 	0	0	2500000	0	SC	EST	 	1178567	Z	46	ILM	0	0	NEWSPAPER	 	 	 	 	 	 	 	 	8/14/2004	1800	 	 	 	 			203
5432261	GUAM (ZONE)	 	8/22/2004	0	Hurricane (Typhoon)	 	 	0	4	25000	0	XX	SST	 	1184655	Z	6	GUA	0	0	NWS STORM SURVEY	 	 	 	 	 	 	 	 	8/24/2004	0	 	 	 	 		"TYPHOON CHABA

Tropical Depression 19W began about 35 miles northeast of Enewetak early on the morning of August 19th, and became Tropical Storm Chaba that evening 110 miles northwest of Enewetak. Chaba moved west-northwest, then west over the next two days, and was upgraded to a typhoon late on the 21st, about 350 miles east of the Mariana Islands. From that point, Typhoon Chaba moved almost straight west and intensified steadily, moving through the Mariana Islands between Rota and Tinian at about 2230 SST the evening of the 22nd with maximum sustained winds of 145 mph. Chaba brought typhoon conditions to Rota and Tinian, and tropical storm conditions to Guam and Saipan. Heavy rain and minor flooding occurred on all the islands.

Guam:  At Guam International Airport, the highest sustained wind, 48 mph, was recorded at 2254 SST on the 22nd. The peak gust was 66 mph from the southwest, at 2248 SST on the 22nd, and again at 0318 SST on the 23rd. The highest sustained wind anywhere on the island was 58 mph from the west-northwest at Andersen AFB, at 1929 SST on the 22nd. The automated station at Apra Harbor reported the highest gust, 79 mph from the southwest, at 0451 SST on the 23rd. The greatest 24-hour rainfall was at the airport, where 8.89 inches fell in the 24 hours ending at 0600 SST on the 23rd. Heavy rain continued over the next two days, bringing the 3-day total for the 22nd-24th to 12.95 inches. The lowest observed sea-level pressure on the island was 991.6 mb at Andersen AFB at 2355 SST on the 22nd. 

Rota:  Chaba's 50-mile-diameter eye passed 25 miles north-northeast of Rota at about 2230 SST on the evening of the 22nd, keeping the 10-mile-thick eyewall over the island for several hours. The highest sustained wind and peak gust reported by the automated station at Rota Airport were 66 mph and 136 mph, both on the observation for 2051 SST on the 22nd. The sustained wind value is likely too low, based on reports of  sustained winds less than 10 mph in the next few hours while the eyewall was over Rota. A noteworthy feature of Chaba's passage over Rota is that gusts of 100 mph or more were registered on ten consecutive hourly observations, from 1951 SST on the 22nd to 0451 SST on the 23rd. Following the 136 mph gust at 2051 SST, the following 5 hours had peak gusts of 132 mph, 129 mph, 135 mph, 133 mph and 135 mph.

The automated station at the airport recorded 12.26 inches of rain in the 24 hours ending at 0451 SST on the 23rd. Another 8.54 inches of rain fell between 0200 SST and 1800 SST on the 24th. The lowest reported sea-level pressure was 952.8 mb at 2351 SST on the 22nd.

Tinian:  The observer at Tinian Airport does not report rainfall or sea-level pressure, and is only there part-time. The highest reported sustained wind and peak gust were 58 mph and 81 mph, both from the northeast at 1950 SST on the 22nd. After that time, the observing station was closed for the night. 

Saipan:  At Saipan International Airport, the maximum sustained wind was 62 mph from the southeast at 2257 SST on the 22nd. The peak gust, 70 mph from the southeast, occurred a little earlier at 2205 SST. In the 24 hours ending at 0354 SST on the 23rd, 6.33 inches of rain fell. The lowest sea-level pressure was 985.6 mb at 2254 SST on the 22nd. 

Pagan Island:  The automated station on Pagan recorded a maximum sustained wind of 39 mph from the east-southeast at 1300 SST on the 22nd, and a peak gust of 70 mph from the east later that afternoon at 1600 SST. The lowest sea-level pressure of 999.4 mb occurred the following day, at 1500 SST on the 23rd. In the 24 hours ending at 1000 SST on the 23rd, Pagan recorded only 0.57 inches of rain. 

STORM EFFECTS AND DAMAGE

Guam:  Coastal inundation was reported up to 6 feet, but it caused no significant damage. One person was swept over the reef and drowned the day after the typhoon, and 4 minor injuries were reported. Beach erosion was light, and only minor flooding resulted from the heavy rain. No major damage was reported from the high winds. 

Rota:  Damage was extensive, with over 50 homes totally destroyed and over 175 suffering major damage. Many power poles and line were blown down, resulting in an island-wide power outage. Vegetation, trees and crops were also heavily damaged. Coastal inundation of 8 to 11 feet resulted in heavy beach erosion. There were no fatalities, and only a few minor injuries reported. 

Tinian/Saipan:  Coastal inundation was reported at 6 to 8 feet, resulting in moderate beach erosion. The day before the typhoon, a man was swept over the reef and drowned. About 270 homes were destroyed on the two islands, with over 700 suffering major damage. Falling trees damaged several cars on Saipan. Many power lines were downed, resulting in island-wide power outages. On Tinian, telephone service was also knocked out. Crops suffered major damage.

Alamagan/Pagan/Agrihan: No injuries or significant damage were reported. 

Total damage from Typhoon Chaba is estimated at $18,000,000."	204
5432262	NORTHERN MARIANAS (ZONE)	 	8/22/2004	0	Hurricane (Typhoon)	 	 	0	13	17000000	1000000	XX	SST	 	1184655	Z	5	GUA	0	0	NWS STORM SURVEY	 	 	 	 	 	 	 	 	8/24/2004	0	 	 	 	 		"TYPHOON CHABA

Tropical Depression 19W began about 35 miles northeast of Enewetak early on the morning of August 19th, and became Tropical Storm Chaba that evening 110 miles northwest of Enewetak. Chaba moved west-northwest, then west over the next two days, and was upgraded to a typhoon late on the 21st, about 350 miles east of the Mariana Islands. From that point, Typhoon Chaba moved almost straight west and intensified steadily, moving through the Mariana Islands between Rota and Tinian at about 2230 SST the evening of the 22nd with maximum sustained winds of 145 mph. Chaba brought typhoon conditions to Rota and Tinian, and tropical storm conditions to Guam and Saipan. Heavy rain and minor flooding occurred on all the islands.

Guam:  At Guam International Airport, the highest sustained wind, 48 mph, was recorded at 2254 SST on the 22nd. The peak gust was 66 mph from the southwest, at 2248 SST on the 22nd, and again at 0318 SST on the 23rd. The highest sustained wind anywhere on the island was 58 mph from the west-northwest at Andersen AFB, at 1929 SST on the 22nd. The automated station at Apra Harbor reported the highest gust, 79 mph from the southwest, at 0451 SST on the 23rd. The greatest 24-hour rainfall was at the airport, where 8.89 inches fell in the 24 hours ending at 0600 SST on the 23rd. Heavy rain continued over the next two days, bringing the 3-day total for the 22nd-24th to 12.95 inches. The lowest observed sea-level pressure on the island was 991.6 mb at Andersen AFB at 2355 SST on the 22nd. 

Rota:  Chaba's 50-mile-diameter eye passed 25 miles north-northeast of Rota at about 2230 SST on the evening of the 22nd, keeping the 10-mile-thick eyewall over the island for several hours. The highest sustained wind and peak gust reported by the automated station at Rota Airport were 66 mph and 136 mph, both on the observation for 2051 SST on the 22nd. The sustained wind value is likely too low, based on reports of  sustained winds less than 10 mph in the next few hours while the eyewall was over Rota. A noteworthy feature of Chaba's passage over Rota is that gusts of 100 mph or more were registered on ten consecutive hourly observations, from 1951 SST on the 22nd to 0451 SST on the 23rd. Following the 136 mph gust at 2051 SST, the following 5 hours had peak gusts of 132 mph, 129 mph, 135 mph, 133 mph and 135 mph.

The automated station at the airport recorded 12.26 inches of rain in the 24 hours ending at 0451 SST on the 23rd. Another 8.54 inches of rain fell between 0200 SST and 1800 SST on the 24th. The lowest reported sea-level pressure was 952.8 mb at 2351 SST on the 22nd.

Tinian:  The observer at Tinian Airport does not report rainfall or sea-level pressure, and is only there part-time. The highest reported sustained wind and peak gust were 58 mph and 81 mph, both from the northeast at 1950 SST on the 22nd. After that time, the observing station was closed for the night. 

Saipan:  At Saipan International Airport, the maximum sustained wind was 62 mph from the southeast at 2257 SST on the 22nd. The peak gust, 70 mph from the southeast, occurred a little earlier at 2205 SST. In the 24 hours ending at 0354 SST on the 23rd, 6.33 inches of rain fell. The lowest sea-level pressure was 985.6 mb at 2254 SST on the 22nd. 

Pagan Island:  The automated station on Pagan recorded a maximum sustained wind of 39 mph from the east-southeast at 1300 SST on the 22nd, and a peak gust of 70 mph from the east later that afternoon at 1600 SST. The lowest sea-level pressure of 999.4 mb occurred the following day, at 1500 SST on the 23rd. In the 24 hours ending at 1000 SST on the 23rd, Pagan recorded only 0.57 inches of rain. 

STORM EFFECTS AND DAMAGE

Guam:  Coastal inundation was reported up to 6 feet, but it caused no significant damage. One person was swept over the reef and drowned the day after the typhoon, and 4 minor injuries were reported. Beach erosion was light, and only minor flooding resulted from the heavy rain. No major damage was reported from the high winds. 

Rota:  Damage was extensive, with over 50 homes totally destroyed and over 175 suffering major damage. Many power poles and line were blown down, resulting in an island-wide power outage. Vegetation, trees and crops were also heavily damaged. Coastal inundation of 8 to 11 feet resulted in heavy beach erosion. There were no fatalities, and only a few minor injuries reported. 

Tinian/Saipan:  Coastal inundation was reported at 6 to 8 feet, resulting in moderate beach erosion. The day before the typhoon, a man was swept over the reef and drowned. About 270 homes were destroyed on the two islands, with over 700 suffering major damage. Falling trees damaged several cars on Saipan. Many power lines were downed, resulting in island-wide power outages. On Tinian, telephone service was also knocked out. Crops suffered major damage.

Alamagan/Pagan/Agrihan: No injuries or significant damage were reported. 

Total damage from Typhoon Chaba is estimated at $18,000,000."	205
5432266	NORTHERN MARIANAS (ZONE)	 	9/1/2004	0	Hurricane (Typhoon)	 	 	0	0	250000	250000	XX	SST	 	1184659	Z	5	GUA	0	0	NWS STORM SURVEY	 	 	 	 	 	 	 	 	9/2/2004	100	 	 	 	 		"TYPHOON SONGDA

After developing near Bikini Atoll on the evening of August 27th, Tropical Depression 22W moved steadily west-northwest, becoming Tropical Storm Songda the next morning. Songda continued west-northwest, and was upgraded to a typhoon the afternoon of the 29th, about 850 miles east of the Mariana Islands. Over the next two days, Songda intensified steadily as it moved west-northwest, passing 190 miles northeast of Saipan at 2200 SST on the 31st with maximum sustained winds near the center of 145 mph. It maintained that intensity as it passed just 20 miles northeast of Agrihan at 1200 SST on September 1st. Saipan, Tinian and Rota escaped with some tropical-storm-force gusts, but the far northern islands of Alamagan, Pagan and Agrihan experienced destructive typhoon conditions.

Rota:  The highest reported sustained wind on Rota was from the west at 35 mph at the airport at 1153 SST on the 1st, while the highest gusts, 49 mph from the west-southwest, were reported at the automated station at 1251 and 1351 SST. The lowest sea-level pressure was 1003.4 mb at 1552 SST on the 31st. No significant rainfall occurred. 

Tinian:  The highest reported sustained wind was only 25 mph from the west at 0550 SST on Sep 1st, and the peak gust was 40 mph from the west-southwest at 0620 SST. The lowest reported sea-level pressure was 1001.4 mb at 1552 SST on the 31st. Rainfall amounts are unavailable.  

Saipan:  At Saipan International Airport, the maximum sustained wind was 31 mph from the west at 0011 SST on the 1st. The peak gust, 38 mph from the west, occurred an hour and a half earlier at 2241 SST on the 31st. In the 24 hours ending at 0654 SST on the 1st, 2.50 inches of rain fell. The lowest sea-level pressure was 1001.5 mb at 0654 SST on the 1st. 

Pagan Island:  Typhoon Songda passed 45 miles northeast of Pagan at around 0900 SST on September 1st. The automated station on Pagan recorded a maximum sustained wind of 53 mph from the west at 1100 SST, and a peak gust of 108 mph from the west-northwest an hour earlier at 1000 SST. The sustained wind appears underrepresented, given the peak gusts, and was likely near 80 mph. The lowest sea-level pressure of 971.1 mb occurred at 0900 SST. In the 24 hours ending at 1800 SST on the 1st, Pagan recorded 3.84 inches of rain. 

Agrihan:  No wind measurements are available, but island residents estimated the sustained winds at 70 to 85 mph. However, given the measurements at Pagan and the fact that Songda passed only 20 miles from Agrihan, it is likely that sustained winds of over 100 mph occurred around 1200 SST on the 1st. 

Alamagan:  No wind measurements are available, but island residents estimated the sustained winds at 80 to 100 mph. Given that Songda passed 60 miles northeast of Alamagan at 0600 SST on the 1st, winds were probably somewhat lower at 75 mph. 

STORM EFFECTS AND DAMAGE

Rota/Tinian/Saipan:  No injuries or significant damage were reported.

Alamagan/Pagan/Agrihan: No deaths or injuries were reported on any of the islands. All homes and crops on the islands were a total loss. Coconut and breadfruit trees were stripped of leaves and fruit. Total damage is estimated at $500,000."	206
5420613	MONROE/UPPER KEYS (ZONE)	 	9/1/2004	2200	Hurricane (Typhoon)	 	 	0	0	5000	0	FL	EST	 	1179376	Z	76	EYW	0	0	NWS STORM SURVEY	 	 	 	 	 	 	 	 	9/6/2004	400	 	 	 	 		"As Hurricane Frances tracked from the northwest Bahamas through the central Florida peninsula, several outer rain bands crossed the Florida Keys producing short episodes of strong wind gusts.  A peak wind gust of 81 knots (93 mph) was measured at the Sombrero Key Light C-MAN station, at an elevation of over 150 feet above mean sea level.  Other notable wind gusts included 55 knots (63 mph) at Sand Key C-MAN and 59 knots (68 mph) at Molasses Reef C-MAN.  Over land, peak wind gusts included 47 knots (54 mph) at the U.S. Coast Guard Group Key West, and 44 knots (51 mph) at the Key West Harbor.  Stronger wind gusts were estimated along the south side of Marathon...near Flamingo Island...in the squall that produced the extreme winds at Sombrero Key Light.  These winds tore screens in porches in isolated fashion from Big Pine Key through Grassy Key, and blew out plastic or vinyl panels of commercial signs in Marathon.  Otherwise, damage was limited to downed tree limbs and minor power outages.  

As Frances passed to the north, strong northwest and west winds drove waters higher than normal along the Florida Bay shoreline...up to 1.0 foot above normal at Vaca Key, and estimated to near 2.5 feet above normal along the bayside of North Key Largo and Jewfish Creek.  These tides produced minor flooding of sidestreets and a parking lot near Mile Marker 106 of the Overseas Highway."	207
5420612	MONROE/MIDDLE KEYS (ZONE)	 	9/1/2004	2200	Hurricane (Typhoon)	 	 	0	0	10000	0	FL	EST	 	1179376	Z	77	EYW	0	0	NWS STORM SURVEY	 	 	 	 	 	 	 	 	9/6/2004	400	 	 	 	 		"As Hurricane Frances tracked from the northwest Bahamas through the central Florida peninsula, several outer rain bands crossed the Florida Keys producing short episodes of strong wind gusts.  A peak wind gust of 81 knots (93 mph) was measured at the Sombrero Key Light C-MAN station, at an elevation of over 150 feet above mean sea level.  Other notable wind gusts included 55 knots (63 mph) at Sand Key C-MAN and 59 knots (68 mph) at Molasses Reef C-MAN.  Over land, peak wind gusts included 47 knots (54 mph) at the U.S. Coast Guard Group Key West, and 44 knots (51 mph) at the Key West Harbor.  Stronger wind gusts were estimated along the south side of Marathon...near Flamingo Island...in the squall that produced the extreme winds at Sombrero Key Light.  These winds tore screens in porches in isolated fashion from Big Pine Key through Grassy Key, and blew out plastic or vinyl panels of commercial signs in Marathon.  Otherwise, damage was limited to downed tree limbs and minor power outages.  

As Frances passed to the north, strong northwest and west winds drove waters higher than normal along the Florida Bay shoreline...up to 1.0 foot above normal at Vaca Key, and estimated to near 2.5 feet above normal along the bayside of North Key Largo and Jewfish Creek.  These tides produced minor flooding of sidestreets and a parking lot near Mile Marker 106 of the Overseas Highway."	208
5420611	MONROE/LOWER KEYS (ZONE)	 	9/1/2004	2200	Hurricane (Typhoon)	 	 	0	0	5000	0	FL	EST	 	1179376	Z	78	EYW	0	0	NWS STORM SURVEY	 	 	 	 	 	 	 	 	9/6/2004	400	 	 	 	 		"As Hurricane Frances tracked from the northwest Bahamas through the central Florida peninsula, several outer rain bands crossed the Florida Keys producing short episodes of strong wind gusts.  A peak wind gust of 81 knots (93 mph) was measured at the Sombrero Key Light C-MAN station, at an elevation of over 150 feet above mean sea level.  Other notable wind gusts included 55 knots (63 mph) at Sand Key C-MAN and 59 knots (68 mph) at Molasses Reef C-MAN.  Over land, peak wind gusts included 47 knots (54 mph) at the U.S. Coast Guard Group Key West, and 44 knots (51 mph) at the Key West Harbor.  Stronger wind gusts were estimated along the south side of Marathon...near Flamingo Island...in the squall that produced the extreme winds at Sombrero Key Light.  These winds tore screens in porches in isolated fashion from Big Pine Key through Grassy Key, and blew out plastic or vinyl panels of commercial signs in Marathon.  Otherwise, damage was limited to downed tree limbs and minor power outages.  

As Frances passed to the north, strong northwest and west winds drove waters higher than normal along the Florida Bay shoreline...up to 1.0 foot above normal at Vaca Key, and estimated to near 2.5 feet above normal along the bayside of North Key Largo and Jewfish Creek.  These tides produced minor flooding of sidestreets and a parking lot near Mile Marker 106 of the Overseas Highway."	209
5422409	COASTAL BROWARD (ZONE)	 	9/4/2004	900	Hurricane (Typhoon)	 	 	0	0	80000000	0	FL	EST	 	1179869	Z	72	MFL	0	0	EMERGENCY MANAGER	 	 	 	 	 	 	 	 	9/5/2004	1100	 	 	 	 		"Hurricane Frances formed from a tropical depression in the deep tropical Atlantic on August 25 about 1400 miles east of the Lesser Antilles and reached hurricane strength on August 26.  Frances became a Category 4 Hurricane on August 28 while about 700 miles east of the Lesser Antilles. Frances then moved generally west northwest and weakened to a Category 2 hurricane while crossing the northwest Bahamas.  After stalling for about 12 hours on September 4 in the Florida Straits between Grand Bahama Island and the southeast Florida coast, the center of the nearly 70-mile diameter eye crossed the Florida coast near Sewalls Point, at 1 A.M. EDT, September 5, 2004 with the southern eyewall affecting the extreme northeast portion of Palm Beach County.  Frances moved farther inland just north of Lake Okeechobee and weakened to a tropical storm before crossing the entire Florida Peninsula and exiting into the Gulf of Mexico just north of Tampa late on September 5.  It made a second landfall as a tropical storm in the eastern Florida Panhandle.

Sustained tropical storm-force winds likely occurred in all six south Florida counties.  Although no sustained hurricane-force winds were officially observed in any of the six south Florida counties, an NWS instrument on the eastern shore of Lake Okeechobee at Port Mayaca, just across the Palm Beach County border, measured a sustained wind of 85 mph.  At West Palm Beach International Airport the highest sustained wind was 64 mph with a peak gust of 82 mph and the lowest observed barometric pressure was 972 mb.  A South Florida Water Management District instrument measured a peak wind gust of 92 mph over the eastern portion of Lake Okeechobee.  The estimated peak wind gust in the Palm Beach metro area was 91 mph at Jupiter Inlet with a peak wind gust of 87 mph measured by a C-MAN station at Lake Worth Pier.  In Glades County near the western shore of Lake Okeechobee the highest measured sustained wind was 60 mph with a peak gust of 90 mph.  In Clewiston, a sustained wind of 60 mph with a gust of 80 mph was estimated.  The highest measured sustained wind at Fort Lauderdale-Hollywood International Airport was 41 mph with a peak gust of 55 mph.  In Miami-Dade County a maximum sustained wind of 62 mph with a peak gust of 78 mph was measured at the C-MAN station at Fowey Rocks Light with sustained winds of 42 mph and a peak gust of 59 mph at Miami International Airport.  At the Naples Municipal Airport the ASOS measured a maximum sustained wind of 38 mph with a peak gust of 54 mph.

A maximum storm-total rainfall amount of 13.56 inches was measured at West Palm Beach International Airport with 10.36 inches of that occurring in a 24-hour period.  Unofficial storm-total rainfalls included 9.56 inches at Boynton Beach, 8 inches at Deerfield Beach and 7.18 inches at Hillsboro Canal.  Widespread storm-total amounts of 3 to 5 inches occurred in southeast and interior south Florida with southwest Florida averaging 1 to 3 inches.  Rainfall flooding was mostly minor except for a few locations in Palm Beach County which had up to 3 feet of standing water.  A section of I-95 in Palm Beach County was closed due to a large sinkhole.

The maximum storm surge was estimated to have ranged from 2 to 4 feet along the northeast Palm Beach Coast to 1 to 2 feet along the northeast Broward Coast.  Within the confines of the Herbert Hoover Dike, water levels on Lake Okeechobee fluctuated up to 5 feet above and below normal. Coastal beach erosion was moderate in Palm Beach and portions of Broward counties and was minor in Miami-Dade and Collier counties.

There were no confirmed tornadoes.

There were no known direct deaths, but at least 9 people died in the aftermath.  Six of these deaths occurred in Palm Beach County, mainly as the result of vehicle-related accidents or from drownings.  Two vehicle-related deaths were reported in Broward County and one person died in Collier County while clearing debris.  An unknown number of injuries occurred.

Property damage at the coast occurred mainly to marinas, piers, seawalls, bridges and docks, as well as to boats.  Inland structure damage included 15,000 houses and 2,400 businesses in Palm Beach County.  Wind damage to house roofs, mobile homes, trees, power lines, signs, screened enclosures and outbuildings occurred over much of southeast Florida including areas near Lake Okeechobee, but was greatest in Palm Beach County.

A preliminary damage estimate for Frances in south Florida is $620 million, including $500 million in Palm Beach, $80 million in Broward, and $34 million in Miami-Dade.  Crop damage in Palm Beach County was estimated at an additional $70 million to sugar cane and vegetables and additional heavy losses occurred to nurseries.

Florida Power and Light reported power outages occurred to 659,000 customer in Palm Beach, 590,000 in Broward, 423,000 in Miami-Dade, 39,200 in Collier, 2,500 in Hendry and 1,700 in Collier.  An estimated 17,000 persons sought refuge in public shelters in Palm Beach County and nearly 7,000 in Broward County."	210
5422411	COASTAL DADE (ZONE)	 	9/4/2004	900	Hurricane (Typhoon)	 	 	0	0	34000000	0	FL	EST	 	1179869	Z	74	MFL	0	0	EMERGENCY MANAGER	 	 	 	 	 	 	 	 	9/5/2004	1100	 	 	 	 		"Hurricane Frances formed from a tropical depression in the deep tropical Atlantic on August 25 about 1400 miles east of the Lesser Antilles and reached hurricane strength on August 26.  Frances became a Category 4 Hurricane on August 28 while about 700 miles east of the Lesser Antilles. Frances then moved generally west northwest and weakened to a Category 2 hurricane while crossing the northwest Bahamas.  After stalling for about 12 hours on September 4 in the Florida Straits between Grand Bahama Island and the southeast Florida coast, the center of the nearly 70-mile diameter eye crossed the Florida coast near Sewalls Point, at 1 A.M. EDT, September 5, 2004 with the southern eyewall affecting the extreme northeast portion of Palm Beach County.  Frances moved farther inland just north of Lake Okeechobee and weakened to a tropical storm before crossing the entire Florida Peninsula and exiting into the Gulf of Mexico just north of Tampa late on September 5.  It made a second landfall as a tropical storm in the eastern Florida Panhandle.

Sustained tropical storm-force winds likely occurred in all six south Florida counties.  Although no sustained hurricane-force winds were officially observed in any of the six south Florida counties, an NWS instrument on the eastern shore of Lake Okeechobee at Port Mayaca, just across the Palm Beach County border, measured a sustained wind of 85 mph.  At West Palm Beach International Airport the highest sustained wind was 64 mph with a peak gust of 82 mph and the lowest observed barometric pressure was 972 mb.  A South Florida Water Management District instrument measured a peak wind gust of 92 mph over the eastern portion of Lake Okeechobee.  The estimated peak wind gust in the Palm Beach metro area was 91 mph at Jupiter Inlet with a peak wind gust of 87 mph measured by a C-MAN station at Lake Worth Pier.  In Glades County near the western shore of Lake Okeechobee the highest measured sustained wind was 60 mph with a peak gust of 90 mph.  In Clewiston, a sustained wind of 60 mph with a gust of 80 mph was estimated.  The highest measured sustained wind at Fort Lauderdale-Hollywood International Airport was 41 mph with a peak gust of 55 mph.  In Miami-Dade County a maximum sustained wind of 62 mph with a peak gust of 78 mph was measured at the C-MAN station at Fowey Rocks Light with sustained winds of 42 mph and a peak gust of 59 mph at Miami International Airport.  At the Naples Municipal Airport the ASOS measured a maximum sustained wind of 38 mph with a peak gust of 54 mph.

A maximum storm-total rainfall amount of 13.56 inches was measured at West Palm Beach International Airport with 10.36 inches of that occurring in a 24-hour period.  Unofficial storm-total rainfalls included 9.56 inches at Boynton Beach, 8 inches at Deerfield Beach and 7.18 inches at Hillsboro Canal.  Widespread storm-total amounts of 3 to 5 inches occurred in southeast and interior south Florida with southwest Florida averaging 1 to 3 inches.  Rainfall flooding was mostly minor except for a few locations in Palm Beach County which had up to 3 feet of standing water.  A section of I-95 in Palm Beach County was closed due to a large sinkhole.

The maximum storm surge was estimated to have ranged from 2 to 4 feet along the northeast Palm Beach Coast to 1 to 2 feet along the northeast Broward Coast.  Within the confines of the Herbert Hoover Dike, water levels on Lake Okeechobee fluctuated up to 5 feet above and below normal. Coastal beach erosion was moderate in Palm Beach and portions of Broward counties and was minor in Miami-Dade and Collier counties.

There were no confirmed tornadoes.

There were no known direct deaths, but at least 9 people died in the aftermath.  Six of these deaths occurred in Palm Beach County, mainly as the result of vehicle-related accidents or from drownings.  Two vehicle-related deaths were reported in Broward County and one person died in Collier County while clearing debris.  An unknown number of injuries occurred.

Property damage at the coast occurred mainly to marinas, piers, seawalls, bridges and docks, as well as to boats.  Inland structure damage included 15,000 houses and 2,400 businesses in Palm Beach County.  Wind damage to house roofs, mobile homes, trees, power lines, signs, screened enclosures and outbuildings occurred over much of southeast Florida including areas near Lake Okeechobee, but was greatest in Palm Beach County.

A preliminary damage estimate for Frances in south Florida is $620 million, including $500 million in Palm Beach, $80 million in Broward, and $34 million in Miami-Dade.  Crop damage in Palm Beach County was estimated at an additional $70 million to sugar cane and vegetables and additional heavy losses occurred to nurseries.

Florida Power and Light reported power outages occurred to 659,000 customer in Palm Beach, 590,000 in Broward, 423,000 in Miami-Dade, 39,200 in Collier, 2,500 in Hendry and 1,700 in Collier.  An estimated 17,000 persons sought refuge in public shelters in Palm Beach County and nearly 7,000 in Broward County."	211
5422413	INLAND COLLIER (ZONE)	 	9/4/2004	1100	Hurricane (Typhoon)	 	 	0	0	0	0	FL	EST	 	1179869	Z	70	MFL	0	0	EMERGENCY MANAGER	 	 	 	 	 	 	 	 	9/5/2004	1100	 	 	 	 		"Hurricane Frances formed from a tropical depression in the deep tropical Atlantic on August 25 about 1400 miles east of the Lesser Antilles and reached hurricane strength on August 26.  Frances became a Category 4 Hurricane on August 28 while about 700 miles east of the Lesser Antilles. Frances then moved generally west northwest and weakened to a Category 2 hurricane while crossing the northwest Bahamas.  After stalling for about 12 hours on September 4 in the Florida Straits between Grand Bahama Island and the southeast Florida coast, the center of the nearly 70-mile diameter eye crossed the Florida coast near Sewalls Point, at 1 A.M. EDT, September 5, 2004 with the southern eyewall affecting the extreme northeast portion of Palm Beach County.  Frances moved farther inland just north of Lake Okeechobee and weakened to a tropical storm before crossing the entire Florida Peninsula and exiting into the Gulf of Mexico just north of Tampa late on September 5.  It made a second landfall as a tropical storm in the eastern Florida Panhandle.

Sustained tropical storm-force winds likely occurred in all six south Florida counties.  Although no sustained hurricane-force winds were officially observed in any of the six south Florida counties, an NWS instrument on the eastern shore of Lake Okeechobee at Port Mayaca, just across the Palm Beach County border, measured a sustained wind of 85 mph.  At West Palm Beach International Airport the highest sustained wind was 64 mph with a peak gust of 82 mph and the lowest observed barometric pressure was 972 mb.  A South Florida Water Management District instrument measured a peak wind gust of 92 mph over the eastern portion of Lake Okeechobee.  The estimated peak wind gust in the Palm Beach metro area was 91 mph at Jupiter Inlet with a peak wind gust of 87 mph measured by a C-MAN station at Lake Worth Pier.  In Glades County near the western shore of Lake Okeechobee the highest measured sustained wind was 60 mph with a peak gust of 90 mph.  In Clewiston, a sustained wind of 60 mph with a gust of 80 mph was estimated.  The highest measured sustained wind at Fort Lauderdale-Hollywood International Airport was 41 mph with a peak gust of 55 mph.  In Miami-Dade County a maximum sustained wind of 62 mph with a peak gust of 78 mph was measured at the C-MAN station at Fowey Rocks Light with sustained winds of 42 mph and a peak gust of 59 mph at Miami International Airport.  At the Naples Municipal Airport the ASOS measured a maximum sustained wind of 38 mph with a peak gust of 54 mph.

A maximum storm-total rainfall amount of 13.56 inches was measured at West Palm Beach International Airport with 10.36 inches of that occurring in a 24-hour period.  Unofficial storm-total rainfalls included 9.56 inches at Boynton Beach, 8 inches at Deerfield Beach and 7.18 inches at Hillsboro Canal.  Widespread storm-total amounts of 3 to 5 inches occurred in southeast and interior south Florida with southwest Florida averaging 1 to 3 inches.  Rainfall flooding was mostly minor except for a few locations in Palm Beach County which had up to 3 feet of standing water.  A section of I-95 in Palm Beach County was closed due to a large sinkhole.

The maximum storm surge was estimated to have ranged from 2 to 4 feet along the northeast Palm Beach Coast to 1 to 2 feet along the northeast Broward Coast.  Within the confines of the Herbert Hoover Dike, water levels on Lake Okeechobee fluctuated up to 5 feet above and below normal. Coastal beach erosion was moderate in Palm Beach and portions of Broward counties and was minor in Miami-Dade and Collier counties.

There were no confirmed tornadoes.

There were no known direct deaths, but at least 9 people died in the aftermath.  Six of these deaths occurred in Palm Beach County, mainly as the result of vehicle-related accidents or from drownings.  Two vehicle-related deaths were reported in Broward County and one person died in Collier County while clearing debris.  An unknown number of injuries occurred.

Property damage at the coast occurred mainly to marinas, piers, seawalls, bridges and docks, as well as to boats.  Inland structure damage included 15,000 houses and 2,400 businesses in Palm Beach County.  Wind damage to house roofs, mobile homes, trees, power lines, signs, screened enclosures and outbuildings occurred over much of southeast Florida including areas near Lake Okeechobee, but was greatest in Palm Beach County.

A preliminary damage estimate for Frances in south Florida is $620 million, including $500 million in Palm Beach, $80 million in Broward, and $34 million in Miami-Dade.  Crop damage in Palm Beach County was estimated at an additional $70 million to sugar cane and vegetables and additional heavy losses occurred to nurseries.

Florida Power and Light reported power outages occurred to 659,000 customer in Palm Beach, 590,000 in Broward, 423,000 in Miami-Dade, 39,200 in Collier, 2,500 in Hendry and 1,700 in Collier.  An estimated 17,000 persons sought refuge in public shelters in Palm Beach County and nearly 7,000 in Broward County."	212
5422407	COASTAL PALM BEACH (ZONE)	 	9/4/2004	1100	Hurricane (Typhoon)	 	 	0	0	500000000	0	FL	EST	 	1179869	Z	68	MFL	0	0	EMERGENCY MANAGER	 	 	 	 	 	 	 	 	9/5/2004	1100	 	 	 	 		"Hurricane Frances formed from a tropical depression in the deep tropical Atlantic on August 25 about 1400 miles east of the Lesser Antilles and reached hurricane strength on August 26.  Frances became a Category 4 Hurricane on August 28 while about 700 miles east of the Lesser Antilles. Frances then moved generally west northwest and weakened to a Category 2 hurricane while crossing the northwest Bahamas.  After stalling for about 12 hours on September 4 in the Florida Straits between Grand Bahama Island and the southeast Florida coast, the center of the nearly 70-mile diameter eye crossed the Florida coast near Sewalls Point, at 1 A.M. EDT, September 5, 2004 with the southern eyewall affecting the extreme northeast portion of Palm Beach County.  Frances moved farther inland just north of Lake Okeechobee and weakened to a tropical storm before crossing the entire Florida Peninsula and exiting into the Gulf of Mexico just north of Tampa late on September 5.  It made a second landfall as a tropical storm in the eastern Florida Panhandle.

Sustained tropical storm-force winds likely occurred in all six south Florida counties.  Although no sustained hurricane-force winds were officially observed in any of the six south Florida counties, an NWS instrument on the eastern shore of Lake Okeechobee at Port Mayaca, just across the Palm Beach County border, measured a sustained wind of 85 mph.  At West Palm Beach International Airport the highest sustained wind was 64 mph with a peak gust of 82 mph and the lowest observed barometric pressure was 972 mb.  A South Florida Water Management District instrument measured a peak wind gust of 92 mph over the eastern portion of Lake Okeechobee.  The estimated peak wind gust in the Palm Beach metro area was 91 mph at Jupiter Inlet with a peak wind gust of 87 mph measured by a C-MAN station at Lake Worth Pier.  In Glades County near the western shore of Lake Okeechobee the highest measured sustained wind was 60 mph with a peak gust of 90 mph.  In Clewiston, a sustained wind of 60 mph with a gust of 80 mph was estimated.  The highest measured sustained wind at Fort Lauderdale-Hollywood International Airport was 41 mph with a peak gust of 55 mph.  In Miami-Dade County a maximum sustained wind of 62 mph with a peak gust of 78 mph was measured at the C-MAN station at Fowey Rocks Light with sustained winds of 42 mph and a peak gust of 59 mph at Miami International Airport.  At the Naples Municipal Airport the ASOS measured a maximum sustained wind of 38 mph with a peak gust of 54 mph.

A maximum storm-total rainfall amount of 13.56 inches was measured at West Palm Beach International Airport with 10.36 inches of that occurring in a 24-hour period.  Unofficial storm-total rainfalls included 9.56 inches at Boynton Beach, 8 inches at Deerfield Beach and 7.18 inches at Hillsboro Canal.  Widespread storm-total amounts of 3 to 5 inches occurred in southeast and interior south Florida with southwest Florida averaging 1 to 3 inches.  Rainfall flooding was mostly minor except for a few locations in Palm Beach County which had up to 3 feet of standing water.  A section of I-95 in Palm Beach County was closed due to a large sinkhole.

The maximum storm surge was estimated to have ranged from 2 to 4 feet along the northeast Palm Beach Coast to 1 to 2 feet along the northeast Broward Coast.  Within the confines of the Herbert Hoover Dike, water levels on Lake Okeechobee fluctuated up to 5 feet above and below normal. Coastal beach erosion was moderate in Palm Beach and portions of Broward counties and was minor in Miami-Dade and Collier counties.

There were no confirmed tornadoes.

There were no known direct deaths, but at least 9 people died in the aftermath.  Six of these deaths occurred in Palm Beach County, mainly as the result of vehicle-related accidents or from drownings.  Two vehicle-related deaths were reported in Broward County and one person died in Collier County while clearing debris.  An unknown number of injuries occurred.

Property damage at the coast occurred mainly to marinas, piers, seawalls, bridges and docks, as well as to boats.  Inland structure damage included 15,000 houses and 2,400 businesses in Palm Beach County.  Wind damage to house roofs, mobile homes, trees, power lines, signs, screened enclosures and outbuildings occurred over much of southeast Florida including areas near Lake Okeechobee, but was greatest in Palm Beach County.

A preliminary damage estimate for Frances in south Florida is $620 million, including $500 million in Palm Beach, $80 million in Broward, and $34 million in Miami-Dade.  Crop damage in Palm Beach County was estimated at an additional $70 million to sugar cane and vegetables and additional heavy losses occurred to nurseries.

Florida Power and Light reported power outages occurred to 659,000 customer in Palm Beach, 590,000 in Broward, 423,000 in Miami-Dade, 39,200 in Collier, 2,500 in Hendry and 1,700 in Collier.  An estimated 17,000 persons sought refuge in public shelters in Palm Beach County and nearly 7,000 in Broward County."	213
5422414	COASTAL COLLIER (ZONE)	 	9/4/2004	1100	Hurricane (Typhoon)	 	 	0	0	0	0	FL	EST	 	1179869	Z	69	MFL	0	0	EMERGENCY MANAGER	 	 	 	 	 	 	 	 	9/5/2004	1100	 	 	 	 		"Hurricane Frances formed from a tropical depression in the deep tropical Atlantic on August 25 about 1400 miles east of the Lesser Antilles and reached hurricane strength on August 26.  Frances became a Category 4 Hurricane on August 28 while about 700 miles east of the Lesser Antilles. Frances then moved generally west northwest and weakened to a Category 2 hurricane while crossing the northwest Bahamas.  After stalling for about 12 hours on September 4 in the Florida Straits between Grand Bahama Island and the southeast Florida coast, the center of the nearly 70-mile diameter eye crossed the Florida coast near Sewalls Point, at 1 A.M. EDT, September 5, 2004 with the southern eyewall affecting the extreme northeast portion of Palm Beach County.  Frances moved farther inland just north of Lake Okeechobee and weakened to a tropical storm before crossing the entire Florida Peninsula and exiting into the Gulf of Mexico just north of Tampa late on September 5.  It made a second landfall as a tropical storm in the eastern Florida Panhandle.

Sustained tropical storm-force winds likely occurred in all six south Florida counties.  Although no sustained hurricane-force winds were officially observed in any of the six south Florida counties, an NWS instrument on the eastern shore of Lake Okeechobee at Port Mayaca, just across the Palm Beach County border, measured a sustained wind of 85 mph.  At West Palm Beach International Airport the highest sustained wind was 64 mph with a peak gust of 82 mph and the lowest observed barometric pressure was 972 mb.  A South Florida Water Management District instrument measured a peak wind gust of 92 mph over the eastern portion of Lake Okeechobee.  The estimated peak wind gust in the Palm Beach metro area was 91 mph at Jupiter Inlet with a peak wind gust of 87 mph measured by a C-MAN station at Lake Worth Pier.  In Glades County near the western shore of Lake Okeechobee the highest measured sustained wind was 60 mph with a peak gust of 90 mph.  In Clewiston, a sustained wind of 60 mph with a gust of 80 mph was estimated.  The highest measured sustained wind at Fort Lauderdale-Hollywood International Airport was 41 mph with a peak gust of 55 mph.  In Miami-Dade County a maximum sustained wind of 62 mph with a peak gust of 78 mph was measured at the C-MAN station at Fowey Rocks Light with sustained winds of 42 mph and a peak gust of 59 mph at Miami International Airport.  At the Naples Municipal Airport the ASOS measured a maximum sustained wind of 38 mph with a peak gust of 54 mph.

A maximum storm-total rainfall amount of 13.56 inches was measured at West Palm Beach International Airport with 10.36 inches of that occurring in a 24-hour period.  Unofficial storm-total rainfalls included 9.56 inches at Boynton Beach, 8 inches at Deerfield Beach and 7.18 inches at Hillsboro Canal.  Widespread storm-total amounts of 3 to 5 inches occurred in southeast and interior south Florida with southwest Florida averaging 1 to 3 inches.  Rainfall flooding was mostly minor except for a few locations in Palm Beach County which had up to 3 feet of standing water.  A section of I-95 in Palm Beach County was closed due to a large sinkhole.

The maximum storm surge was estimated to have ranged from 2 to 4 feet along the northeast Palm Beach Coast to 1 to 2 feet along the northeast Broward Coast.  Within the confines of the Herbert Hoover Dike, water levels on Lake Okeechobee fluctuated up to 5 feet above and below normal. Coastal beach erosion was moderate in Palm Beach and portions of Broward counties and was minor in Miami-Dade and Collier counties.

There were no confirmed tornadoes.

There were no known direct deaths, but at least 9 people died in the aftermath.  Six of these deaths occurred in Palm Beach County, mainly as the result of vehicle-related accidents or from drownings.  Two vehicle-related deaths were reported in Broward County and one person died in Collier County while clearing debris.  An unknown number of injuries occurred.

Property damage at the coast occurred mainly to marinas, piers, seawalls, bridges and docks, as well as to boats.  Inland structure damage included 15,000 houses and 2,400 businesses in Palm Beach County.  Wind damage to house roofs, mobile homes, trees, power lines, signs, screened enclosures and outbuildings occurred over much of southeast Florida including areas near Lake Okeechobee, but was greatest in Palm Beach County.

A preliminary damage estimate for Frances in south Florida is $620 million, including $500 million in Palm Beach, $80 million in Broward, and $34 million in Miami-Dade.  Crop damage in Palm Beach County was estimated at an additional $70 million to sugar cane and vegetables and additional heavy losses occurred to nurseries.

Florida Power and Light reported power outages occurred to 659,000 customer in Palm Beach, 590,000 in Broward, 423,000 in Miami-Dade, 39,200 in Collier, 2,500 in Hendry and 1,700 in Collier.  An estimated 17,000 persons sought refuge in public shelters in Palm Beach County and nearly 7,000 in Broward County."	214
5422412	HENDRY (ZONE)	 	9/4/2004	1300	Hurricane (Typhoon)	 	 	0	0	2000000	0	FL	EST	 	1179869	Z	66	MFL	0	0	EMERGENCY MANAGER	 	 	 	 	 	 	 	 	9/5/2004	1100	 	 	 	 		"Hurricane Frances formed from a tropical depression in the deep tropical Atlantic on August 25 about 1400 miles east of the Lesser Antilles and reached hurricane strength on August 26.  Frances became a Category 4 Hurricane on August 28 while about 700 miles east of the Lesser Antilles. Frances then moved generally west northwest and weakened to a Category 2 hurricane while crossing the northwest Bahamas.  After stalling for about 12 hours on September 4 in the Florida Straits between Grand Bahama Island and the southeast Florida coast, the center of the nearly 70-mile diameter eye crossed the Florida coast near Sewalls Point, at 1 A.M. EDT, September 5, 2004 with the southern eyewall affecting the extreme northeast portion of Palm Beach County.  Frances moved farther inland just north of Lake Okeechobee and weakened to a tropical storm before crossing the entire Florida Peninsula and exiting into the Gulf of Mexico just north of Tampa late on September 5.  It made a second landfall as a tropical storm in the eastern Florida Panhandle.

Sustained tropical storm-force winds likely occurred in all six south Florida counties.  Although no sustained hurricane-force winds were officially observed in any of the six south Florida counties, an NWS instrument on the eastern shore of Lake Okeechobee at Port Mayaca, just across the Palm Beach County border, measured a sustained wind of 85 mph.  At West Palm Beach International Airport the highest sustained wind was 64 mph with a peak gust of 82 mph and the lowest observed barometric pressure was 972 mb.  A South Florida Water Management District instrument measured a peak wind gust of 92 mph over the eastern portion of Lake Okeechobee.  The estimated peak wind gust in the Palm Beach metro area was 91 mph at Jupiter Inlet with a peak wind gust of 87 mph measured by a C-MAN station at Lake Worth Pier.  In Glades County near the western shore of Lake Okeechobee the highest measured sustained wind was 60 mph with a peak gust of 90 mph.  In Clewiston, a sustained wind of 60 mph with a gust of 80 mph was estimated.  The highest measured sustained wind at Fort Lauderdale-Hollywood International Airport was 41 mph with a peak gust of 55 mph.  In Miami-Dade County a maximum sustained wind of 62 mph with a peak gust of 78 mph was measured at the C-MAN station at Fowey Rocks Light with sustained winds of 42 mph and a peak gust of 59 mph at Miami International Airport.  At the Naples Municipal Airport the ASOS measured a maximum sustained wind of 38 mph with a peak gust of 54 mph.

A maximum storm-total rainfall amount of 13.56 inches was measured at West Palm Beach International Airport with 10.36 inches of that occurring in a 24-hour period.  Unofficial storm-total rainfalls included 9.56 inches at Boynton Beach, 8 inches at Deerfield Beach and 7.18 inches at Hillsboro Canal.  Widespread storm-total amounts of 3 to 5 inches occurred in southeast and interior south Florida with southwest Florida averaging 1 to 3 inches.  Rainfall flooding was mostly minor except for a few locations in Palm Beach County which had up to 3 feet of standing water.  A section of I-95 in Palm Beach County was closed due to a large sinkhole.

The maximum storm surge was estimated to have ranged from 2 to 4 feet along the northeast Palm Beach Coast to 1 to 2 feet along the northeast Broward Coast.  Within the confines of the Herbert Hoover Dike, water levels on Lake Okeechobee fluctuated up to 5 feet above and below normal. Coastal beach erosion was moderate in Palm Beach and portions of Broward counties and was minor in Miami-Dade and Collier counties.

There were no confirmed tornadoes.

There were no known direct deaths, but at least 9 people died in the aftermath.  Six of these deaths occurred in Palm Beach County, mainly as the result of vehicle-related accidents or from drownings.  Two vehicle-related deaths were reported in Broward County and one person died in Collier County while clearing debris.  An unknown number of injuries occurred.

Property damage at the coast occurred mainly to marinas, piers, seawalls, bridges and docks, as well as to boats.  Inland structure damage included 15,000 houses and 2,400 businesses in Palm Beach County.  Wind damage to house roofs, mobile homes, trees, power lines, signs, screened enclosures and outbuildings occurred over much of southeast Florida including areas near Lake Okeechobee, but was greatest in Palm Beach County.

A preliminary damage estimate for Frances in south Florida is $620 million, including $500 million in Palm Beach, $80 million in Broward, and $34 million in Miami-Dade.  Crop damage in Palm Beach County was estimated at an additional $70 million to sugar cane and vegetables and additional heavy losses occurred to nurseries.

Florida Power and Light reported power outages occurred to 659,000 customer in Palm Beach, 590,000 in Broward, 423,000 in Miami-Dade, 39,200 in Collier, 2,500 in Hendry and 1,700 in Collier.  An estimated 17,000 persons sought refuge in public shelters in Palm Beach County and nearly 7,000 in Broward County."	215
5422410	GLADES (ZONE)	 	9/4/2004	1300	Hurricane (Typhoon)	 	 	0	0	5000000	20000000	FL	EST	 	1179869	Z	63	MFL	0	0	EMERGENCY MANAGER	 	 	 	 	 	 	 	 	9/5/2004	1100	 	 	 	 		"Hurricane Frances formed from a tropical depression in the deep tropical Atlantic on August 25 about 1400 miles east of the Lesser Antilles and reached hurricane strength on August 26.  Frances became a Category 4 Hurricane on August 28 while about 700 miles east of the Lesser Antilles. Frances then moved generally west northwest and weakened to a Category 2 hurricane while crossing the northwest Bahamas.  After stalling for about 12 hours on September 4 in the Florida Straits between Grand Bahama Island and the southeast Florida coast, the center of the nearly 70-mile diameter eye crossed the Florida coast near Sewalls Point, at 1 A.M. EDT, September 5, 2004 with the southern eyewall affecting the extreme northeast portion of Palm Beach County.  Frances moved farther inland just north of Lake Okeechobee and weakened to a tropical storm before crossing the entire Florida Peninsula and exiting into the Gulf of Mexico just north of Tampa late on September 5.  It made a second landfall as a tropical storm in the eastern Florida Panhandle.

Sustained tropical storm-force winds likely occurred in all six south Florida counties.  Although no sustained hurricane-force winds were officially observed in any of the six south Florida counties, an NWS instrument on the eastern shore of Lake Okeechobee at Port Mayaca, just across the Palm Beach County border, measured a sustained wind of 85 mph.  At West Palm Beach International Airport the highest sustained wind was 64 mph with a peak gust of 82 mph and the lowest observed barometric pressure was 972 mb.  A South Florida Water Management District instrument measured a peak wind gust of 92 mph over the eastern portion of Lake Okeechobee.  The estimated peak wind gust in the Palm Beach metro area was 91 mph at Jupiter Inlet with a peak wind gust of 87 mph measured by a C-MAN station at Lake Worth Pier.  In Glades County near the western shore of Lake Okeechobee the highest measured sustained wind was 60 mph with a peak gust of 90 mph.  In Clewiston, a sustained wind of 60 mph with a gust of 80 mph was estimated.  The highest measured sustained wind at Fort Lauderdale-Hollywood International Airport was 41 mph with a peak gust of 55 mph.  In Miami-Dade County a maximum sustained wind of 62 mph with a peak gust of 78 mph was measured at the C-MAN station at Fowey Rocks Light with sustained winds of 42 mph and a peak gust of 59 mph at Miami International Airport.  At the Naples Municipal Airport the ASOS measured a maximum sustained wind of 38 mph with a peak gust of 54 mph.

A maximum storm-total rainfall amount of 13.56 inches was measured at West Palm Beach International Airport with 10.36 inches of that occurring in a 24-hour period.  Unofficial storm-total rainfalls included 9.56 inches at Boynton Beach, 8 inches at Deerfield Beach and 7.18 inches at Hillsboro Canal.  Widespread storm-total amounts of 3 to 5 inches occurred in southeast and interior south Florida with southwest Florida averaging 1 to 3 inches.  Rainfall flooding was mostly minor except for a few locations in Palm Beach County which had up to 3 feet of standing water.  A section of I-95 in Palm Beach County was closed due to a large sinkhole.

The maximum storm surge was estimated to have ranged from 2 to 4 feet along the northeast Palm Beach Coast to 1 to 2 feet along the northeast Broward Coast.  Within the confines of the Herbert Hoover Dike, water levels on Lake Okeechobee fluctuated up to 5 feet above and below normal. Coastal beach erosion was moderate in Palm Beach and portions of Broward counties and was minor in Miami-Dade and Collier counties.

There were no confirmed tornadoes.

There were no known direct deaths, but at least 9 people died in the aftermath.  Six of these deaths occurred in Palm Beach County, mainly as the result of vehicle-related accidents or from drownings.  Two vehicle-related deaths were reported in Broward County and one person died in Collier County while clearing debris.  An unknown number of injuries occurred.

Property damage at the coast occurred mainly to marinas, piers, seawalls, bridges and docks, as well as to boats.  Inland structure damage included 15,000 houses and 2,400 businesses in Palm Beach County.  Wind damage to house roofs, mobile homes, trees, power lines, signs, screened enclosures and outbuildings occurred over much of southeast Florida including areas near Lake Okeechobee, but was greatest in Palm Beach County.

A preliminary damage estimate for Frances in south Florida is $620 million, including $500 million in Palm Beach, $80 million in Broward, and $34 million in Miami-Dade.  Crop damage in Palm Beach County was estimated at an additional $70 million to sugar cane and vegetables and additional heavy losses occurred to nurseries.

Florida Power and Light reported power outages occurred to 659,000 customer in Palm Beach, 590,000 in Broward, 423,000 in Miami-Dade, 39,200 in Collier, 2,500 in Hendry and 1,700 in Collier.  An estimated 17,000 persons sought refuge in public shelters in Palm Beach County and nearly 7,000 in Broward County."	216
5422408	INLAND PALM BEACH (ZONE)	 	9/4/2004	1300	Hurricane (Typhoon)	 	 	0	0	0	70000000	FL	EST	 	1179869	Z	67	MFL	0	0	EMERGENCY MANAGER	 	 	 	 	 	 	 	 	9/5/2004	1100	 	 	 	 		"Hurricane Frances formed from a tropical depression in the deep tropical Atlantic on August 25 about 1400 miles east of the Lesser Antilles and reached hurricane strength on August 26.  Frances became a Category 4 Hurricane on August 28 while about 700 miles east of the Lesser Antilles. Frances then moved generally west northwest and weakened to a Category 2 hurricane while crossing the northwest Bahamas.  After stalling for about 12 hours on September 4 in the Florida Straits between Grand Bahama Island and the southeast Florida coast, the center of the nearly 70-mile diameter eye crossed the Florida coast near Sewalls Point, at 1 A.M. EDT, September 5, 2004 with the southern eyewall affecting the extreme northeast portion of Palm Beach County.  Frances moved farther inland just north of Lake Okeechobee and weakened to a tropical storm before crossing the entire Florida Peninsula and exiting into the Gulf of Mexico just north of Tampa late on September 5.  It made a second landfall as a tropical storm in the eastern Florida Panhandle.

Sustained tropical storm-force winds likely occurred in all six south Florida counties.  Although no sustained hurricane-force winds were officially observed in any of the six south Florida counties, an NWS instrument on the eastern shore of Lake Okeechobee at Port Mayaca, just across the Palm Beach County border, measured a sustained wind of 85 mph.  At West Palm Beach International Airport the highest sustained wind was 64 mph with a peak gust of 82 mph and the lowest observed barometric pressure was 972 mb.  A South Florida Water Management District instrument measured a peak wind gust of 92 mph over the eastern portion of Lake Okeechobee.  The estimated peak wind gust in the Palm Beach metro area was 91 mph at Jupiter Inlet with a peak wind gust of 87 mph measured by a C-MAN station at Lake Worth Pier.  In Glades County near the western shore of Lake Okeechobee the highest measured sustained wind was 60 mph with a peak gust of 90 mph.  In Clewiston, a sustained wind of 60 mph with a gust of 80 mph was estimated.  The highest measured sustained wind at Fort Lauderdale-Hollywood International Airport was 41 mph with a peak gust of 55 mph.  In Miami-Dade County a maximum sustained wind of 62 mph with a peak gust of 78 mph was measured at the C-MAN station at Fowey Rocks Light with sustained winds of 42 mph and a peak gust of 59 mph at Miami International Airport.  At the Naples Municipal Airport the ASOS measured a maximum sustained wind of 38 mph with a peak gust of 54 mph.

A maximum storm-total rainfall amount of 13.56 inches was measured at West Palm Beach International Airport with 10.36 inches of that occurring in a 24-hour period.  Unofficial storm-total rainfalls included 9.56 inches at Boynton Beach, 8 inches at Deerfield Beach and 7.18 inches at Hillsboro Canal.  Widespread storm-total amounts of 3 to 5 inches occurred in southeast and interior south Florida with southwest Florida averaging 1 to 3 inches.  Rainfall flooding was mostly minor except for a few locations in Palm Beach County which had up to 3 feet of standing water.  A section of I-95 in Palm Beach County was closed due to a large sinkhole.

The maximum storm surge was estimated to have ranged from 2 to 4 feet along the northeast Palm Beach Coast to 1 to 2 feet along the northeast Broward Coast.  Within the confines of the Herbert Hoover Dike, water levels on Lake Okeechobee fluctuated up to 5 feet above and below normal. Coastal beach erosion was moderate in Palm Beach and portions of Broward counties and was minor in Miami-Dade and Collier counties.

There were no confirmed tornadoes.

There were no known direct deaths, but at least 9 people died in the aftermath.  Six of these deaths occurred in Palm Beach County, mainly as the result of vehicle-related accidents or from drownings.  Two vehicle-related deaths were reported in Broward County and one person died in Collier County while clearing debris.  An unknown number of injuries occurred.

Property damage at the coast occurred mainly to marinas, piers, seawalls, bridges and docks, as well as to boats.  Inland structure damage included 15,000 houses and 2,400 businesses in Palm Beach County.  Wind damage to house roofs, mobile homes, trees, power lines, signs, screened enclosures and outbuildings occurred over much of southeast Florida including areas near Lake Okeechobee, but was greatest in Palm Beach County.

A preliminary damage estimate for Frances in south Florida is $620 million, including $500 million in Palm Beach, $80 million in Broward, and $34 million in Miami-Dade.  Crop damage in Palm Beach County was estimated at an additional $70 million to sugar cane and vegetables and additional heavy losses occurred to nurseries.

Florida Power and Light reported power outages occurred to 659,000 customer in Palm Beach, 590,000 in Broward, 423,000 in Miami-Dade, 39,200 in Collier, 2,500 in Hendry and 1,700 in Collier.  An estimated 17,000 persons sought refuge in public shelters in Palm Beach County and nearly 7,000 in Broward County."	217
5424910	MARTIN (ZONE)	 	9/4/2004	1949	Hurricane (Typhoon)	 	 	0	0	1000000000	21300000	FL	EST	 	1181034	Z	64	MLB	0	0	NWS STORM SURVEY	 	 	 	 	 	 	 	 	9/5/2004	1949	 	 	 	 		"The center of category 2 Hurricane Frances reached the Florida east coast near Sewall's Point in Martin County early on September 5th.  Frances was moving to the west northwest at 7 mph and maintained hurricane strength as it crossed the east half of the Florida Peninsula. Frances was downgraded to a tropical storm in the afternoon on the 5th when it was about 50 miles east of Tampa Bay.  

In Martin, St. Lucie and Indian River counties, the slow moving storm produced wind gusts to hurricane strength for about 19 hours, producing an estimated 4.5 billion dollars in damage. Wind gusts well over 100 mph destroyed coastal structures, marinas, and vessels.  Farther inland, hundreds of homes, mobile homes, and businesses were destroyed, and thousands were damaged.  Highest recorded winds for Martin county were 91 knots (105 mph) at Port St. Lucie Inlet. The highest wind gust in St. Lucie County, was 94 knots (108 mph) at Ft. Pierce and in Indian River County, 70 knots ( 81 mph) in Vero Beach. 

Brevard and Volusia counties also recorded hours of hurricane force wind gusts from the north side of the storm. Thousands of homes and businesses were destroyed and damaged, with hundreds of thousands of residences with out power. Brevard was hit with an estimated damage of 90 million dollars. Damage in Volusia County was close to 240 million dollars. Most official NWS surface wind equipment failed prior to the max wind of the storm when power was knocked out.  Highest recorded surface winds gust was 78 knots (90 mph) from Merritt Island Airport, although a wind tower at NASA report gusts to 82 knots (94 mph).  These winds were likely representative of what most of the beach front areas were hit with. Daytona Beach International Airport recorded a wind gust to 65 knots (75 mph) prior to the power outage.  

Lowest recorded pressures for Hurricane Frances were, 994.9 mb at Daytona Beach Airport, 995.9 mb at NWS Melbourne, 962.1 at St. Lucie Lock, and 964.7 at Port Mayaca Lock.  

Beach errosion was moderate to severe from Cocoa Beach to Ft. Pierce, ranging from 5 to 6 feet from south Brevard County to up to 12 feet near Vero Beach where a large section of a beach road was washed out.  A storm surge of 5.89 feet MSL was recorded at the St. Lucie Lock. A surge near 6 feet occured near Cocoa Beach ranging to near 8 feet around Vero Beach where onshore winds were the strongest. 

Radar estimates show as much as 13 inches of rain fell in Volusia County with a range of 6 to 10 inches of rain in the remaining counties. The worst flooding from Hurricane Frances was in Volusia, Seminole, Orange and Osceola counties.  Significant inland flooding was reported in Martin, St. Lucie, Indian River and Brevard counties."	218
5424911	ST. LUCIE (ZONE)	 	9/4/2004	2110	Hurricane (Typhoon)	 	 	0	0	2500000000	47200000	FL	EST	 	1181034	Z	59	MLB	0	0	NWS STORM SURVEY	 	 	 	 	 	 	 	 	9/5/2004	1040	 	 	 	 		"The center of category 2 Hurricane Frances reached the Florida east coast near Sewall's Point in Martin County early on September 5th.  Frances was moving to the west northwest at 7 mph and maintained hurricane strength as it crossed the east half of the Florida Peninsula. Frances was downgraded to a tropical storm in the afternoon on the 5th when it was about 50 miles east of Tampa Bay.  

In Martin, St. Lucie and Indian River counties, the slow moving storm produced wind gusts to hurricane strength for about 19 hours, producing an estimated 4.5 billion dollars in damage. Wind gusts well over 100 mph destroyed coastal structures, marinas, and vessels.  Farther inland, hundreds of homes, mobile homes, and businesses were destroyed, and thousands were damaged.  Highest recorded winds for Martin county were 91 knots (105 mph) at Port St. Lucie Inlet. The highest wind gust in St. Lucie County, was 94 knots (108 mph) at Ft. Pierce and in Indian River County, 70 knots ( 81 mph) in Vero Beach. 

Brevard and Volusia counties also recorded hours of hurricane force wind gusts from the north side of the storm. Thousands of homes and businesses were destroyed and damaged, with hundreds of thousands of residences with out power. Brevard was hit with an estimated damage of 90 million dollars. Damage in Volusia County was close to 240 million dollars. Most official NWS surface wind equipment failed prior to the max wind of the storm when power was knocked out.  Highest recorded surface winds gust was 78 knots (90 mph) from Merritt Island Airport, although a wind tower at NASA report gusts to 82 knots (94 mph).  These winds were likely representative of what most of the beach front areas were hit with. Daytona Beach International Airport recorded a wind gust to 65 knots (75 mph) prior to the power outage.  

Lowest recorded pressures for Hurricane Frances were, 994.9 mb at Daytona Beach Airport, 995.9 mb at NWS Melbourne, 962.1 at St. Lucie Lock, and 964.7 at Port Mayaca Lock.  

Beach errosion was moderate to severe from Cocoa Beach to Ft. Pierce, ranging from 5 to 6 feet from south Brevard County to up to 12 feet near Vero Beach where a large section of a beach road was washed out.  A storm surge of 5.89 feet MSL was recorded at the St. Lucie Lock. A surge near 6 feet occured near Cocoa Beach ranging to near 8 feet around Vero Beach where onshore winds were the strongest. 

Radar estimates show as much as 13 inches of rain fell in Volusia County with a range of 6 to 10 inches of rain in the remaining counties. The worst flooding from Hurricane Frances was in Volusia, Seminole, Orange and Osceola counties.  Significant inland flooding was reported in Martin, St. Lucie, Indian River and Brevard counties."	219
5424912	INDIAN RIVER (ZONE)	 	9/4/2004	2131	Hurricane (Typhoon)	 	 	0	0	1000000000	20300000	FL	EST	 	1181034	Z	54	MLB	0	0	NWS STORM SURVEY	 	 	 	 	 	 	 	 	9/5/2004	1040	 	 	 	 		"The center of category 2 Hurricane Frances reached the Florida east coast near Sewall's Point in Martin County early on September 5th.  Frances was moving to the west northwest at 7 mph and maintained hurricane strength as it crossed the east half of the Florida Peninsula. Frances was downgraded to a tropical storm in the afternoon on the 5th when it was about 50 miles east of Tampa Bay.  

In Martin, St. Lucie and Indian River counties, the slow moving storm produced wind gusts to hurricane strength for about 19 hours, producing an estimated 4.5 billion dollars in damage. Wind gusts well over 100 mph destroyed coastal structures, marinas, and vessels.  Farther inland, hundreds of homes, mobile homes, and businesses were destroyed, and thousands were damaged.  Highest recorded winds for Martin county were 91 knots (105 mph) at Port St. Lucie Inlet. The highest wind gust in St. Lucie County, was 94 knots (108 mph) at Ft. Pierce and in Indian River County, 70 knots ( 81 mph) in Vero Beach. 

Brevard and Volusia counties also recorded hours of hurricane force wind gusts from the north side of the storm. Thousands of homes and businesses were destroyed and damaged, with hundreds of thousands of residences with out power. Brevard was hit with an estimated damage of 90 million dollars. Damage in Volusia County was close to 240 million dollars. Most official NWS surface wind equipment failed prior to the max wind of the storm when power was knocked out.  Highest recorded surface winds gust was 78 knots (90 mph) from Merritt Island Airport, although a wind tower at NASA report gusts to 82 knots (94 mph).  These winds were likely representative of what most of the beach front areas were hit with. Daytona Beach International Airport recorded a wind gust to 65 knots (75 mph) prior to the power outage.  

Lowest recorded pressures for Hurricane Frances were, 994.9 mb at Daytona Beach Airport, 995.9 mb at NWS Melbourne, 962.1 at St. Lucie Lock, and 964.7 at Port Mayaca Lock.  

Beach errosion was moderate to severe from Cocoa Beach to Ft. Pierce, ranging from 5 to 6 feet from south Brevard County to up to 12 feet near Vero Beach where a large section of a beach road was washed out.  A storm surge of 5.89 feet MSL was recorded at the St. Lucie Lock. A surge near 6 feet occured near Cocoa Beach ranging to near 8 feet around Vero Beach where onshore winds were the strongest. 

Radar estimates show as much as 13 inches of rain fell in Volusia County with a range of 6 to 10 inches of rain in the remaining counties. The worst flooding from Hurricane Frances was in Volusia, Seminole, Orange and Osceola counties.  Significant inland flooding was reported in Martin, St. Lucie, Indian River and Brevard counties."	220
5424913	BREVARD (ZONE)	 	9/4/2004	2224	Hurricane (Typhoon)	 	 	0	0	90000000	3700000	FL	EST	 	1181034	Z	47	MLB	0	0	NWS STORM SURVEY	 	 	 	 	 	 	 	 	9/5/2004	1000	 	 	 	 		"The center of category 2 Hurricane Frances reached the Florida east coast near Sewall's Point in Martin County early on September 5th.  Frances was moving to the west northwest at 7 mph and maintained hurricane strength as it crossed the east half of the Florida Peninsula. Frances was downgraded to a tropical storm in the afternoon on the 5th when it was about 50 miles east of Tampa Bay.  

In Martin, St. Lucie and Indian River counties, the slow moving storm produced wind gusts to hurricane strength for about 19 hours, producing an estimated 4.5 billion dollars in damage. Wind gusts well over 100 mph destroyed coastal structures, marinas, and vessels.  Farther inland, hundreds of homes, mobile homes, and businesses were destroyed, and thousands were damaged.  Highest recorded winds for Martin county were 91 knots (105 mph) at Port St. Lucie Inlet. The highest wind gust in St. Lucie County, was 94 knots (108 mph) at Ft. Pierce and in Indian River County, 70 knots ( 81 mph) in Vero Beach. 

Brevard and Volusia counties also recorded hours of hurricane force wind gusts from the north side of the storm. Thousands of homes and businesses were destroyed and damaged, with hundreds of thousands of residences with out power. Brevard was hit with an estimated damage of 90 million dollars. Damage in Volusia County was close to 240 million dollars. Most official NWS surface wind equipment failed prior to the max wind of the storm when power was knocked out.  Highest recorded surface winds gust was 78 knots (90 mph) from Merritt Island Airport, although a wind tower at NASA report gusts to 82 knots (94 mph).  These winds were likely representative of what most of the beach front areas were hit with. Daytona Beach International Airport recorded a wind gust to 65 knots (75 mph) prior to the power outage.  

Lowest recorded pressures for Hurricane Frances were, 994.9 mb at Daytona Beach Airport, 995.9 mb at NWS Melbourne, 962.1 at St. Lucie Lock, and 964.7 at Port Mayaca Lock.  

Beach errosion was moderate to severe from Cocoa Beach to Ft. Pierce, ranging from 5 to 6 feet from south Brevard County to up to 12 feet near Vero Beach where a large section of a beach road was washed out.  A storm surge of 5.89 feet MSL was recorded at the St. Lucie Lock. A surge near 6 feet occured near Cocoa Beach ranging to near 8 feet around Vero Beach where onshore winds were the strongest. 

Radar estimates show as much as 13 inches of rain fell in Volusia County with a range of 6 to 10 inches of rain in the remaining counties. The worst flooding from Hurricane Frances was in Volusia, Seminole, Orange and Osceola counties.  Significant inland flooding was reported in Martin, St. Lucie, Indian River and Brevard counties."	221
5424914	VOLUSIA (ZONE)	 	9/4/2004	2245	Hurricane (Typhoon)	 	 	0	0	240000000	700000	FL	EST	 	1181034	Z	41	MLB	0	0	NWS STORM SURVEY	 	 	 	 	 	 	 	 	9/5/2004	807	 	 	 	 		"The center of category 2 Hurricane Frances reached the Florida east coast near Sewall's Point in Martin County early on September 5th.  Frances was moving to the west northwest at 7 mph and maintained hurricane strength as it crossed the east half of the Florida Peninsula. Frances was downgraded to a tropical storm in the afternoon on the 5th when it was about 50 miles east of Tampa Bay.  

In Martin, St. Lucie and Indian River counties, the slow moving storm produced wind gusts to hurricane strength for about 19 hours, producing an estimated 4.5 billion dollars in damage. Wind gusts well over 100 mph destroyed coastal structures, marinas, and vessels.  Farther inland, hundreds of homes, mobile homes, and businesses were destroyed, and thousands were damaged.  Highest recorded winds for Martin county were 91 knots (105 mph) at Port St. Lucie Inlet. The highest wind gust in St. Lucie County, was 94 knots (108 mph) at Ft. Pierce and in Indian River County, 70 knots ( 81 mph) in Vero Beach. 

Brevard and Volusia counties also recorded hours of hurricane force wind gusts from the north side of the storm. Thousands of homes and businesses were destroyed and damaged, with hundreds of thousands of residences with out power. Brevard was hit with an estimated damage of 90 million dollars. Damage in Volusia County was close to 240 million dollars. Most official NWS surface wind equipment failed prior to the max wind of the storm when power was knocked out.  Highest recorded surface winds gust was 78 knots (90 mph) from Merritt Island Airport, although a wind tower at NASA report gusts to 82 knots (94 mph).  These winds were likely representative of what most of the beach front areas were hit with. Daytona Beach International Airport recorded a wind gust to 65 knots (75 mph) prior to the power outage.  

Lowest recorded pressures for Hurricane Frances were, 994.9 mb at Daytona Beach Airport, 995.9 mb at NWS Melbourne, 962.1 at St. Lucie Lock, and 964.7 at Port Mayaca Lock.  

Beach errosion was moderate to severe from Cocoa Beach to Ft. Pierce, ranging from 5 to 6 feet from south Brevard County to up to 12 feet near Vero Beach where a large section of a beach road was washed out.  A storm surge of 5.89 feet MSL was recorded at the St. Lucie Lock. A surge near 6 feet occured near Cocoa Beach ranging to near 8 feet around Vero Beach where onshore winds were the strongest. 

Radar estimates show as much as 13 inches of rain fell in Volusia County with a range of 6 to 10 inches of rain in the remaining counties. The worst flooding from Hurricane Frances was in Volusia, Seminole, Orange and Osceola counties.  Significant inland flooding was reported in Martin, St. Lucie, Indian River and Brevard counties."	222
5420614	MONROE/LOWER KEYS (ZONE)	 	9/12/2004	1000	Hurricane (Typhoon)	 	 	0	0	0	0	FL	EST	 	1179377	Z	78	EYW	0	0	NWS STORM SURVEY	 	 	 	 	 	 	 	 	9/14/2004	2200	 	 	 	 		"Hurricane Ivan tracked through the central Gulf of Mexico after crossing the extreme western tip of Cuba.  A few outer rain bands affected the Lower Keys on September 14, producing wind gusts to 46 knots (53 mph) at Key West International Airport, and to 42 knots (48 mph) at the Sand Key C-MAN station.  Storm tides were estimated at 1 foot above normal...which in concert with higher-than-usual astronomical tides produced water levels up to 2 feet above normal.  These values were similar to what was achieved during Hurricane Charley.  Wind damage was limited to downed tree limbs in the Keys between the Seven Mile Bridge and Key West.  With two previous tropical cyclone events, the measured winds were not enough to produce additional significant tree damage.  

Most significant was the mandatory evacuation order of all Keys residents and visitors beginning on September 9.  Newspapers reported up to 50 percent of all Monroe County residents evacuated the islands.  The prolongued labor shortages and discontinuation of delivered goods from September 9 through September 12 caused widespread fuel and food shortages at commercial establishments."	223
5420616	MONROE/UPPER KEYS (ZONE)	 	9/12/2004	1000	Hurricane (Typhoon)	 	 	0	0	0	0	FL	EST	 	1179377	Z	76	EYW	0	0	NWS STORM SURVEY	 	 	 	 	 	 	 	 	9/14/2004	2200	 	 	 	 		"Hurricane Ivan tracked through the central Gulf of Mexico after crossing the extreme western tip of Cuba.  A few outer rain bands affected the Lower Keys on September 14, producing wind gusts to 46 knots (53 mph) at Key West International Airport, and to 42 knots (48 mph) at the Sand Key C-MAN station.  Storm tides were estimated at 1 foot above normal...which in concert with higher-than-usual astronomical tides produced water levels up to 2 feet above normal.  These values were similar to what was achieved during Hurricane Charley.  Wind damage was limited to downed tree limbs in the Keys between the Seven Mile Bridge and Key West.  With two previous tropical cyclone events, the measured winds were not enough to produce additional significant tree damage.  

Most significant was the mandatory evacuation order of all Keys residents and visitors beginning on September 9.  Newspapers reported up to 50 percent of all Monroe County residents evacuated the islands.  The prolongued labor shortages and discontinuation of delivered goods from September 9 through September 12 caused widespread fuel and food shortages at commercial establishments."	224
5420615	MONROE/MIDDLE KEYS (ZONE)	 	9/12/2004	1000	Hurricane (Typhoon)	 	 	0	0	0	0	FL	EST	 	1179377	Z	77	EYW	0	0	NWS STORM SURVEY	 	 	 	 	 	 	 	 	9/14/2004	2200	 	 	 	 		"Hurricane Ivan tracked through the central Gulf of Mexico after crossing the extreme western tip of Cuba.  A few outer rain bands affected the Lower Keys on September 14, producing wind gusts to 46 knots (53 mph) at Key West International Airport, and to 42 knots (48 mph) at the Sand Key C-MAN station.  Storm tides were estimated at 1 foot above normal...which in concert with higher-than-usual astronomical tides produced water levels up to 2 feet above normal.  These values were similar to what was achieved during Hurricane Charley.  Wind damage was limited to downed tree limbs in the Keys between the Seven Mile Bridge and Key West.  With two previous tropical cyclone events, the measured winds were not enough to produce additional significant tree damage.  

Most significant was the mandatory evacuation order of all Keys residents and visitors beginning on September 9.  Newspapers reported up to 50 percent of all Monroe County residents evacuated the islands.  The prolongued labor shortages and discontinuation of delivered goods from September 9 through September 12 caused widespread fuel and food shortages at commercial establishments."	225
5422234	LOWER MOBILE (ZONE)	 	9/13/2004	2100	Hurricane (Typhoon)	 	 	0	0	2500000000	25000000	AL	CST	 	1179850	Z	63	MOB	0	0	OFFICIAL NWS OBS.	 	 	 	 	 	 	 	 	9/16/2004	1500	 	 	 	 		"Hurricane Ivan affected the region from September 13 through the 16th.  The coastal areas were put under a hurricane watch at 900 PM CST on September 13.  The area was put under a hurricane warning at 300 PM CST on September 14.  The hurricane warning was dropped at 900 AM CST on September 16 and we were put under a tropical storm warning.  The tropical storm warning was dropped at 300 PM CST on September 16.  
Ivan made landfall around 100 AM CST near Gulf Shores, Alabama on September 16.   An interesting note, as Ivan approached the Alabama coast during the day on the 15th, a buoy just south of the Alabama coastal waters recorded a peak wave height of 52 feet, before breaking loose of its mooring.  This was one of the highest wave heights ever observed.
Some of the winds recorded across Southwest Alabama were as follows:  Mobile Regional Airport, sustained wind of 51 knots from the north with a peak gust of 65 knots from the north northeast.  Dauphin Island, sustained wind of 61 knots from the east with a gust of 89 knots from the northeast. USS Alabama, located off the Mobile Bay causeway,  peak gust 91 knots (site is more than 100 feet high). Fairhope, peak gust 63 knots.  Semmes, peak gust 51 knots.  Grand Bay, peak gust 62 knots.  WKRG in Mobile, peak gust 64 knots.  Wallace Tunnel in Mobile, peak gust 51 knots. Gulf Shores Airport, sustained winds 73 knots with a peak gust of 100 knots (Doppler on Wheels site).  Fairhope, sustained wind 59 knots with a peak gust of 77 knots (Doppler on wheels). 
Some of the winds across Northwest Florida were as follows:  Pensacola Naval Air Station, sustained wind of 76 knots from the southeast with a gust of 93 knots from the southeast.  Pensacola Regional Airport, sustained wind of 67 knots from the southeast with a peak gust of 87 knots. West Pensacola, peak gust 84 knots.  Pensacola, sustained wind 70 knots with a peak gust of 92 knots (Doppler on wheels).  Pace, sustained wind of 73 knots with a peak gust of 87 knots (Air Products location - about 160 feet high). Escambia county EMA office peak gust 90 knots. Eglin Air Force Base sites; 2 SW of Mary Esther, peak gust 103 knots (200 feet high).  10 S Harold, peak gust 78 knots.  10 N Mary Esther, peak gust 75 knots.  5 NE Seminole, peak gust 75 knots.
Some of the lowest sea level pressures were as follows: In Alabama: Fairhope 947.9 MB.  Mobile Regional Airport 964.4 MB.  Brookley Field (Mobile) 956.0 MB.  Semmes 967.5 MB. Dauphin Island 952.7 MB.
In Florida: Pensacola Regional Airport 970.2 MB. Pensacola Naval Air Station 965.8 MB. 5 S Harold 981.4 MB.
Two day rainfall totals ending at midnight on September 16 were as follows:  In Alabama: Mobile Regional Airport (MOB) 5.56 inches. Coden 6.30 inches. Evergreen 7.25 inches. Alberta 6.85 inches. Semmes 5.00 inches. Daphne 7.5 inches. Andalusia 9.96 inches. 2 S Mobile 9.90 inches. Silverhill 10.16 inches. Robertsdale 9.35 inches. Spanish Fort 8.00 inches.
In Florida: Pensacola Naval Air Station (NPA) 8.00 inches. Pensacola (WEAR TV) 15.79 inches. Crestview 8.40 inches. Fort Walton Beach 6.06 inches. Munson 6.5 inches. Niceville 6.55 inches.  Eglin Air Force Base (VPS) 7.43 inches. 10 S Mossy Head 8.92 inches.
Storm surge values along the coast from Baldwin county east to Santa Rosa county were the highest observed in over a hundred years of record keeping .  The high surge values of 10 to 14 feet caused extensive damage to homes and condos located along the Gulf beachfront, as well as along the shoreline of area inland waterways.  Dauphin Island had several areas that were breached by the high surge.  There was less damage on Dauphin Island than with Hurricane Frederic in 1979, even with the extensive building that has occurred on the island since 1979.  In Baldwin county, the coastal areas from Fort Morgan to Gulf Shores to Orange Beach saw the worst damage from a hurricane in over a hundred years.  This area has seen rapid development in the past 20 years and it seemed that the homes and condo's constructed in the past five years held up better than homes that were constructed earlier.  Surge values were estimated between nine and twelve feet along the Baldwin county coastline, and the beach was breached at several locations.   No one died as a result of storm surge in Baldwin county.
In Escambia county Florida, surge values were estimated at ten to fourteen feet.  These coastal areas were the hardest hit, with major damage occurring from Perdido Key to Pensacola Beach.  Almost every structure that was on the waterfront in Escambia county suffered some degree of damage.  Generally, if the property elevation was below fifteen feet, water flooded the property.  Property that was on Perdido Bay, Big Lagoon, Bayou Grande, Pensacola Bay and Escambia Bay suffered major damage.  Many homes were completely washed away by the high surge.  Almost all of the deaths directly attributed to Ivan in Escambia County were surge related, and occurred near Big Lagoon.   The beach area from Perdido Key to Pensacola Beach was breached in several places.  Fort Pickens was cut off and isolated from the rest of  Pensacola Beach as a result of several breaches.  The highest surge values observed during the storm were in the upper reaches of Escambia Bay.  The surge, and accompanying wind waves, damaged the I-10 bridge across Escambia Bay.  A trucker died on the bridge when his truck plummeted off a bridge section that had been displaced by the surge. Pensacola Naval Air Station, which is located on Pensacola Bay across from Fort Pickens, suffered major damage to structures that were located on the water.  Many of the structures had been built in the late 1800's, and had been through several other hurricanes with only minor damage.   In Santa Rosa county, surge values were between nine and twelve feet.  Navarre Beach had several breaches, and major damage occurred to almost all structures that were on the Gulf front.   Major damage also occurred along the shores of Gulf Breeze and along Blackwater Bay. Some of the highest surge values in Santa Rosa county were near Ward Basin.  Surge values across most locations east of where the center of the hurricane moved ashore were higher than those of hurricane George in 1998.  As in Escambia county, almost every structure that was on the water in Santa Rosa county suffered some type of damage.  In Okaloosa county surge values were six to nine feet.  Structures that were located on or near the beach suffered major damage.  Farther to the east, storm surge values dropped off, but the wave action essentially destroyed the beach, with four to eight feet of the sand eroded away.  Low lying structures on Choctawatchee Bay also suffered major damage.  US Highway 98 between Fort Walton and Destin was again washed away.  Structures near the beach that were part of Eglin Air Force Base also suffered major damage.
The following surge values were measured in Alabama: Middle Gage at Bayou LaBatre 4.66 feet. Mobile Bay at Cedar Point 6.90 feet. Dauphin Island Bay at Dauphin Island 7.80 feet.  Mobile Bay at Dauphin Island Coast Guard 8.00 feet. Mobile River at Mobile 4.87 feet. Mobile River at Bucks 6.82 feet. Mobile Bay at Fort Morgan Front Range 7.85 feet. Perdido Pass at Orange Beach 8.81 feet.
The following surge values were measured in Northwest Florida; Perdido Bay near US Highway 98 estimated 10.00 feet. GIWW at Pensacola Gulf Beach 9.68 feet. Pensacola Bay at Fort McRee 9.70 feet. Pensacola Bay at Pensacola 10.20 feet. Escambia Bay West Bank at Highway 90 12.92 feet. Escambia Bay West Bank 1.5 miles north of I-10 12.12 feet.  Escambia Bay near Pace estimated 12.00 feet. GIWW at Gulf Breeze 10.30 feet. Pensacola Beach Fire Station estimated 12 feet. Yellow River near Milton 9.66 feet. Fort Walton Brooks Bridge 6.12 feet. Destin at Choctawatchee Bay Coast Guard 5.39 feet.
As Ivan moved ashore during the morning hours of September 16th, the winds caused major damage to trees along and east of the track of the storm.  Hurricane force winds were felt across the entire area, including all inland counties.  Most of the area probably had hurricane force winds for two to four hours.  This caused 100 year old trees to break due to the constant force from the strong winds.  Many of the trees fell on homes and vehicles and damaged them.  While some structural wind damage would have been expected, most of the major structural damage that occurred over inland areas would not have been as substantial if it had not been for fallen trees.  It was estimated that in Alabama over $500,000,000 damage was done to timber,  with an additional estimate of $250,000,000 in Escambia, Santa Rosa and Okaloosa counties in Florida.  Power was out for a week or more across the inland areas due to trees across lines.  
Along the immediate coast, power was not restored for an additional several weeks, until much of the infrastructure was rebuilt.
It was estimated that six weak tornadoes occurred across the area during the afternoon and early evening of September 15th as Ivan neared the coast.  These weak tornadoes occurred in Escambia and Santa Rosa counties in Florida, and in Baldwin, Escambia and Conecuh in Alabama and produced only minor damages.   
Seven deaths were directly related to Ivan.  Six of these were in Escambia county with one in Santa Rosa county.  In Escambia county Florida: Five people (three women and two males) drowned at different locations around Grand Lagoon as the surge inundated the area.  A male drowned after his truck ran off the damaged I-10 bridge.   In Santa Rosa county, a young female died when a tree fell on their manufactured home and killed her.  
Sixteen deaths were indirectly related to Ivan.  In Escambia county Florida: A 78 year old female died of a heart attack in a shelter just before Ivan moved ashore.  A 7 year old boy was killed as he was watching someone remove a tree and a large limb fell on him.   A 58 year old  female died when she was overcome by fumes from a generator that was not properly ventilated.  A 41 year old male died in a traffic accident at an intersection with no power and no stop lights.  A 83 year old male fell off a roof while repairing damage from Ivan.  A 63 year old male fell out of a tree in Escambia county Alabama and was taken to a Pensacola hospital where he later died from injuries sustained in the fall.  A 40 year old male died when a tree fell on him.  In Santa Rosa county: A 67 year old male died of a heart attack preparing for Ivan.  A 76 year old male died of a heart attack.  A 56 year old male died of a heart attack cleaning up days after the storm.  In Okaloosa county: A 54 year old female died of a heart attack when emergency crews could not get to her due to the storm.  A 51 year old male died of a heart attack.  A 50 year old female died days after Ivan from a drug overdose due to depression cause by the storm.  
In Covington county a 75 year old female died from a fire caused by a candle used for light after the storm.  In Conecuh county a 34 year old male died from a car accident when he hit debris still in the road from the storm.  In Mobile county a 59 year old male died when a tree fell on him after the storm.
Agriculture interests suffered a major blow from Ivan with most of the soybean and pecan crop destroyed.  The cotton crop also suffered damage but not as bad as that of the soybean and pecan crop.  
Ivan will be remembered as being one of the most damaging hurricanes to affect the coastal counties of Baldwin, Escambia and Santa Rosa in modern history.  It will also be remembered as one of  the most damaging hurricanes to affect the inland counties of Escambia, Clarke, Monroe, Conecuh and Butler  in southwest Alabama."	226
5422305	COASTAL SANTA ROSA (ZONE)	 	9/13/2004	2100	Hurricane (Typhoon)	 	 	1	0	0	0	FL	CST	 	1179851	Z	4	MOB	0	0	NWS STORM SURVEY	 	 	 	 	 	 	 	 	9/16/2004	1500	 	 	 	 		See the narrative on Hurricane Ivan under Alabama, Southwest, September 13-16 ,2004.  Ivan will be remembered as one of the most damaging hurricanes to affect  the extreme western Florida panhandle in modern history.  The $4 billion in property damage is an estimate, but the final figure could be as low as $2.5 billion or as high as $7 billion.	227
5422304	COASTAL OKALOOSA (ZONE)	 	9/13/2004	2100	Hurricane (Typhoon)	 	 	0	0	0	0	FL	CST	 	1179851	Z	6	MOB	0	0	NWS STORM SURVEY	 	 	 	 	 	 	 	 	9/16/2004	1500	 	 	 	 		See the narrative on Hurricane Ivan under Alabama, Southwest, September 13-16 ,2004.  Ivan will be remembered as one of the most damaging hurricanes to affect  the extreme western Florida panhandle in modern history.  The $4 billion in property damage is an estimate, but the final figure could be as low as $2.5 billion or as high as $7 billion.	228
5422303	COASTAL ESCAMBIA (ZONE)	 	9/13/2004	2100	Hurricane (Typhoon)	 	 	6	0	4000000000	25000000	FL	CST	 	1179851	Z	2	MOB	0	0	NWS STORM SURVEY	 	 	 	 	 	 	 	 	9/16/2004	1500	 	 	 	 		See the narrative on Hurricane Ivan under Alabama, Southwest, September 13-16 ,2004.  Ivan will be remembered as one of the most damaging hurricanes to affect  the extreme western Florida panhandle in modern history.  The $4 billion in property damage is an estimate, but the final figure could be as low as $2.5 billion or as high as $7 billion.	229
5422302	WILCOX (ZONE)	 	9/13/2004	2100	Hurricane (Typhoon)	 	 	0	0	0	0	AL	CST	 	1179850	Z	54	MOB	0	0	OFFICIAL NWS OBS.	 	 	 	 	 	 	 	 	9/16/2004	1500	 	 	 	 		"Hurricane Ivan affected the region from September 13 through the 16th.  The coastal areas were put under a hurricane watch at 900 PM CST on September 13.  The area was put under a hurricane warning at 300 PM CST on September 14.  The hurricane warning was dropped at 900 AM CST on September 16 and we were put under a tropical storm warning.  The tropical storm warning was dropped at 300 PM CST on September 16.  
Ivan made landfall around 100 AM CST near Gulf Shores, Alabama on September 16.   An interesting note, as Ivan approached the Alabama coast during the day on the 15th, a buoy just south of the Alabama coastal waters recorded a peak wave height of 52 feet, before breaking loose of its mooring.  This was one of the highest wave heights ever observed.
Some of the winds recorded across Southwest Alabama were as follows:  Mobile Regional Airport, sustained wind of 51 knots from the north with a peak gust of 65 knots from the north northeast.  Dauphin Island, sustained wind of 61 knots from the east with a gust of 89 knots from the northeast. USS Alabama, located off the Mobile Bay causeway,  peak gust 91 knots (site is more than 100 feet high). Fairhope, peak gust 63 knots.  Semmes, peak gust 51 knots.  Grand Bay, peak gust 62 knots.  WKRG in Mobile, peak gust 64 knots.  Wallace Tunnel in Mobile, peak gust 51 knots. Gulf Shores Airport, sustained winds 73 knots with a peak gust of 100 knots (Doppler on Wheels site).  Fairhope, sustained wind 59 knots with a peak gust of 77 knots (Doppler on wheels). 
Some of the winds across Northwest Florida were as follows:  Pensacola Naval Air Station, sustained wind of 76 knots from the southeast with a gust of 93 knots from the southeast.  Pensacola Regional Airport, sustained wind of 67 knots from the southeast with a peak gust of 87 knots. West Pensacola, peak gust 84 knots.  Pensacola, sustained wind 70 knots with a peak gust of 92 knots (Doppler on wheels).  Pace, sustained wind of 73 knots with a peak gust of 87 knots (Air Products location - about 160 feet high). Escambia county EMA office peak gust 90 knots. Eglin Air Force Base sites; 2 SW of Mary Esther, peak gust 103 knots (200 feet high).  10 S Harold, peak gust 78 knots.  10 N Mary Esther, peak gust 75 knots.  5 NE Seminole, peak gust 75 knots.
Some of the lowest sea level pressures were as follows: In Alabama: Fairhope 947.9 MB.  Mobile Regional Airport 964.4 MB.  Brookley Field (Mobile) 956.0 MB.  Semmes 967.5 MB. Dauphin Island 952.7 MB.
In Florida: Pensacola Regional Airport 970.2 MB. Pensacola Naval Air Station 965.8 MB. 5 S Harold 981.4 MB.
Two day rainfall totals ending at midnight on September 16 were as follows:  In Alabama: Mobile Regional Airport (MOB) 5.56 inches. Coden 6.30 inches. Evergreen 7.25 inches. Alberta 6.85 inches. Semmes 5.00 inches. Daphne 7.5 inches. Andalusia 9.96 inches. 2 S Mobile 9.90 inches. Silverhill 10.16 inches. Robertsdale 9.35 inches. Spanish Fort 8.00 inches.
In Florida: Pensacola Naval Air Station (NPA) 8.00 inches. Pensacola (WEAR TV) 15.79 inches. Crestview 8.40 inches. Fort Walton Beach 6.06 inches. Munson 6.5 inches. Niceville 6.55 inches.  Eglin Air Force Base (VPS) 7.43 inches. 10 S Mossy Head 8.92 inches.
Storm surge values along the coast from Baldwin county east to Santa Rosa county were the highest observed in over a hundred years of record keeping .  The high surge values of 10 to 14 feet caused extensive damage to homes and condos located along the Gulf beachfront, as well as along the shoreline of area inland waterways.  Dauphin Island had several areas that were breached by the high surge.  There was less damage on Dauphin Island than with Hurricane Frederic in 1979, even with the extensive building that has occurred on the island since 1979.  In Baldwin county, the coastal areas from Fort Morgan to Gulf Shores to Orange Beach saw the worst damage from a hurricane in over a hundred years.  This area has seen rapid development in the past 20 years and it seemed that the homes and condo's constructed in the past five years held up better than homes that were constructed earlier.  Surge values were estimated between nine and twelve feet along the Baldwin county coastline, and the beach was breached at several locations.   No one died as a result of storm surge in Baldwin county.
In Escambia county Florida, surge values were estimated at ten to fourteen feet.  These coastal areas were the hardest hit, with major damage occurring from Perdido Key to Pensacola Beach.  Almost every structure that was on the waterfront in Escambia county suffered some degree of damage.  Generally, if the property elevation was below fifteen feet, water flooded the property.  Property that was on Perdido Bay, Big Lagoon, Bayou Grande, Pensacola Bay and Escambia Bay suffered major damage.  Many homes were completely washed away by the high surge.  Almost all of the deaths directly attributed to Ivan in Escambia County were surge related, and occurred near Big Lagoon.   The beach area from Perdido Key to Pensacola Beach was breached in several places.  Fort Pickens was cut off and isolated from the rest of  Pensacola Beach as a result of several breaches.  The highest surge values observed during the storm were in the upper reaches of Escambia Bay.  The surge, and accompanying wind waves, damaged the I-10 bridge across Escambia Bay.  A trucker died on the bridge when his truck plummeted off a bridge section that had been displaced by the surge. Pensacola Naval Air Station, which is located on Pensacola Bay across from Fort Pickens, suffered major damage to structures that were located on the water.  Many of the structures had been built in the late 1800's, and had been through several other hurricanes with only minor damage.   In Santa Rosa county, surge values were between nine and twelve feet.  Navarre Beach had several breaches, and major damage occurred to almost all structures that were on the Gulf front.   Major damage also occurred along the shores of Gulf Breeze and along Blackwater Bay. Some of the highest surge values in Santa Rosa county were near Ward Basin.  Surge values across most locations east of where the center of the hurricane moved ashore were higher than those of hurricane George in 1998.  As in Escambia county, almost every structure that was on the water in Santa Rosa county suffered some type of damage.  In Okaloosa county surge values were six to nine feet.  Structures that were located on or near the beach suffered major damage.  Farther to the east, storm surge values dropped off, but the wave action essentially destroyed the beach, with four to eight feet of the sand eroded away.  Low lying structures on Choctawatchee Bay also suffered major damage.  US Highway 98 between Fort Walton and Destin was again washed away.  Structures near the beach that were part of Eglin Air Force Base also suffered major damage.
The following surge values were measured in Alabama: Middle Gage at Bayou LaBatre 4.66 feet. Mobile Bay at Cedar Point 6.90 feet. Dauphin Island Bay at Dauphin Island 7.80 feet.  Mobile Bay at Dauphin Island Coast Guard 8.00 feet. Mobile River at Mobile 4.87 feet. Mobile River at Bucks 6.82 feet. Mobile Bay at Fort Morgan Front Range 7.85 feet. Perdido Pass at Orange Beach 8.81 feet.
The following surge values were measured in Northwest Florida; Perdido Bay near US Highway 98 estimated 10.00 feet. GIWW at Pensacola Gulf Beach 9.68 feet. Pensacola Bay at Fort McRee 9.70 feet. Pensacola Bay at Pensacola 10.20 feet. Escambia Bay West Bank at Highway 90 12.92 feet. Escambia Bay West Bank 1.5 miles north of I-10 12.12 feet.  Escambia Bay near Pace estimated 12.00 feet. GIWW at Gulf Breeze 10.30 feet. Pensacola Beach Fire Station estimated 12 feet. Yellow River near Milton 9.66 feet. Fort Walton Brooks Bridge 6.12 feet. Destin at Choctawatchee Bay Coast Guard 5.39 feet.
As Ivan moved ashore during the morning hours of September 16th, the winds caused major damage to trees along and east of the track of the storm.  Hurricane force winds were felt across the entire area, including all inland counties.  Most of the area probably had hurricane force winds for two to four hours.  This caused 100 year old trees to break due to the constant force from the strong winds.  Many of the trees fell on homes and vehicles and damaged them.  While some structural wind damage would have been expected, most of the major structural damage that occurred over inland areas would not have been as substantial if it had not been for fallen trees.  It was estimated that in Alabama over $500,000,000 damage was done to timber,  with an additional estimate of $250,000,000 in Escambia, Santa Rosa and Okaloosa counties in Florida.  Power was out for a week or more across the inland areas due to trees across lines.  
Along the immediate coast, power was not restored for an additional several weeks, until much of the infrastructure was rebuilt.
It was estimated that six weak tornadoes occurred across the area during the afternoon and early evening of September 15th as Ivan neared the coast.  These weak tornadoes occurred in Escambia and Santa Rosa counties in Florida, and in Baldwin, Escambia and Conecuh in Alabama and produced only minor damages.   
Seven deaths were directly related to Ivan.  Six of these were in Escambia county with one in Santa Rosa county.  In Escambia county Florida: Five people (three women and two males) drowned at different locations around Grand Lagoon as the surge inundated the area.  A male drowned after his truck ran off the damaged I-10 bridge.   In Santa Rosa county, a young female died when a tree fell on their manufactured home and killed her.  
Sixteen deaths were indirectly related to Ivan.  In Escambia county Florida: A 78 year old female died of a heart attack in a shelter just before Ivan moved ashore.  A 7 year old boy was killed as he was watching someone remove a tree and a large limb fell on him.   A 58 year old  female died when she was overcome by fumes from a generator that was not properly ventilated.  A 41 year old male died in a traffic accident at an intersection with no power and no stop lights.  A 83 year old male fell off a roof while repairing damage from Ivan.  A 63 year old male fell out of a tree in Escambia county Alabama and was taken to a Pensacola hospital where he later died from injuries sustained in the fall.  A 40 year old male died when a tree fell on him.  In Santa Rosa county: A 67 year old male died of a heart attack preparing for Ivan.  A 76 year old male died of a heart attack.  A 56 year old male died of a heart attack cleaning up days after the storm.  In Okaloosa county: A 54 year old female died of a heart attack when emergency crews could not get to her due to the storm.  A 51 year old male died of a heart attack.  A 50 year old female died days after Ivan from a drug overdose due to depression cause by the storm.  
In Covington county a 75 year old female died from a fire caused by a candle used for light after the storm.  In Conecuh county a 34 year old male died from a car accident when he hit debris still in the road from the storm.  In Mobile county a 59 year old male died when a tree fell on him after the storm.
Agriculture interests suffered a major blow from Ivan with most of the soybean and pecan crop destroyed.  The cotton crop also suffered damage but not as bad as that of the soybean and pecan crop.  
Ivan will be remembered as being one of the most damaging hurricanes to affect the coastal counties of Baldwin, Escambia and Santa Rosa in modern history.  It will also be remembered as one of  the most damaging hurricanes to affect the inland counties of Escambia, Clarke, Monroe, Conecuh and Butler  in southwest Alabama."	230
5422301	MONROE (ZONE)	 	9/13/2004	2100	Hurricane (Typhoon)	 	 	0	0	0	0	AL	CST	 	1179850	Z	55	MOB	0	0	OFFICIAL NWS OBS.	 	 	 	 	 	 	 	 	9/16/2004	1500	 	 	 	 		"Hurricane Ivan affected the region from September 13 through the 16th.  The coastal areas were put under a hurricane watch at 900 PM CST on September 13.  The area was put under a hurricane warning at 300 PM CST on September 14.  The hurricane warning was dropped at 900 AM CST on September 16 and we were put under a tropical storm warning.  The tropical storm warning was dropped at 300 PM CST on September 16.  
Ivan made landfall around 100 AM CST near Gulf Shores, Alabama on September 16.   An interesting note, as Ivan approached the Alabama coast during the day on the 15th, a buoy just south of the Alabama coastal waters recorded a peak wave height of 52 feet, before breaking loose of its mooring.  This was one of the highest wave heights ever observed.
Some of the winds recorded across Southwest Alabama were as follows:  Mobile Regional Airport, sustained wind of 51 knots from the north with a peak gust of 65 knots from the north northeast.  Dauphin Island, sustained wind of 61 knots from the east with a gust of 89 knots from the northeast. USS Alabama, located off the Mobile Bay causeway,  peak gust 91 knots (site is more than 100 feet high). Fairhope, peak gust 63 knots.  Semmes, peak gust 51 knots.  Grand Bay, peak gust 62 knots.  WKRG in Mobile, peak gust 64 knots.  Wallace Tunnel in Mobile, peak gust 51 knots. Gulf Shores Airport, sustained winds 73 knots with a peak gust of 100 knots (Doppler on Wheels site).  Fairhope, sustained wind 59 knots with a peak gust of 77 knots (Doppler on wheels). 
Some of the winds across Northwest Florida were as follows:  Pensacola Naval Air Station, sustained wind of 76 knots from the southeast with a gust of 93 knots from the southeast.  Pensacola Regional Airport, sustained wind of 67 knots from the southeast with a peak gust of 87 knots. West Pensacola, peak gust 84 knots.  Pensacola, sustained wind 70 knots with a peak gust of 92 knots (Doppler on wheels).  Pace, sustained wind of 73 knots with a peak gust of 87 knots (Air Products location - about 160 feet high). Escambia county EMA office peak gust 90 knots. Eglin Air Force Base sites; 2 SW of Mary Esther, peak gust 103 knots (200 feet high).  10 S Harold, peak gust 78 knots.  10 N Mary Esther, peak gust 75 knots.  5 NE Seminole, peak gust 75 knots.
Some of the lowest sea level pressures were as follows: In Alabama: Fairhope 947.9 MB.  Mobile Regional Airport 964.4 MB.  Brookley Field (Mobile) 956.0 MB.  Semmes 967.5 MB. Dauphin Island 952.7 MB.
In Florida: Pensacola Regional Airport 970.2 MB. Pensacola Naval Air Station 965.8 MB. 5 S Harold 981.4 MB.
Two day rainfall totals ending at midnight on September 16 were as follows:  In Alabama: Mobile Regional Airport (MOB) 5.56 inches. Coden 6.30 inches. Evergreen 7.25 inches. Alberta 6.85 inches. Semmes 5.00 inches. Daphne 7.5 inches. Andalusia 9.96 inches. 2 S Mobile 9.90 inches. Silverhill 10.16 inches. Robertsdale 9.35 inches. Spanish Fort 8.00 inches.
In Florida: Pensacola Naval Air Station (NPA) 8.00 inches. Pensacola (WEAR TV) 15.79 inches. Crestview 8.40 inches. Fort Walton Beach 6.06 inches. Munson 6.5 inches. Niceville 6.55 inches.  Eglin Air Force Base (VPS) 7.43 inches. 10 S Mossy Head 8.92 inches.
Storm surge values along the coast from Baldwin county east to Santa Rosa county were the highest observed in over a hundred years of record keeping .  The high surge values of 10 to 14 feet caused extensive damage to homes and condos located along the Gulf beachfront, as well as along the shoreline of area inland waterways.  Dauphin Island had several areas that were breached by the high surge.  There was less damage on Dauphin Island than with Hurricane Frederic in 1979, even with the extensive building that has occurred on the island since 1979.  In Baldwin county, the coastal areas from Fort Morgan to Gulf Shores to Orange Beach saw the worst damage from a hurricane in over a hundred years.  This area has seen rapid development in the past 20 years and it seemed that the homes and condo's constructed in the past five years held up better than homes that were constructed earlier.  Surge values were estimated between nine and twelve feet along the Baldwin county coastline, and the beach was breached at several locations.   No one died as a result of storm surge in Baldwin county.
In Escambia county Florida, surge values were estimated at ten to fourteen feet.  These coastal areas were the hardest hit, with major damage occurring from Perdido Key to Pensacola Beach.  Almost every structure that was on the waterfront in Escambia county suffered some degree of damage.  Generally, if the property elevation was below fifteen feet, water flooded the property.  Property that was on Perdido Bay, Big Lagoon, Bayou Grande, Pensacola Bay and Escambia Bay suffered major damage.  Many homes were completely washed away by the high surge.  Almost all of the deaths directly attributed to Ivan in Escambia County were surge related, and occurred near Big Lagoon.   The beach area from Perdido Key to Pensacola Beach was breached in several places.  Fort Pickens was cut off and isolated from the rest of  Pensacola Beach as a result of several breaches.  The highest surge values observed during the storm were in the upper reaches of Escambia Bay.  The surge, and accompanying wind waves, damaged the I-10 bridge across Escambia Bay.  A trucker died on the bridge when his truck plummeted off a bridge section that had been displaced by the surge. Pensacola Naval Air Station, which is located on Pensacola Bay across from Fort Pickens, suffered major damage to structures that were located on the water.  Many of the structures had been built in the late 1800's, and had been through several other hurricanes with only minor damage.   In Santa Rosa county, surge values were between nine and twelve feet.  Navarre Beach had several breaches, and major damage occurred to almost all structures that were on the Gulf front.   Major damage also occurred along the shores of Gulf Breeze and along Blackwater Bay. Some of the highest surge values in Santa Rosa county were near Ward Basin.  Surge values across most locations east of where the center of the hurricane moved ashore were higher than those of hurricane George in 1998.  As in Escambia county, almost every structure that was on the water in Santa Rosa county suffered some type of damage.  In Okaloosa county surge values were six to nine feet.  Structures that were located on or near the beach suffered major damage.  Farther to the east, storm surge values dropped off, but the wave action essentially destroyed the beach, with four to eight feet of the sand eroded away.  Low lying structures on Choctawatchee Bay also suffered major damage.  US Highway 98 between Fort Walton and Destin was again washed away.  Structures near the beach that were part of Eglin Air Force Base also suffered major damage.
The following surge values were measured in Alabama: Middle Gage at Bayou LaBatre 4.66 feet. Mobile Bay at Cedar Point 6.90 feet. Dauphin Island Bay at Dauphin Island 7.80 feet.  Mobile Bay at Dauphin Island Coast Guard 8.00 feet. Mobile River at Mobile 4.87 feet. Mobile River at Bucks 6.82 feet. Mobile Bay at Fort Morgan Front Range 7.85 feet. Perdido Pass at Orange Beach 8.81 feet.
The following surge values were measured in Northwest Florida; Perdido Bay near US Highway 98 estimated 10.00 feet. GIWW at Pensacola Gulf Beach 9.68 feet. Pensacola Bay at Fort McRee 9.70 feet. Pensacola Bay at Pensacola 10.20 feet. Escambia Bay West Bank at Highway 90 12.92 feet. Escambia Bay West Bank 1.5 miles north of I-10 12.12 feet.  Escambia Bay near Pace estimated 12.00 feet. GIWW at Gulf Breeze 10.30 feet. Pensacola Beach Fire Station estimated 12 feet. Yellow River near Milton 9.66 feet. Fort Walton Brooks Bridge 6.12 feet. Destin at Choctawatchee Bay Coast Guard 5.39 feet.
As Ivan moved ashore during the morning hours of September 16th, the winds caused major damage to trees along and east of the track of the storm.  Hurricane force winds were felt across the entire area, including all inland counties.  Most of the area probably had hurricane force winds for two to four hours.  This caused 100 year old trees to break due to the constant force from the strong winds.  Many of the trees fell on homes and vehicles and damaged them.  While some structural wind damage would have been expected, most of the major structural damage that occurred over inland areas would not have been as substantial if it had not been for fallen trees.  It was estimated that in Alabama over $500,000,000 damage was done to timber,  with an additional estimate of $250,000,000 in Escambia, Santa Rosa and Okaloosa counties in Florida.  Power was out for a week or more across the inland areas due to trees across lines.  
Along the immediate coast, power was not restored for an additional several weeks, until much of the infrastructure was rebuilt.
It was estimated that six weak tornadoes occurred across the area during the afternoon and early evening of September 15th as Ivan neared the coast.  These weak tornadoes occurred in Escambia and Santa Rosa counties in Florida, and in Baldwin, Escambia and Conecuh in Alabama and produced only minor damages.   
Seven deaths were directly related to Ivan.  Six of these were in Escambia county with one in Santa Rosa county.  In Escambia county Florida: Five people (three women and two males) drowned at different locations around Grand Lagoon as the surge inundated the area.  A male drowned after his truck ran off the damaged I-10 bridge.   In Santa Rosa county, a young female died when a tree fell on their manufactured home and killed her.  
Sixteen deaths were indirectly related to Ivan.  In Escambia county Florida: A 78 year old female died of a heart attack in a shelter just before Ivan moved ashore.  A 7 year old boy was killed as he was watching someone remove a tree and a large limb fell on him.   A 58 year old  female died when she was overcome by fumes from a generator that was not properly ventilated.  A 41 year old male died in a traffic accident at an intersection with no power and no stop lights.  A 83 year old male fell off a roof while repairing damage from Ivan.  A 63 year old male fell out of a tree in Escambia county Alabama and was taken to a Pensacola hospital where he later died from injuries sustained in the fall.  A 40 year old male died when a tree fell on him.  In Santa Rosa county: A 67 year old male died of a heart attack preparing for Ivan.  A 76 year old male died of a heart attack.  A 56 year old male died of a heart attack cleaning up days after the storm.  In Okaloosa county: A 54 year old female died of a heart attack when emergency crews could not get to her due to the storm.  A 51 year old male died of a heart attack.  A 50 year old female died days after Ivan from a drug overdose due to depression cause by the storm.  
In Covington county a 75 year old female died from a fire caused by a candle used for light after the storm.  In Conecuh county a 34 year old male died from a car accident when he hit debris still in the road from the storm.  In Mobile county a 59 year old male died when a tree fell on him after the storm.
Agriculture interests suffered a major blow from Ivan with most of the soybean and pecan crop destroyed.  The cotton crop also suffered damage but not as bad as that of the soybean and pecan crop.  
Ivan will be remembered as being one of the most damaging hurricanes to affect the coastal counties of Baldwin, Escambia and Santa Rosa in modern history.  It will also be remembered as one of  the most damaging hurricanes to affect the inland counties of Escambia, Clarke, Monroe, Conecuh and Butler  in southwest Alabama."	231
5422300	ESCAMBIA (ZONE)	 	9/13/2004	2100	Hurricane (Typhoon)	 	 	0	0	0	0	AL	CST	 	1179850	Z	59	MOB	0	0	OFFICIAL NWS OBS.	 	 	 	 	 	 	 	 	9/16/2004	1500	 	 	 	 		"Hurricane Ivan affected the region from September 13 through the 16th.  The coastal areas were put under a hurricane watch at 900 PM CST on September 13.  The area was put under a hurricane warning at 300 PM CST on September 14.  The hurricane warning was dropped at 900 AM CST on September 16 and we were put under a tropical storm warning.  The tropical storm warning was dropped at 300 PM CST on September 16.  
Ivan made landfall around 100 AM CST near Gulf Shores, Alabama on September 16.   An interesting note, as Ivan approached the Alabama coast during the day on the 15th, a buoy just south of the Alabama coastal waters recorded a peak wave height of 52 feet, before breaking loose of its mooring.  This was one of the highest wave heights ever observed.
Some of the winds recorded across Southwest Alabama were as follows:  Mobile Regional Airport, sustained wind of 51 knots from the north with a peak gust of 65 knots from the north northeast.  Dauphin Island, sustained wind of 61 knots from the east with a gust of 89 knots from the northeast. USS Alabama, located off the Mobile Bay causeway,  peak gust 91 knots (site is more than 100 feet high). Fairhope, peak gust 63 knots.  Semmes, peak gust 51 knots.  Grand Bay, peak gust 62 knots.  WKRG in Mobile, peak gust 64 knots.  Wallace Tunnel in Mobile, peak gust 51 knots. Gulf Shores Airport, sustained winds 73 knots with a peak gust of 100 knots (Doppler on Wheels site).  Fairhope, sustained wind 59 knots with a peak gust of 77 knots (Doppler on wheels). 
Some of the winds across Northwest Florida were as follows:  Pensacola Naval Air Station, sustained wind of 76 knots from the southeast with a gust of 93 knots from the southeast.  Pensacola Regional Airport, sustained wind of 67 knots from the southeast with a peak gust of 87 knots. West Pensacola, peak gust 84 knots.  Pensacola, sustained wind 70 knots with a peak gust of 92 knots (Doppler on wheels).  Pace, sustained wind of 73 knots with a peak gust of 87 knots (Air Products location - about 160 feet high). Escambia county EMA office peak gust 90 knots. Eglin Air Force Base sites; 2 SW of Mary Esther, peak gust 103 knots (200 feet high).  10 S Harold, peak gust 78 knots.  10 N Mary Esther, peak gust 75 knots.  5 NE Seminole, peak gust 75 knots.
Some of the lowest sea level pressures were as follows: In Alabama: Fairhope 947.9 MB.  Mobile Regional Airport 964.4 MB.  Brookley Field (Mobile) 956.0 MB.  Semmes 967.5 MB. Dauphin Island 952.7 MB.
In Florida: Pensacola Regional Airport 970.2 MB. Pensacola Naval Air Station 965.8 MB. 5 S Harold 981.4 MB.
Two day rainfall totals ending at midnight on September 16 were as follows:  In Alabama: Mobile Regional Airport (MOB) 5.56 inches. Coden 6.30 inches. Evergreen 7.25 inches. Alberta 6.85 inches. Semmes 5.00 inches. Daphne 7.5 inches. Andalusia 9.96 inches. 2 S Mobile 9.90 inches. Silverhill 10.16 inches. Robertsdale 9.35 inches. Spanish Fort 8.00 inches.
In Florida: Pensacola Naval Air Station (NPA) 8.00 inches. Pensacola (WEAR TV) 15.79 inches. Crestview 8.40 inches. Fort Walton Beach 6.06 inches. Munson 6.5 inches. Niceville 6.55 inches.  Eglin Air Force Base (VPS) 7.43 inches. 10 S Mossy Head 8.92 inches.
Storm surge values along the coast from Baldwin county east to Santa Rosa county were the highest observed in over a hundred years of record keeping .  The high surge values of 10 to 14 feet caused extensive damage to homes and condos located along the Gulf beachfront, as well as along the shoreline of area inland waterways.  Dauphin Island had several areas that were breached by the high surge.  There was less damage on Dauphin Island than with Hurricane Frederic in 1979, even with the extensive building that has occurred on the island since 1979.  In Baldwin county, the coastal areas from Fort Morgan to Gulf Shores to Orange Beach saw the worst damage from a hurricane in over a hundred years.  This area has seen rapid development in the past 20 years and it seemed that the homes and condo's constructed in the past five years held up better than homes that were constructed earlier.  Surge values were estimated between nine and twelve feet along the Baldwin county coastline, and the beach was breached at several locations.   No one died as a result of storm surge in Baldwin county.
In Escambia county Florida, surge values were estimated at ten to fourteen feet.  These coastal areas were the hardest hit, with major damage occurring from Perdido Key to Pensacola Beach.  Almost every structure that was on the waterfront in Escambia county suffered some degree of damage.  Generally, if the property elevation was below fifteen feet, water flooded the property.  Property that was on Perdido Bay, Big Lagoon, Bayou Grande, Pensacola Bay and Escambia Bay suffered major damage.  Many homes were completely washed away by the high surge.  Almost all of the deaths directly attributed to Ivan in Escambia County were surge related, and occurred near Big Lagoon.   The beach area from Perdido Key to Pensacola Beach was breached in several places.  Fort Pickens was cut off and isolated from the rest of  Pensacola Beach as a result of several breaches.  The highest surge values observed during the storm were in the upper reaches of Escambia Bay.  The surge, and accompanying wind waves, damaged the I-10 bridge across Escambia Bay.  A trucker died on the bridge when his truck plummeted off a bridge section that had been displaced by the surge. Pensacola Naval Air Station, which is located on Pensacola Bay across from Fort Pickens, suffered major damage to structures that were located on the water.  Many of the structures had been built in the late 1800's, and had been through several other hurricanes with only minor damage.   In Santa Rosa county, surge values were between nine and twelve feet.  Navarre Beach had several breaches, and major damage occurred to almost all structures that were on the Gulf front.   Major damage also occurred along the shores of Gulf Breeze and along Blackwater Bay. Some of the highest surge values in Santa Rosa county were near Ward Basin.  Surge values across most locations east of where the center of the hurricane moved ashore were higher than those of hurricane George in 1998.  As in Escambia county, almost every structure that was on the water in Santa Rosa county suffered some type of damage.  In Okaloosa county surge values were six to nine feet.  Structures that were located on or near the beach suffered major damage.  Farther to the east, storm surge values dropped off, but the wave action essentially destroyed the beach, with four to eight feet of the sand eroded away.  Low lying structures on Choctawatchee Bay also suffered major damage.  US Highway 98 between Fort Walton and Destin was again washed away.  Structures near the beach that were part of Eglin Air Force Base also suffered major damage.
The following surge values were measured in Alabama: Middle Gage at Bayou LaBatre 4.66 feet. Mobile Bay at Cedar Point 6.90 feet. Dauphin Island Bay at Dauphin Island 7.80 feet.  Mobile Bay at Dauphin Island Coast Guard 8.00 feet. Mobile River at Mobile 4.87 feet. Mobile River at Bucks 6.82 feet. Mobile Bay at Fort Morgan Front Range 7.85 feet. Perdido Pass at Orange Beach 8.81 feet.
The following surge values were measured in Northwest Florida; Perdido Bay near US Highway 98 estimated 10.00 feet. GIWW at Pensacola Gulf Beach 9.68 feet. Pensacola Bay at Fort McRee 9.70 feet. Pensacola Bay at Pensacola 10.20 feet. Escambia Bay West Bank at Highway 90 12.92 feet. Escambia Bay West Bank 1.5 miles north of I-10 12.12 feet.  Escambia Bay near Pace estimated 12.00 feet. GIWW at Gulf Breeze 10.30 feet. Pensacola Beach Fire Station estimated 12 feet. Yellow River near Milton 9.66 feet. Fort Walton Brooks Bridge 6.12 feet. Destin at Choctawatchee Bay Coast Guard 5.39 feet.
As Ivan moved ashore during the morning hours of September 16th, the winds caused major damage to trees along and east of the track of the storm.  Hurricane force winds were felt across the entire area, including all inland counties.  Most of the area probably had hurricane force winds for two to four hours.  This caused 100 year old trees to break due to the constant force from the strong winds.  Many of the trees fell on homes and vehicles and damaged them.  While some structural wind damage would have been expected, most of the major structural damage that occurred over inland areas would not have been as substantial if it had not been for fallen trees.  It was estimated that in Alabama over $500,000,000 damage was done to timber,  with an additional estimate of $250,000,000 in Escambia, Santa Rosa and Okaloosa counties in Florida.  Power was out for a week or more across the inland areas due to trees across lines.  
Along the immediate coast, power was not restored for an additional several weeks, until much of the infrastructure was rebuilt.
It was estimated that six weak tornadoes occurred across the area during the afternoon and early evening of September 15th as Ivan neared the coast.  These weak tornadoes occurred in Escambia and Santa Rosa counties in Florida, and in Baldwin, Escambia and Conecuh in Alabama and produced only minor damages.   
Seven deaths were directly related to Ivan.  Six of these were in Escambia county with one in Santa Rosa county.  In Escambia county Florida: Five people (three women and two males) drowned at different locations around Grand Lagoon as the surge inundated the area.  A male drowned after his truck ran off the damaged I-10 bridge.   In Santa Rosa county, a young female died when a tree fell on their manufactured home and killed her.  
Sixteen deaths were indirectly related to Ivan.  In Escambia county Florida: A 78 year old female died of a heart attack in a shelter just before Ivan moved ashore.  A 7 year old boy was killed as he was watching someone remove a tree and a large limb fell on him.   A 58 year old  female died when she was overcome by fumes from a generator that was not properly ventilated.  A 41 year old male died in a traffic accident at an intersection with no power and no stop lights.  A 83 year old male fell off a roof while repairing damage from Ivan.  A 63 year old male fell out of a tree in Escambia county Alabama and was taken to a Pensacola hospital where he later died from injuries sustained in the fall.  A 40 year old male died when a tree fell on him.  In Santa Rosa county: A 67 year old male died of a heart attack preparing for Ivan.  A 76 year old male died of a heart attack.  A 56 year old male died of a heart attack cleaning up days after the storm.  In Okaloosa county: A 54 year old female died of a heart attack when emergency crews could not get to her due to the storm.  A 51 year old male died of a heart attack.  A 50 year old female died days after Ivan from a drug overdose due to depression cause by the storm.  
In Covington county a 75 year old female died from a fire caused by a candle used for light after the storm.  In Conecuh county a 34 year old male died from a car accident when he hit debris still in the road from the storm.  In Mobile county a 59 year old male died when a tree fell on him after the storm.
Agriculture interests suffered a major blow from Ivan with most of the soybean and pecan crop destroyed.  The cotton crop also suffered damage but not as bad as that of the soybean and pecan crop.  
Ivan will be remembered as being one of the most damaging hurricanes to affect the coastal counties of Baldwin, Escambia and Santa Rosa in modern history.  It will also be remembered as one of  the most damaging hurricanes to affect the inland counties of Escambia, Clarke, Monroe, Conecuh and Butler  in southwest Alabama."	232
5422299	CRENSHAW (ZONE)	 	9/13/2004	2100	Hurricane (Typhoon)	 	 	0	0	0	0	AL	CST	 	1179850	Z	58	MOB	0	0	OFFICIAL NWS OBS.	 	 	 	 	 	 	 	 	9/16/2004	1500	 	 	 	 		"Hurricane Ivan affected the region from September 13 through the 16th.  The coastal areas were put under a hurricane watch at 900 PM CST on September 13.  The area was put under a hurricane warning at 300 PM CST on September 14.  The hurricane warning was dropped at 900 AM CST on September 16 and we were put under a tropical storm warning.  The tropical storm warning was dropped at 300 PM CST on September 16.  
Ivan made landfall around 100 AM CST near Gulf Shores, Alabama on September 16.   An interesting note, as Ivan approached the Alabama coast during the day on the 15th, a buoy just south of the Alabama coastal waters recorded a peak wave height of 52 feet, before breaking loose of its mooring.  This was one of the highest wave heights ever observed.
Some of the winds recorded across Southwest Alabama were as follows:  Mobile Regional Airport, sustained wind of 51 knots from the north with a peak gust of 65 knots from the north northeast.  Dauphin Island, sustained wind of 61 knots from the east with a gust of 89 knots from the northeast. USS Alabama, located off the Mobile Bay causeway,  peak gust 91 knots (site is more than 100 feet high). Fairhope, peak gust 63 knots.  Semmes, peak gust 51 knots.  Grand Bay, peak gust 62 knots.  WKRG in Mobile, peak gust 64 knots.  Wallace Tunnel in Mobile, peak gust 51 knots. Gulf Shores Airport, sustained winds 73 knots with a peak gust of 100 knots (Doppler on Wheels site).  Fairhope, sustained wind 59 knots with a peak gust of 77 knots (Doppler on wheels). 
Some of the winds across Northwest Florida were as follows:  Pensacola Naval Air Station, sustained wind of 76 knots from the southeast with a gust of 93 knots from the southeast.  Pensacola Regional Airport, sustained wind of 67 knots from the southeast with a peak gust of 87 knots. West Pensacola, peak gust 84 knots.  Pensacola, sustained wind 70 knots with a peak gust of 92 knots (Doppler on wheels).  Pace, sustained wind of 73 knots with a peak gust of 87 knots (Air Products location - about 160 feet high). Escambia county EMA office peak gust 90 knots. Eglin Air Force Base sites; 2 SW of Mary Esther, peak gust 103 knots (200 feet high).  10 S Harold, peak gust 78 knots.  10 N Mary Esther, peak gust 75 knots.  5 NE Seminole, peak gust 75 knots.
Some of the lowest sea level pressures were as follows: In Alabama: Fairhope 947.9 MB.  Mobile Regional Airport 964.4 MB.  Brookley Field (Mobile) 956.0 MB.  Semmes 967.5 MB. Dauphin Island 952.7 MB.
In Florida: Pensacola Regional Airport 970.2 MB. Pensacola Naval Air Station 965.8 MB. 5 S Harold 981.4 MB.
Two day rainfall totals ending at midnight on September 16 were as follows:  In Alabama: Mobile Regional Airport (MOB) 5.56 inches. Coden 6.30 inches. Evergreen 7.25 inches. Alberta 6.85 inches. Semmes 5.00 inches. Daphne 7.5 inches. Andalusia 9.96 inches. 2 S Mobile 9.90 inches. Silverhill 10.16 inches. Robertsdale 9.35 inches. Spanish Fort 8.00 inches.
In Florida: Pensacola Naval Air Station (NPA) 8.00 inches. Pensacola (WEAR TV) 15.79 inches. Crestview 8.40 inches. Fort Walton Beach 6.06 inches. Munson 6.5 inches. Niceville 6.55 inches.  Eglin Air Force Base (VPS) 7.43 inches. 10 S Mossy Head 8.92 inches.
Storm surge values along the coast from Baldwin county east to Santa Rosa county were the highest observed in over a hundred years of record keeping .  The high surge values of 10 to 14 feet caused extensive damage to homes and condos located along the Gulf beachfront, as well as along the shoreline of area inland waterways.  Dauphin Island had several areas that were breached by the high surge.  There was less damage on Dauphin Island than with Hurricane Frederic in 1979, even with the extensive building that has occurred on the island since 1979.  In Baldwin county, the coastal areas from Fort Morgan to Gulf Shores to Orange Beach saw the worst damage from a hurricane in over a hundred years.  This area has seen rapid development in the past 20 years and it seemed that the homes and condo's constructed in the past five years held up better than homes that were constructed earlier.  Surge values were estimated between nine and twelve feet along the Baldwin county coastline, and the beach was breached at several locations.   No one died as a result of storm surge in Baldwin county.
In Escambia county Florida, surge values were estimated at ten to fourteen feet.  These coastal areas were the hardest hit, with major damage occurring from Perdido Key to Pensacola Beach.  Almost every structure that was on the waterfront in Escambia county suffered some degree of damage.  Generally, if the property elevation was below fifteen feet, water flooded the property.  Property that was on Perdido Bay, Big Lagoon, Bayou Grande, Pensacola Bay and Escambia Bay suffered major damage.  Many homes were completely washed away by the high surge.  Almost all of the deaths directly attributed to Ivan in Escambia County were surge related, and occurred near Big Lagoon.   The beach area from Perdido Key to Pensacola Beach was breached in several places.  Fort Pickens was cut off and isolated from the rest of  Pensacola Beach as a result of several breaches.  The highest surge values observed during the storm were in the upper reaches of Escambia Bay.  The surge, and accompanying wind waves, damaged the I-10 bridge across Escambia Bay.  A trucker died on the bridge when his truck plummeted off a bridge section that had been displaced by the surge. Pensacola Naval Air Station, which is located on Pensacola Bay across from Fort Pickens, suffered major damage to structures that were located on the water.  Many of the structures had been built in the late 1800's, and had been through several other hurricanes with only minor damage.   In Santa Rosa county, surge values were between nine and twelve feet.  Navarre Beach had several breaches, and major damage occurred to almost all structures that were on the Gulf front.   Major damage also occurred along the shores of Gulf Breeze and along Blackwater Bay. Some of the highest surge values in Santa Rosa county were near Ward Basin.  Surge values across most locations east of where the center of the hurricane moved ashore were higher than those of hurricane George in 1998.  As in Escambia county, almost every structure that was on the water in Santa Rosa county suffered some type of damage.  In Okaloosa county surge values were six to nine feet.  Structures that were located on or near the beach suffered major damage.  Farther to the east, storm surge values dropped off, but the wave action essentially destroyed the beach, with four to eight feet of the sand eroded away.  Low lying structures on Choctawatchee Bay also suffered major damage.  US Highway 98 between Fort Walton and Destin was again washed away.  Structures near the beach that were part of Eglin Air Force Base also suffered major damage.
The following surge values were measured in Alabama: Middle Gage at Bayou LaBatre 4.66 feet. Mobile Bay at Cedar Point 6.90 feet. Dauphin Island Bay at Dauphin Island 7.80 feet.  Mobile Bay at Dauphin Island Coast Guard 8.00 feet. Mobile River at Mobile 4.87 feet. Mobile River at Bucks 6.82 feet. Mobile Bay at Fort Morgan Front Range 7.85 feet. Perdido Pass at Orange Beach 8.81 feet.
The following surge values were measured in Northwest Florida; Perdido Bay near US Highway 98 estimated 10.00 feet. GIWW at Pensacola Gulf Beach 9.68 feet. Pensacola Bay at Fort McRee 9.70 feet. Pensacola Bay at Pensacola 10.20 feet. Escambia Bay West Bank at Highway 90 12.92 feet. Escambia Bay West Bank 1.5 miles north of I-10 12.12 feet.  Escambia Bay near Pace estimated 12.00 feet. GIWW at Gulf Breeze 10.30 feet. Pensacola Beach Fire Station estimated 12 feet. Yellow River near Milton 9.66 feet. Fort Walton Brooks Bridge 6.12 feet. Destin at Choctawatchee Bay Coast Guard 5.39 feet.
As Ivan moved ashore during the morning hours of September 16th, the winds caused major damage to trees along and east of the track of the storm.  Hurricane force winds were felt across the entire area, including all inland counties.  Most of the area probably had hurricane force winds for two to four hours.  This caused 100 year old trees to break due to the constant force from the strong winds.  Many of the trees fell on homes and vehicles and damaged them.  While some structural wind damage would have been expected, most of the major structural damage that occurred over inland areas would not have been as substantial if it had not been for fallen trees.  It was estimated that in Alabama over $500,000,000 damage was done to timber,  with an additional estimate of $250,000,000 in Escambia, Santa Rosa and Okaloosa counties in Florida.  Power was out for a week or more across the inland areas due to trees across lines.  
Along the immediate coast, power was not restored for an additional several weeks, until much of the infrastructure was rebuilt.
It was estimated that six weak tornadoes occurred across the area during the afternoon and early evening of September 15th as Ivan neared the coast.  These weak tornadoes occurred in Escambia and Santa Rosa counties in Florida, and in Baldwin, Escambia and Conecuh in Alabama and produced only minor damages.   
Seven deaths were directly related to Ivan.  Six of these were in Escambia county with one in Santa Rosa county.  In Escambia county Florida: Five people (three women and two males) drowned at different locations around Grand Lagoon as the surge inundated the area.  A male drowned after his truck ran off the damaged I-10 bridge.   In Santa Rosa county, a young female died when a tree fell on their manufactured home and killed her.  
Sixteen deaths were indirectly related to Ivan.  In Escambia county Florida: A 78 year old female died of a heart attack in a shelter just before Ivan moved ashore.  A 7 year old boy was killed as he was watching someone remove a tree and a large limb fell on him.   A 58 year old  female died when she was overcome by fumes from a generator that was not properly ventilated.  A 41 year old male died in a traffic accident at an intersection with no power and no stop lights.  A 83 year old male fell off a roof while repairing damage from Ivan.  A 63 year old male fell out of a tree in Escambia county Alabama and was taken to a Pensacola hospital where he later died from injuries sustained in the fall.  A 40 year old male died when a tree fell on him.  In Santa Rosa county: A 67 year old male died of a heart attack preparing for Ivan.  A 76 year old male died of a heart attack.  A 56 year old male died of a heart attack cleaning up days after the storm.  In Okaloosa county: A 54 year old female died of a heart attack when emergency crews could not get to her due to the storm.  A 51 year old male died of a heart attack.  A 50 year old female died days after Ivan from a drug overdose due to depression cause by the storm.  
In Covington county a 75 year old female died from a fire caused by a candle used for light after the storm.  In Conecuh county a 34 year old male died from a car accident when he hit debris still in the road from the storm.  In Mobile county a 59 year old male died when a tree fell on him after the storm.
Agriculture interests suffered a major blow from Ivan with most of the soybean and pecan crop destroyed.  The cotton crop also suffered damage but not as bad as that of the soybean and pecan crop.  
Ivan will be remembered as being one of the most damaging hurricanes to affect the coastal counties of Baldwin, Escambia and Santa Rosa in modern history.  It will also be remembered as one of  the most damaging hurricanes to affect the inland counties of Escambia, Clarke, Monroe, Conecuh and Butler  in southwest Alabama."	233
5422297	BUTLER (ZONE)	 	9/13/2004	2100	Hurricane (Typhoon)	 	 	0	0	0	0	AL	CST	 	1179850	Z	57	MOB	0	0	OFFICIAL NWS OBS.	 	 	 	 	 	 	 	 	9/16/2004	1500	 	 	 	 		"Hurricane Ivan affected the region from September 13 through the 16th.  The coastal areas were put under a hurricane watch at 900 PM CST on September 13.  The area was put under a hurricane warning at 300 PM CST on September 14.  The hurricane warning was dropped at 900 AM CST on September 16 and we were put under a tropical storm warning.  The tropical storm warning was dropped at 300 PM CST on September 16.  
Ivan made landfall around 100 AM CST near Gulf Shores, Alabama on September 16.   An interesting note, as Ivan approached the Alabama coast during the day on the 15th, a buoy just south of the Alabama coastal waters recorded a peak wave height of 52 feet, before breaking loose of its mooring.  This was one of the highest wave heights ever observed.
Some of the winds recorded across Southwest Alabama were as follows:  Mobile Regional Airport, sustained wind of 51 knots from the north with a peak gust of 65 knots from the north northeast.  Dauphin Island, sustained wind of 61 knots from the east with a gust of 89 knots from the northeast. USS Alabama, located off the Mobile Bay causeway,  peak gust 91 knots (site is more than 100 feet high). Fairhope, peak gust 63 knots.  Semmes, peak gust 51 knots.  Grand Bay, peak gust 62 knots.  WKRG in Mobile, peak gust 64 knots.  Wallace Tunnel in Mobile, peak gust 51 knots. Gulf Shores Airport, sustained winds 73 knots with a peak gust of 100 knots (Doppler on Wheels site).  Fairhope, sustained wind 59 knots with a peak gust of 77 knots (Doppler on wheels). 
Some of the winds across Northwest Florida were as follows:  Pensacola Naval Air Station, sustained wind of 76 knots from the southeast with a gust of 93 knots from the southeast.  Pensacola Regional Airport, sustained wind of 67 knots from the southeast with a peak gust of 87 knots. West Pensacola, peak gust 84 knots.  Pensacola, sustained wind 70 knots with a peak gust of 92 knots (Doppler on wheels).  Pace, sustained wind of 73 knots with a peak gust of 87 knots (Air Products location - about 160 feet high). Escambia county EMA office peak gust 90 knots. Eglin Air Force Base sites; 2 SW of Mary Esther, peak gust 103 knots (200 feet high).  10 S Harold, peak gust 78 knots.  10 N Mary Esther, peak gust 75 knots.  5 NE Seminole, peak gust 75 knots.
Some of the lowest sea level pressures were as follows: In Alabama: Fairhope 947.9 MB.  Mobile Regional Airport 964.4 MB.  Brookley Field (Mobile) 956.0 MB.  Semmes 967.5 MB. Dauphin Island 952.7 MB.
In Florida: Pensacola Regional Airport 970.2 MB. Pensacola Naval Air Station 965.8 MB. 5 S Harold 981.4 MB.
Two day rainfall totals ending at midnight on September 16 were as follows:  In Alabama: Mobile Regional Airport (MOB) 5.56 inches. Coden 6.30 inches. Evergreen 7.25 inches. Alberta 6.85 inches. Semmes 5.00 inches. Daphne 7.5 inches. Andalusia 9.96 inches. 2 S Mobile 9.90 inches. Silverhill 10.16 inches. Robertsdale 9.35 inches. Spanish Fort 8.00 inches.
In Florida: Pensacola Naval Air Station (NPA) 8.00 inches. Pensacola (WEAR TV) 15.79 inches. Crestview 8.40 inches. Fort Walton Beach 6.06 inches. Munson 6.5 inches. Niceville 6.55 inches.  Eglin Air Force Base (VPS) 7.43 inches. 10 S Mossy Head 8.92 inches.
Storm surge values along the coast from Baldwin county east to Santa Rosa county were the highest observed in over a hundred years of record keeping .  The high surge values of 10 to 14 feet caused extensive damage to homes and condos located along the Gulf beachfront, as well as along the shoreline of area inland waterways.  Dauphin Island had several areas that were breached by the high surge.  There was less damage on Dauphin Island than with Hurricane Frederic in 1979, even with the extensive building that has occurred on the island since 1979.  In Baldwin county, the coastal areas from Fort Morgan to Gulf Shores to Orange Beach saw the worst damage from a hurricane in over a hundred years.  This area has seen rapid development in the past 20 years and it seemed that the homes and condo's constructed in the past five years held up better than homes that were constructed earlier.  Surge values were estimated between nine and twelve feet along the Baldwin county coastline, and the beach was breached at several locations.   No one died as a result of storm surge in Baldwin county.
In Escambia county Florida, surge values were estimated at ten to fourteen feet.  These coastal areas were the hardest hit, with major damage occurring from Perdido Key to Pensacola Beach.  Almost every structure that was on the waterfront in Escambia county suffered some degree of damage.  Generally, if the property elevation was below fifteen feet, water flooded the property.  Property that was on Perdido Bay, Big Lagoon, Bayou Grande, Pensacola Bay and Escambia Bay suffered major damage.  Many homes were completely washed away by the high surge.  Almost all of the deaths directly attributed to Ivan in Escambia County were surge related, and occurred near Big Lagoon.   The beach area from Perdido Key to Pensacola Beach was breached in several places.  Fort Pickens was cut off and isolated from the rest of  Pensacola Beach as a result of several breaches.  The highest surge values observed during the storm were in the upper reaches of Escambia Bay.  The surge, and accompanying wind waves, damaged the I-10 bridge across Escambia Bay.  A trucker died on the bridge when his truck plummeted off a bridge section that had been displaced by the surge. Pensacola Naval Air Station, which is located on Pensacola Bay across from Fort Pickens, suffered major damage to structures that were located on the water.  Many of the structures had been built in the late 1800's, and had been through several other hurricanes with only minor damage.   In Santa Rosa county, surge values were between nine and twelve feet.  Navarre Beach had several breaches, and major damage occurred to almost all structures that were on the Gulf front.   Major damage also occurred along the shores of Gulf Breeze and along Blackwater Bay. Some of the highest surge values in Santa Rosa county were near Ward Basin.  Surge values across most locations east of where the center of the hurricane moved ashore were higher than those of hurricane George in 1998.  As in Escambia county, almost every structure that was on the water in Santa Rosa county suffered some type of damage.  In Okaloosa county surge values were six to nine feet.  Structures that were located on or near the beach suffered major damage.  Farther to the east, storm surge values dropped off, but the wave action essentially destroyed the beach, with four to eight feet of the sand eroded away.  Low lying structures on Choctawatchee Bay also suffered major damage.  US Highway 98 between Fort Walton and Destin was again washed away.  Structures near the beach that were part of Eglin Air Force Base also suffered major damage.
The following surge values were measured in Alabama: Middle Gage at Bayou LaBatre 4.66 feet. Mobile Bay at Cedar Point 6.90 feet. Dauphin Island Bay at Dauphin Island 7.80 feet.  Mobile Bay at Dauphin Island Coast Guard 8.00 feet. Mobile River at Mobile 4.87 feet. Mobile River at Bucks 6.82 feet. Mobile Bay at Fort Morgan Front Range 7.85 feet. Perdido Pass at Orange Beach 8.81 feet.
The following surge values were measured in Northwest Florida; Perdido Bay near US Highway 98 estimated 10.00 feet. GIWW at Pensacola Gulf Beach 9.68 feet. Pensacola Bay at Fort McRee 9.70 feet. Pensacola Bay at Pensacola 10.20 feet. Escambia Bay West Bank at Highway 90 12.92 feet. Escambia Bay West Bank 1.5 miles north of I-10 12.12 feet.  Escambia Bay near Pace estimated 12.00 feet. GIWW at Gulf Breeze 10.30 feet. Pensacola Beach Fire Station estimated 12 feet. Yellow River near Milton 9.66 feet. Fort Walton Brooks Bridge 6.12 feet. Destin at Choctawatchee Bay Coast Guard 5.39 feet.
As Ivan moved ashore during the morning hours of September 16th, the winds caused major damage to trees along and east of the track of the storm.  Hurricane force winds were felt across the entire area, including all inland counties.  Most of the area probably had hurricane force winds for two to four hours.  This caused 100 year old trees to break due to the constant force from the strong winds.  Many of the trees fell on homes and vehicles and damaged them.  While some structural wind damage would have been expected, most of the major structural damage that occurred over inland areas would not have been as substantial if it had not been for fallen trees.  It was estimated that in Alabama over $500,000,000 damage was done to timber,  with an additional estimate of $250,000,000 in Escambia, Santa Rosa and Okaloosa counties in Florida.  Power was out for a week or more across the inland areas due to trees across lines.  
Along the immediate coast, power was not restored for an additional several weeks, until much of the infrastructure was rebuilt.
It was estimated that six weak tornadoes occurred across the area during the afternoon and early evening of September 15th as Ivan neared the coast.  These weak tornadoes occurred in Escambia and Santa Rosa counties in Florida, and in Baldwin, Escambia and Conecuh in Alabama and produced only minor damages.   
Seven deaths were directly related to Ivan.  Six of these were in Escambia county with one in Santa Rosa county.  In Escambia county Florida: Five people (three women and two males) drowned at different locations around Grand Lagoon as the surge inundated the area.  A male drowned after his truck ran off the damaged I-10 bridge.   In Santa Rosa county, a young female died when a tree fell on their manufactured home and killed her.  
Sixteen deaths were indirectly related to Ivan.  In Escambia county Florida: A 78 year old female died of a heart attack in a shelter just before Ivan moved ashore.  A 7 year old boy was killed as he was watching someone remove a tree and a large limb fell on him.   A 58 year old  female died when she was overcome by fumes from a generator that was not properly ventilated.  A 41 year old male died in a traffic accident at an intersection with no power and no stop lights.  A 83 year old male fell off a roof while repairing damage from Ivan.  A 63 year old male fell out of a tree in Escambia county Alabama and was taken to a Pensacola hospital where he later died from injuries sustained in the fall.  A 40 year old male died when a tree fell on him.  In Santa Rosa county: A 67 year old male died of a heart attack preparing for Ivan.  A 76 year old male died of a heart attack.  A 56 year old male died of a heart attack cleaning up days after the storm.  In Okaloosa county: A 54 year old female died of a heart attack when emergency crews could not get to her due to the storm.  A 51 year old male died of a heart attack.  A 50 year old female died days after Ivan from a drug overdose due to depression cause by the storm.  
In Covington county a 75 year old female died from a fire caused by a candle used for light after the storm.  In Conecuh county a 34 year old male died from a car accident when he hit debris still in the road from the storm.  In Mobile county a 59 year old male died when a tree fell on him after the storm.
Agriculture interests suffered a major blow from Ivan with most of the soybean and pecan crop destroyed.  The cotton crop also suffered damage but not as bad as that of the soybean and pecan crop.  
Ivan will be remembered as being one of the most damaging hurricanes to affect the coastal counties of Baldwin, Escambia and Santa Rosa in modern history.  It will also be remembered as one of  the most damaging hurricanes to affect the inland counties of Escambia, Clarke, Monroe, Conecuh and Butler  in southwest Alabama."	234
5422296	CONECUH (ZONE)	 	9/13/2004	2100	Hurricane (Typhoon)	 	 	0	0	0	0	AL	CST	 	1179850	Z	56	MOB	0	0	OFFICIAL NWS OBS.	 	 	 	 	 	 	 	 	9/16/2004	1500	 	 	 	 		"Hurricane Ivan affected the region from September 13 through the 16th.  The coastal areas were put under a hurricane watch at 900 PM CST on September 13.  The area was put under a hurricane warning at 300 PM CST on September 14.  The hurricane warning was dropped at 900 AM CST on September 16 and we were put under a tropical storm warning.  The tropical storm warning was dropped at 300 PM CST on September 16.  
Ivan made landfall around 100 AM CST near Gulf Shores, Alabama on September 16.   An interesting note, as Ivan approached the Alabama coast during the day on the 15th, a buoy just south of the Alabama coastal waters recorded a peak wave height of 52 feet, before breaking loose of its mooring.  This was one of the highest wave heights ever observed.
Some of the winds recorded across Southwest Alabama were as follows:  Mobile Regional Airport, sustained wind of 51 knots from the north with a peak gust of 65 knots from the north northeast.  Dauphin Island, sustained wind of 61 knots from the east with a gust of 89 knots from the northeast. USS Alabama, located off the Mobile Bay causeway,  peak gust 91 knots (site is more than 100 feet high). Fairhope, peak gust 63 knots.  Semmes, peak gust 51 knots.  Grand Bay, peak gust 62 knots.  WKRG in Mobile, peak gust 64 knots.  Wallace Tunnel in Mobile, peak gust 51 knots. Gulf Shores Airport, sustained winds 73 knots with a peak gust of 100 knots (Doppler on Wheels site).  Fairhope, sustained wind 59 knots with a peak gust of 77 knots (Doppler on wheels). 
Some of the winds across Northwest Florida were as follows:  Pensacola Naval Air Station, sustained wind of 76 knots from the southeast with a gust of 93 knots from the southeast.  Pensacola Regional Airport, sustained wind of 67 knots from the southeast with a peak gust of 87 knots. West Pensacola, peak gust 84 knots.  Pensacola, sustained wind 70 knots with a peak gust of 92 knots (Doppler on wheels).  Pace, sustained wind of 73 knots with a peak gust of 87 knots (Air Products location - about 160 feet high). Escambia county EMA office peak gust 90 knots. Eglin Air Force Base sites; 2 SW of Mary Esther, peak gust 103 knots (200 feet high).  10 S Harold, peak gust 78 knots.  10 N Mary Esther, peak gust 75 knots.  5 NE Seminole, peak gust 75 knots.
Some of the lowest sea level pressures were as follows: In Alabama: Fairhope 947.9 MB.  Mobile Regional Airport 964.4 MB.  Brookley Field (Mobile) 956.0 MB.  Semmes 967.5 MB. Dauphin Island 952.7 MB.
In Florida: Pensacola Regional Airport 970.2 MB. Pensacola Naval Air Station 965.8 MB. 5 S Harold 981.4 MB.
Two day rainfall totals ending at midnight on September 16 were as follows:  In Alabama: Mobile Regional Airport (MOB) 5.56 inches. Coden 6.30 inches. Evergreen 7.25 inches. Alberta 6.85 inches. Semmes 5.00 inches. Daphne 7.5 inches. Andalusia 9.96 inches. 2 S Mobile 9.90 inches. Silverhill 10.16 inches. Robertsdale 9.35 inches. Spanish Fort 8.00 inches.
In Florida: Pensacola Naval Air Station (NPA) 8.00 inches. Pensacola (WEAR TV) 15.79 inches. Crestview 8.40 inches. Fort Walton Beach 6.06 inches. Munson 6.5 inches. Niceville 6.55 inches.  Eglin Air Force Base (VPS) 7.43 inches. 10 S Mossy Head 8.92 inches.
Storm surge values along the coast from Baldwin county east to Santa Rosa county were the highest observed in over a hundred years of record keeping .  The high surge values of 10 to 14 feet caused extensive damage to homes and condos located along the Gulf beachfront, as well as along the shoreline of area inland waterways.  Dauphin Island had several areas that were breached by the high surge.  There was less damage on Dauphin Island than with Hurricane Frederic in 1979, even with the extensive building that has occurred on the island since 1979.  In Baldwin county, the coastal areas from Fort Morgan to Gulf Shores to Orange Beach saw the worst damage from a hurricane in over a hundred years.  This area has seen rapid development in the past 20 years and it seemed that the homes and condo's constructed in the past five years held up better than homes that were constructed earlier.  Surge values were estimated between nine and twelve feet along the Baldwin county coastline, and the beach was breached at several locations.   No one died as a result of storm surge in Baldwin county.
In Escambia county Florida, surge values were estimated at ten to fourteen feet.  These coastal areas were the hardest hit, with major damage occurring from Perdido Key to Pensacola Beach.  Almost every structure that was on the waterfront in Escambia county suffered some degree of damage.  Generally, if the property elevation was below fifteen feet, water flooded the property.  Property that was on Perdido Bay, Big Lagoon, Bayou Grande, Pensacola Bay and Escambia Bay suffered major damage.  Many homes were completely washed away by the high surge.  Almost all of the deaths directly attributed to Ivan in Escambia County were surge related, and occurred near Big Lagoon.   The beach area from Perdido Key to Pensacola Beach was breached in several places.  Fort Pickens was cut off and isolated from the rest of  Pensacola Beach as a result of several breaches.  The highest surge values observed during the storm were in the upper reaches of Escambia Bay.  The surge, and accompanying wind waves, damaged the I-10 bridge across Escambia Bay.  A trucker died on the bridge when his truck plummeted off a bridge section that had been displaced by the surge. Pensacola Naval Air Station, which is located on Pensacola Bay across from Fort Pickens, suffered major damage to structures that were located on the water.  Many of the structures had been built in the late 1800's, and had been through several other hurricanes with only minor damage.   In Santa Rosa county, surge values were between nine and twelve feet.  Navarre Beach had several breaches, and major damage occurred to almost all structures that were on the Gulf front.   Major damage also occurred along the shores of Gulf Breeze and along Blackwater Bay. Some of the highest surge values in Santa Rosa county were near Ward Basin.  Surge values across most locations east of where the center of the hurricane moved ashore were higher than those of hurricane George in 1998.  As in Escambia county, almost every structure that was on the water in Santa Rosa county suffered some type of damage.  In Okaloosa county surge values were six to nine feet.  Structures that were located on or near the beach suffered major damage.  Farther to the east, storm surge values dropped off, but the wave action essentially destroyed the beach, with four to eight feet of the sand eroded away.  Low lying structures on Choctawatchee Bay also suffered major damage.  US Highway 98 between Fort Walton and Destin was again washed away.  Structures near the beach that were part of Eglin Air Force Base also suffered major damage.
The following surge values were measured in Alabama: Middle Gage at Bayou LaBatre 4.66 feet. Mobile Bay at Cedar Point 6.90 feet. Dauphin Island Bay at Dauphin Island 7.80 feet.  Mobile Bay at Dauphin Island Coast Guard 8.00 feet. Mobile River at Mobile 4.87 feet. Mobile River at Bucks 6.82 feet. Mobile Bay at Fort Morgan Front Range 7.85 feet. Perdido Pass at Orange Beach 8.81 feet.
The following surge values were measured in Northwest Florida; Perdido Bay near US Highway 98 estimated 10.00 feet. GIWW at Pensacola Gulf Beach 9.68 feet. Pensacola Bay at Fort McRee 9.70 feet. Pensacola Bay at Pensacola 10.20 feet. Escambia Bay West Bank at Highway 90 12.92 feet. Escambia Bay West Bank 1.5 miles north of I-10 12.12 feet.  Escambia Bay near Pace estimated 12.00 feet. GIWW at Gulf Breeze 10.30 feet. Pensacola Beach Fire Station estimated 12 feet. Yellow River near Milton 9.66 feet. Fort Walton Brooks Bridge 6.12 feet. Destin at Choctawatchee Bay Coast Guard 5.39 feet.
As Ivan moved ashore during the morning hours of September 16th, the winds caused major damage to trees along and east of the track of the storm.  Hurricane force winds were felt across the entire area, including all inland counties.  Most of the area probably had hurricane force winds for two to four hours.  This caused 100 year old trees to break due to the constant force from the strong winds.  Many of the trees fell on homes and vehicles and damaged them.  While some structural wind damage would have been expected, most of the major structural damage that occurred over inland areas would not have been as substantial if it had not been for fallen trees.  It was estimated that in Alabama over $500,000,000 damage was done to timber,  with an additional estimate of $250,000,000 in Escambia, Santa Rosa and Okaloosa counties in Florida.  Power was out for a week or more across the inland areas due to trees across lines.  
Along the immediate coast, power was not restored for an additional several weeks, until much of the infrastructure was rebuilt.
It was estimated that six weak tornadoes occurred across the area during the afternoon and early evening of September 15th as Ivan neared the coast.  These weak tornadoes occurred in Escambia and Santa Rosa counties in Florida, and in Baldwin, Escambia and Conecuh in Alabama and produced only minor damages.   
Seven deaths were directly related to Ivan.  Six of these were in Escambia county with one in Santa Rosa county.  In Escambia county Florida: Five people (three women and two males) drowned at different locations around Grand Lagoon as the surge inundated the area.  A male drowned after his truck ran off the damaged I-10 bridge.   In Santa Rosa county, a young female died when a tree fell on their manufactured home and killed her.  
Sixteen deaths were indirectly related to Ivan.  In Escambia county Florida: A 78 year old female died of a heart attack in a shelter just before Ivan moved ashore.  A 7 year old boy was killed as he was watching someone remove a tree and a large limb fell on him.   A 58 year old  female died when she was overcome by fumes from a generator that was not properly ventilated.  A 41 year old male died in a traffic accident at an intersection with no power and no stop lights.  A 83 year old male fell off a roof while repairing damage from Ivan.  A 63 year old male fell out of a tree in Escambia county Alabama and was taken to a Pensacola hospital where he later died from injuries sustained in the fall.  A 40 year old male died when a tree fell on him.  In Santa Rosa county: A 67 year old male died of a heart attack preparing for Ivan.  A 76 year old male died of a heart attack.  A 56 year old male died of a heart attack cleaning up days after the storm.  In Okaloosa county: A 54 year old female died of a heart attack when emergency crews could not get to her due to the storm.  A 51 year old male died of a heart attack.  A 50 year old female died days after Ivan from a drug overdose due to depression cause by the storm.  
In Covington county a 75 year old female died from a fire caused by a candle used for light after the storm.  In Conecuh county a 34 year old male died from a car accident when he hit debris still in the road from the storm.  In Mobile county a 59 year old male died when a tree fell on him after the storm.
Agriculture interests suffered a major blow from Ivan with most of the soybean and pecan crop destroyed.  The cotton crop also suffered damage but not as bad as that of the soybean and pecan crop.  
Ivan will be remembered as being one of the most damaging hurricanes to affect the coastal counties of Baldwin, Escambia and Santa Rosa in modern history.  It will also be remembered as one of  the most damaging hurricanes to affect the inland counties of Escambia, Clarke, Monroe, Conecuh and Butler  in southwest Alabama."	235
5422295	CLARKE (ZONE)	 	9/13/2004	2100	Hurricane (Typhoon)	 	 	0	0	0	0	AL	CST	 	1179850	Z	53	MOB	0	0	OFFICIAL NWS OBS.	 	 	 	 	 	 	 	 	9/16/2004	1500	 	 	 	 		"Hurricane Ivan affected the region from September 13 through the 16th.  The coastal areas were put under a hurricane watch at 900 PM CST on September 13.  The area was put under a hurricane warning at 300 PM CST on September 14.  The hurricane warning was dropped at 900 AM CST on September 16 and we were put under a tropical storm warning.  The tropical storm warning was dropped at 300 PM CST on September 16.  
Ivan made landfall around 100 AM CST near Gulf Shores, Alabama on September 16.   An interesting note, as Ivan approached the Alabama coast during the day on the 15th, a buoy just south of the Alabama coastal waters recorded a peak wave height of 52 feet, before breaking loose of its mooring.  This was one of the highest wave heights ever observed.
Some of the winds recorded across Southwest Alabama were as follows:  Mobile Regional Airport, sustained wind of 51 knots from the north with a peak gust of 65 knots from the north northeast.  Dauphin Island, sustained wind of 61 knots from the east with a gust of 89 knots from the northeast. USS Alabama, located off the Mobile Bay causeway,  peak gust 91 knots (site is more than 100 feet high). Fairhope, peak gust 63 knots.  Semmes, peak gust 51 knots.  Grand Bay, peak gust 62 knots.  WKRG in Mobile, peak gust 64 knots.  Wallace Tunnel in Mobile, peak gust 51 knots. Gulf Shores Airport, sustained winds 73 knots with a peak gust of 100 knots (Doppler on Wheels site).  Fairhope, sustained wind 59 knots with a peak gust of 77 knots (Doppler on wheels). 
Some of the winds across Northwest Florida were as follows:  Pensacola Naval Air Station, sustained wind of 76 knots from the southeast with a gust of 93 knots from the southeast.  Pensacola Regional Airport, sustained wind of 67 knots from the southeast with a peak gust of 87 knots. West Pensacola, peak gust 84 knots.  Pensacola, sustained wind 70 knots with a peak gust of 92 knots (Doppler on wheels).  Pace, sustained wind of 73 knots with a peak gust of 87 knots (Air Products location - about 160 feet high). Escambia county EMA office peak gust 90 knots. Eglin Air Force Base sites; 2 SW of Mary Esther, peak gust 103 knots (200 feet high).  10 S Harold, peak gust 78 knots.  10 N Mary Esther, peak gust 75 knots.  5 NE Seminole, peak gust 75 knots.
Some of the lowest sea level pressures were as follows: In Alabama: Fairhope 947.9 MB.  Mobile Regional Airport 964.4 MB.  Brookley Field (Mobile) 956.0 MB.  Semmes 967.5 MB. Dauphin Island 952.7 MB.
In Florida: Pensacola Regional Airport 970.2 MB. Pensacola Naval Air Station 965.8 MB. 5 S Harold 981.4 MB.
Two day rainfall totals ending at midnight on September 16 were as follows:  In Alabama: Mobile Regional Airport (MOB) 5.56 inches. Coden 6.30 inches. Evergreen 7.25 inches. Alberta 6.85 inches. Semmes 5.00 inches. Daphne 7.5 inches. Andalusia 9.96 inches. 2 S Mobile 9.90 inches. Silverhill 10.16 inches. Robertsdale 9.35 inches. Spanish Fort 8.00 inches.
In Florida: Pensacola Naval Air Station (NPA) 8.00 inches. Pensacola (WEAR TV) 15.79 inches. Crestview 8.40 inches. Fort Walton Beach 6.06 inches. Munson 6.5 inches. Niceville 6.55 inches.  Eglin Air Force Base (VPS) 7.43 inches. 10 S Mossy Head 8.92 inches.
Storm surge values along the coast from Baldwin county east to Santa Rosa county were the highest observed in over a hundred years of record keeping .  The high surge values of 10 to 14 feet caused extensive damage to homes and condos located along the Gulf beachfront, as well as along the shoreline of area inland waterways.  Dauphin Island had several areas that were breached by the high surge.  There was less damage on Dauphin Island than with Hurricane Frederic in 1979, even with the extensive building that has occurred on the island since 1979.  In Baldwin county, the coastal areas from Fort Morgan to Gulf Shores to Orange Beach saw the worst damage from a hurricane in over a hundred years.  This area has seen rapid development in the past 20 years and it seemed that the homes and condo's constructed in the past five years held up better than homes that were constructed earlier.  Surge values were estimated between nine and twelve feet along the Baldwin county coastline, and the beach was breached at several locations.   No one died as a result of storm surge in Baldwin county.
In Escambia county Florida, surge values were estimated at ten to fourteen feet.  These coastal areas were the hardest hit, with major damage occurring from Perdido Key to Pensacola Beach.  Almost every structure that was on the waterfront in Escambia county suffered some degree of damage.  Generally, if the property elevation was below fifteen feet, water flooded the property.  Property that was on Perdido Bay, Big Lagoon, Bayou Grande, Pensacola Bay and Escambia Bay suffered major damage.  Many homes were completely washed away by the high surge.  Almost all of the deaths directly attributed to Ivan in Escambia County were surge related, and occurred near Big Lagoon.   The beach area from Perdido Key to Pensacola Beach was breached in several places.  Fort Pickens was cut off and isolated from the rest of  Pensacola Beach as a result of several breaches.  The highest surge values observed during the storm were in the upper reaches of Escambia Bay.  The surge, and accompanying wind waves, damaged the I-10 bridge across Escambia Bay.  A trucker died on the bridge when his truck plummeted off a bridge section that had been displaced by the surge. Pensacola Naval Air Station, which is located on Pensacola Bay across from Fort Pickens, suffered major damage to structures that were located on the water.  Many of the structures had been built in the late 1800's, and had been through several other hurricanes with only minor damage.   In Santa Rosa county, surge values were between nine and twelve feet.  Navarre Beach had several breaches, and major damage occurred to almost all structures that were on the Gulf front.   Major damage also occurred along the shores of Gulf Breeze and along Blackwater Bay. Some of the highest surge values in Santa Rosa county were near Ward Basin.  Surge values across most locations east of where the center of the hurricane moved ashore were higher than those of hurricane George in 1998.  As in Escambia county, almost every structure that was on the water in Santa Rosa county suffered some type of damage.  In Okaloosa county surge values were six to nine feet.  Structures that were located on or near the beach suffered major damage.  Farther to the east, storm surge values dropped off, but the wave action essentially destroyed the beach, with four to eight feet of the sand eroded away.  Low lying structures on Choctawatchee Bay also suffered major damage.  US Highway 98 between Fort Walton and Destin was again washed away.  Structures near the beach that were part of Eglin Air Force Base also suffered major damage.
The following surge values were measured in Alabama: Middle Gage at Bayou LaBatre 4.66 feet. Mobile Bay at Cedar Point 6.90 feet. Dauphin Island Bay at Dauphin Island 7.80 feet.  Mobile Bay at Dauphin Island Coast Guard 8.00 feet. Mobile River at Mobile 4.87 feet. Mobile River at Bucks 6.82 feet. Mobile Bay at Fort Morgan Front Range 7.85 feet. Perdido Pass at Orange Beach 8.81 feet.
The following surge values were measured in Northwest Florida; Perdido Bay near US Highway 98 estimated 10.00 feet. GIWW at Pensacola Gulf Beach 9.68 feet. Pensacola Bay at Fort McRee 9.70 feet. Pensacola Bay at Pensacola 10.20 feet. Escambia Bay West Bank at Highway 90 12.92 feet. Escambia Bay West Bank 1.5 miles north of I-10 12.12 feet.  Escambia Bay near Pace estimated 12.00 feet. GIWW at Gulf Breeze 10.30 feet. Pensacola Beach Fire Station estimated 12 feet. Yellow River near Milton 9.66 feet. Fort Walton Brooks Bridge 6.12 feet. Destin at Choctawatchee Bay Coast Guard 5.39 feet.
As Ivan moved ashore during the morning hours of September 16th, the winds caused major damage to trees along and east of the track of the storm.  Hurricane force winds were felt across the entire area, including all inland counties.  Most of the area probably had hurricane force winds for two to four hours.  This caused 100 year old trees to break due to the constant force from the strong winds.  Many of the trees fell on homes and vehicles and damaged them.  While some structural wind damage would have been expected, most of the major structural damage that occurred over inland areas would not have been as substantial if it had not been for fallen trees.  It was estimated that in Alabama over $500,000,000 damage was done to timber,  with an additional estimate of $250,000,000 in Escambia, Santa Rosa and Okaloosa counties in Florida.  Power was out for a week or more across the inland areas due to trees across lines.  
Along the immediate coast, power was not restored for an additional several weeks, until much of the infrastructure was rebuilt.
It was estimated that six weak tornadoes occurred across the area during the afternoon and early evening of September 15th as Ivan neared the coast.  These weak tornadoes occurred in Escambia and Santa Rosa counties in Florida, and in Baldwin, Escambia and Conecuh in Alabama and produced only minor damages.   
Seven deaths were directly related to Ivan.  Six of these were in Escambia county with one in Santa Rosa county.  In Escambia county Florida: Five people (three women and two males) drowned at different locations around Grand Lagoon as the surge inundated the area.  A male drowned after his truck ran off the damaged I-10 bridge.   In Santa Rosa county, a young female died when a tree fell on their manufactured home and killed her.  
Sixteen deaths were indirectly related to Ivan.  In Escambia county Florida: A 78 year old female died of a heart attack in a shelter just before Ivan moved ashore.  A 7 year old boy was killed as he was watching someone remove a tree and a large limb fell on him.   A 58 year old  female died when she was overcome by fumes from a generator that was not properly ventilated.  A 41 year old male died in a traffic accident at an intersection with no power and no stop lights.  A 83 year old male fell off a roof while repairing damage from Ivan.  A 63 year old male fell out of a tree in Escambia county Alabama and was taken to a Pensacola hospital where he later died from injuries sustained in the fall.  A 40 year old male died when a tree fell on him.  In Santa Rosa county: A 67 year old male died of a heart attack preparing for Ivan.  A 76 year old male died of a heart attack.  A 56 year old male died of a heart attack cleaning up days after the storm.  In Okaloosa county: A 54 year old female died of a heart attack when emergency crews could not get to her due to the storm.  A 51 year old male died of a heart attack.  A 50 year old female died days after Ivan from a drug overdose due to depression cause by the storm.  
In Covington county a 75 year old female died from a fire caused by a candle used for light after the storm.  In Conecuh county a 34 year old male died from a car accident when he hit debris still in the road from the storm.  In Mobile county a 59 year old male died when a tree fell on him after the storm.
Agriculture interests suffered a major blow from Ivan with most of the soybean and pecan crop destroyed.  The cotton crop also suffered damage but not as bad as that of the soybean and pecan crop.  
Ivan will be remembered as being one of the most damaging hurricanes to affect the coastal counties of Baldwin, Escambia and Santa Rosa in modern history.  It will also be remembered as one of  the most damaging hurricanes to affect the inland counties of Escambia, Clarke, Monroe, Conecuh and Butler  in southwest Alabama."	236
5422294	CHOCTAW (ZONE)	 	9/13/2004	2100	Hurricane (Typhoon)	 	 	0	0	0	0	AL	CST	 	1179850	Z	51	MOB	0	0	OFFICIAL NWS OBS.	 	 	 	 	 	 	 	 	9/16/2004	1500	 	 	 	 		"Hurricane Ivan affected the region from September 13 through the 16th.  The coastal areas were put under a hurricane watch at 900 PM CST on September 13.  The area was put under a hurricane warning at 300 PM CST on September 14.  The hurricane warning was dropped at 900 AM CST on September 16 and we were put under a tropical storm warning.  The tropical storm warning was dropped at 300 PM CST on September 16.  
Ivan made landfall around 100 AM CST near Gulf Shores, Alabama on September 16.   An interesting note, as Ivan approached the Alabama coast during the day on the 15th, a buoy just south of the Alabama coastal waters recorded a peak wave height of 52 feet, before breaking loose of its mooring.  This was one of the highest wave heights ever observed.
Some of the winds recorded across Southwest Alabama were as follows:  Mobile Regional Airport, sustained wind of 51 knots from the north with a peak gust of 65 knots from the north northeast.  Dauphin Island, sustained wind of 61 knots from the east with a gust of 89 knots from the northeast. USS Alabama, located off the Mobile Bay causeway,  peak gust 91 knots (site is more than 100 feet high). Fairhope, peak gust 63 knots.  Semmes, peak gust 51 knots.  Grand Bay, peak gust 62 knots.  WKRG in Mobile, peak gust 64 knots.  Wallace Tunnel in Mobile, peak gust 51 knots. Gulf Shores Airport, sustained winds 73 knots with a peak gust of 100 knots (Doppler on Wheels site).  Fairhope, sustained wind 59 knots with a peak gust of 77 knots (Doppler on wheels). 
Some of the winds across Northwest Florida were as follows:  Pensacola Naval Air Station, sustained wind of 76 knots from the southeast with a gust of 93 knots from the southeast.  Pensacola Regional Airport, sustained wind of 67 knots from the southeast with a peak gust of 87 knots. West Pensacola, peak gust 84 knots.  Pensacola, sustained wind 70 knots with a peak gust of 92 knots (Doppler on wheels).  Pace, sustained wind of 73 knots with a peak gust of 87 knots (Air Products location - about 160 feet high). Escambia county EMA office peak gust 90 knots. Eglin Air Force Base sites; 2 SW of Mary Esther, peak gust 103 knots (200 feet high).  10 S Harold, peak gust 78 knots.  10 N Mary Esther, peak gust 75 knots.  5 NE Seminole, peak gust 75 knots.
Some of the lowest sea level pressures were as follows: In Alabama: Fairhope 947.9 MB.  Mobile Regional Airport 964.4 MB.  Brookley Field (Mobile) 956.0 MB.  Semmes 967.5 MB. Dauphin Island 952.7 MB.
In Florida: Pensacola Regional Airport 970.2 MB. Pensacola Naval Air Station 965.8 MB. 5 S Harold 981.4 MB.
Two day rainfall totals ending at midnight on September 16 were as follows:  In Alabama: Mobile Regional Airport (MOB) 5.56 inches. Coden 6.30 inches. Evergreen 7.25 inches. Alberta 6.85 inches. Semmes 5.00 inches. Daphne 7.5 inches. Andalusia 9.96 inches. 2 S Mobile 9.90 inches. Silverhill 10.16 inches. Robertsdale 9.35 inches. Spanish Fort 8.00 inches.
In Florida: Pensacola Naval Air Station (NPA) 8.00 inches. Pensacola (WEAR TV) 15.79 inches. Crestview 8.40 inches. Fort Walton Beach 6.06 inches. Munson 6.5 inches. Niceville 6.55 inches.  Eglin Air Force Base (VPS) 7.43 inches. 10 S Mossy Head 8.92 inches.
Storm surge values along the coast from Baldwin county east to Santa Rosa county were the highest observed in over a hundred years of record keeping .  The high surge values of 10 to 14 feet caused extensive damage to homes and condos located along the Gulf beachfront, as well as along the shoreline of area inland waterways.  Dauphin Island had several areas that were breached by the high surge.  There was less damage on Dauphin Island than with Hurricane Frederic in 1979, even with the extensive building that has occurred on the island since 1979.  In Baldwin county, the coastal areas from Fort Morgan to Gulf Shores to Orange Beach saw the worst damage from a hurricane in over a hundred years.  This area has seen rapid development in the past 20 years and it seemed that the homes and condo's constructed in the past five years held up better than homes that were constructed earlier.  Surge values were estimated between nine and twelve feet along the Baldwin county coastline, and the beach was breached at several locations.   No one died as a result of storm surge in Baldwin county.
In Escambia county Florida, surge values were estimated at ten to fourteen feet.  These coastal areas were the hardest hit, with major damage occurring from Perdido Key to Pensacola Beach.  Almost every structure that was on the waterfront in Escambia county suffered some degree of damage.  Generally, if the property elevation was below fifteen feet, water flooded the property.  Property that was on Perdido Bay, Big Lagoon, Bayou Grande, Pensacola Bay and Escambia Bay suffered major damage.  Many homes were completely washed away by the high surge.  Almost all of the deaths directly attributed to Ivan in Escambia County were surge related, and occurred near Big Lagoon.   The beach area from Perdido Key to Pensacola Beach was breached in several places.  Fort Pickens was cut off and isolated from the rest of  Pensacola Beach as a result of several breaches.  The highest surge values observed during the storm were in the upper reaches of Escambia Bay.  The surge, and accompanying wind waves, damaged the I-10 bridge across Escambia Bay.  A trucker died on the bridge when his truck plummeted off a bridge section that had been displaced by the surge. Pensacola Naval Air Station, which is located on Pensacola Bay across from Fort Pickens, suffered major damage to structures that were located on the water.  Many of the structures had been built in the late 1800's, and had been through several other hurricanes with only minor damage.   In Santa Rosa county, surge values were between nine and twelve feet.  Navarre Beach had several breaches, and major damage occurred to almost all structures that were on the Gulf front.   Major damage also occurred along the shores of Gulf Breeze and along Blackwater Bay. Some of the highest surge values in Santa Rosa county were near Ward Basin.  Surge values across most locations east of where the center of the hurricane moved ashore were higher than those of hurricane George in 1998.  As in Escambia county, almost every structure that was on the water in Santa Rosa county suffered some type of damage.  In Okaloosa county surge values were six to nine feet.  Structures that were located on or near the beach suffered major damage.  Farther to the east, storm surge values dropped off, but the wave action essentially destroyed the beach, with four to eight feet of the sand eroded away.  Low lying structures on Choctawatchee Bay also suffered major damage.  US Highway 98 between Fort Walton and Destin was again washed away.  Structures near the beach that were part of Eglin Air Force Base also suffered major damage.
The following surge values were measured in Alabama: Middle Gage at Bayou LaBatre 4.66 feet. Mobile Bay at Cedar Point 6.90 feet. Dauphin Island Bay at Dauphin Island 7.80 feet.  Mobile Bay at Dauphin Island Coast Guard 8.00 feet. Mobile River at Mobile 4.87 feet. Mobile River at Bucks 6.82 feet. Mobile Bay at Fort Morgan Front Range 7.85 feet. Perdido Pass at Orange Beach 8.81 feet.
The following surge values were measured in Northwest Florida; Perdido Bay near US Highway 98 estimated 10.00 feet. GIWW at Pensacola Gulf Beach 9.68 feet. Pensacola Bay at Fort McRee 9.70 feet. Pensacola Bay at Pensacola 10.20 feet. Escambia Bay West Bank at Highway 90 12.92 feet. Escambia Bay West Bank 1.5 miles north of I-10 12.12 feet.  Escambia Bay near Pace estimated 12.00 feet. GIWW at Gulf Breeze 10.30 feet. Pensacola Beach Fire Station estimated 12 feet. Yellow River near Milton 9.66 feet. Fort Walton Brooks Bridge 6.12 feet. Destin at Choctawatchee Bay Coast Guard 5.39 feet.
As Ivan moved ashore during the morning hours of September 16th, the winds caused major damage to trees along and east of the track of the storm.  Hurricane force winds were felt across the entire area, including all inland counties.  Most of the area probably had hurricane force winds for two to four hours.  This caused 100 year old trees to break due to the constant force from the strong winds.  Many of the trees fell on homes and vehicles and damaged them.  While some structural wind damage would have been expected, most of the major structural damage that occurred over inland areas would not have been as substantial if it had not been for fallen trees.  It was estimated that in Alabama over $500,000,000 damage was done to timber,  with an additional estimate of $250,000,000 in Escambia, Santa Rosa and Okaloosa counties in Florida.  Power was out for a week or more across the inland areas due to trees across lines.  
Along the immediate coast, power was not restored for an additional several weeks, until much of the infrastructure was rebuilt.
It was estimated that six weak tornadoes occurred across the area during the afternoon and early evening of September 15th as Ivan neared the coast.  These weak tornadoes occurred in Escambia and Santa Rosa counties in Florida, and in Baldwin, Escambia and Conecuh in Alabama and produced only minor damages.   
Seven deaths were directly related to Ivan.  Six of these were in Escambia county with one in Santa Rosa county.  In Escambia county Florida: Five people (three women and two males) drowned at different locations around Grand Lagoon as the surge inundated the area.  A male drowned after his truck ran off the damaged I-10 bridge.   In Santa Rosa county, a young female died when a tree fell on their manufactured home and killed her.  
Sixteen deaths were indirectly related to Ivan.  In Escambia county Florida: A 78 year old female died of a heart attack in a shelter just before Ivan moved ashore.  A 7 year old boy was killed as he was watching someone remove a tree and a large limb fell on him.   A 58 year old  female died when she was overcome by fumes from a generator that was not properly ventilated.  A 41 year old male died in a traffic accident at an intersection with no power and no stop lights.  A 83 year old male fell off a roof while repairing damage from Ivan.  A 63 year old male fell out of a tree in Escambia county Alabama and was taken to a Pensacola hospital where he later died from injuries sustained in the fall.  A 40 year old male died when a tree fell on him.  In Santa Rosa county: A 67 year old male died of a heart attack preparing for Ivan.  A 76 year old male died of a heart attack.  A 56 year old male died of a heart attack cleaning up days after the storm.  In Okaloosa county: A 54 year old female died of a heart attack when emergency crews could not get to her due to the storm.  A 51 year old male died of a heart attack.  A 50 year old female died days after Ivan from a drug overdose due to depression cause by the storm.  
In Covington county a 75 year old female died from a fire caused by a candle used for light after the storm.  In Conecuh county a 34 year old male died from a car accident when he hit debris still in the road from the storm.  In Mobile county a 59 year old male died when a tree fell on him after the storm.
Agriculture interests suffered a major blow from Ivan with most of the soybean and pecan crop destroyed.  The cotton crop also suffered damage but not as bad as that of the soybean and pecan crop.  
Ivan will be remembered as being one of the most damaging hurricanes to affect the coastal counties of Baldwin, Escambia and Santa Rosa in modern history.  It will also be remembered as one of  the most damaging hurricanes to affect the inland counties of Escambia, Clarke, Monroe, Conecuh and Butler  in southwest Alabama."	237
5422308	INLAND SANTA ROSA (ZONE)	 	9/13/2004	2100	Hurricane (Typhoon)	 	 	0	0	0	0	FL	CST	 	1179851	Z	3	MOB	0	0	NWS STORM SURVEY	 	 	 	 	 	 	 	 	9/16/2004	1500	 	 	 	 		See the narrative on Hurricane Ivan under Alabama, Southwest, September 13-16 ,2004.  Ivan will be remembered as one of the most damaging hurricanes to affect  the extreme western Florida panhandle in modern history.  The $4 billion in property damage is an estimate, but the final figure could be as low as $2.5 billion or as high as $7 billion.	238
5422307	INLAND OKALOOSA (ZONE)	 	9/13/2004	2100	Hurricane (Typhoon)	 	 	0	0	0	0	FL	CST	 	1179851	Z	5	MOB	0	0	NWS STORM SURVEY	 	 	 	 	 	 	 	 	9/16/2004	1500	 	 	 	 		See the narrative on Hurricane Ivan under Alabama, Southwest, September 13-16 ,2004.  Ivan will be remembered as one of the most damaging hurricanes to affect  the extreme western Florida panhandle in modern history.  The $4 billion in property damage is an estimate, but the final figure could be as low as $2.5 billion or as high as $7 billion.	239
5422306	INLAND ESCAMBIA (ZONE)	 	9/13/2004	2100	Hurricane (Typhoon)	 	 	0	0	0	0	FL	CST	 	1179851	Z	1	MOB	0	0	NWS STORM SURVEY	 	 	 	 	 	 	 	 	9/16/2004	1500	 	 	 	 		See the narrative on Hurricane Ivan under Alabama, Southwest, September 13-16 ,2004.  Ivan will be remembered as one of the most damaging hurricanes to affect  the extreme western Florida panhandle in modern history.  The $4 billion in property damage is an estimate, but the final figure could be as low as $2.5 billion or as high as $7 billion.	240
5422298	COVINGTON (ZONE)	 	9/13/2004	2100	Hurricane (Typhoon)	 	 	0	0	0	0	AL	CST	 	1179850	Z	60	MOB	0	0	OFFICIAL NWS OBS.	 	 	 	 	 	 	 	 	9/16/2004	1500	 	 	 	 		"Hurricane Ivan affected the region from September 13 through the 16th.  The coastal areas were put under a hurricane watch at 900 PM CST on September 13.  The area was put under a hurricane warning at 300 PM CST on September 14.  The hurricane warning was dropped at 900 AM CST on September 16 and we were put under a tropical storm warning.  The tropical storm warning was dropped at 300 PM CST on September 16.  
Ivan made landfall around 100 AM CST near Gulf Shores, Alabama on September 16.   An interesting note, as Ivan approached the Alabama coast during the day on the 15th, a buoy just south of the Alabama coastal waters recorded a peak wave height of 52 feet, before breaking loose of its mooring.  This was one of the highest wave heights ever observed.
Some of the winds recorded across Southwest Alabama were as follows:  Mobile Regional Airport, sustained wind of 51 knots from the north with a peak gust of 65 knots from the north northeast.  Dauphin Island, sustained wind of 61 knots from the east with a gust of 89 knots from the northeast. USS Alabama, located off the Mobile Bay causeway,  peak gust 91 knots (site is more than 100 feet high). Fairhope, peak gust 63 knots.  Semmes, peak gust 51 knots.  Grand Bay, peak gust 62 knots.  WKRG in Mobile, peak gust 64 knots.  Wallace Tunnel in Mobile, peak gust 51 knots. Gulf Shores Airport, sustained winds 73 knots with a peak gust of 100 knots (Doppler on Wheels site).  Fairhope, sustained wind 59 knots with a peak gust of 77 knots (Doppler on wheels). 
Some of the winds across Northwest Florida were as follows:  Pensacola Naval Air Station, sustained wind of 76 knots from the southeast with a gust of 93 knots from the southeast.  Pensacola Regional Airport, sustained wind of 67 knots from the southeast with a peak gust of 87 knots. West Pensacola, peak gust 84 knots.  Pensacola, sustained wind 70 knots with a peak gust of 92 knots (Doppler on wheels).  Pace, sustained wind of 73 knots with a peak gust of 87 knots (Air Products location - about 160 feet high). Escambia county EMA office peak gust 90 knots. Eglin Air Force Base sites; 2 SW of Mary Esther, peak gust 103 knots (200 feet high).  10 S Harold, peak gust 78 knots.  10 N Mary Esther, peak gust 75 knots.  5 NE Seminole, peak gust 75 knots.
Some of the lowest sea level pressures were as follows: In Alabama: Fairhope 947.9 MB.  Mobile Regional Airport 964.4 MB.  Brookley Field (Mobile) 956.0 MB.  Semmes 967.5 MB. Dauphin Island 952.7 MB.
In Florida: Pensacola Regional Airport 970.2 MB. Pensacola Naval Air Station 965.8 MB. 5 S Harold 981.4 MB.
Two day rainfall totals ending at midnight on September 16 were as follows:  In Alabama: Mobile Regional Airport (MOB) 5.56 inches. Coden 6.30 inches. Evergreen 7.25 inches. Alberta 6.85 inches. Semmes 5.00 inches. Daphne 7.5 inches. Andalusia 9.96 inches. 2 S Mobile 9.90 inches. Silverhill 10.16 inches. Robertsdale 9.35 inches. Spanish Fort 8.00 inches.
In Florida: Pensacola Naval Air Station (NPA) 8.00 inches. Pensacola (WEAR TV) 15.79 inches. Crestview 8.40 inches. Fort Walton Beach 6.06 inches. Munson 6.5 inches. Niceville 6.55 inches.  Eglin Air Force Base (VPS) 7.43 inches. 10 S Mossy Head 8.92 inches.
Storm surge values along the coast from Baldwin county east to Santa Rosa county were the highest observed in over a hundred years of record keeping .  The high surge values of 10 to 14 feet caused extensive damage to homes and condos located along the Gulf beachfront, as well as along the shoreline of area inland waterways.  Dauphin Island had several areas that were breached by the high surge.  There was less damage on Dauphin Island than with Hurricane Frederic in 1979, even with the extensive building that has occurred on the island since 1979.  In Baldwin county, the coastal areas from Fort Morgan to Gulf Shores to Orange Beach saw the worst damage from a hurricane in over a hundred years.  This area has seen rapid development in the past 20 years and it seemed that the homes and condo's constructed in the past five years held up better than homes that were constructed earlier.  Surge values were estimated between nine and twelve feet along the Baldwin county coastline, and the beach was breached at several locations.   No one died as a result of storm surge in Baldwin county.
In Escambia county Florida, surge values were estimated at ten to fourteen feet.  These coastal areas were the hardest hit, with major damage occurring from Perdido Key to Pensacola Beach.  Almost every structure that was on the waterfront in Escambia county suffered some degree of damage.  Generally, if the property elevation was below fifteen feet, water flooded the property.  Property that was on Perdido Bay, Big Lagoon, Bayou Grande, Pensacola Bay and Escambia Bay suffered major damage.  Many homes were completely washed away by the high surge.  Almost all of the deaths directly attributed to Ivan in Escambia County were surge related, and occurred near Big Lagoon.   The beach area from Perdido Key to Pensacola Beach was breached in several places.  Fort Pickens was cut off and isolated from the rest of  Pensacola Beach as a result of several breaches.  The highest surge values observed during the storm were in the upper reaches of Escambia Bay.  The surge, and accompanying wind waves, damaged the I-10 bridge across Escambia Bay.  A trucker died on the bridge when his truck plummeted off a bridge section that had been displaced by the surge. Pensacola Naval Air Station, which is located on Pensacola Bay across from Fort Pickens, suffered major damage to structures that were located on the water.  Many of the structures had been built in the late 1800's, and had been through several other hurricanes with only minor damage.   In Santa Rosa county, surge values were between nine and twelve feet.  Navarre Beach had several breaches, and major damage occurred to almost all structures that were on the Gulf front.   Major damage also occurred along the shores of Gulf Breeze and along Blackwater Bay. Some of the highest surge values in Santa Rosa county were near Ward Basin.  Surge values across most locations east of where the center of the hurricane moved ashore were higher than those of hurricane George in 1998.  As in Escambia county, almost every structure that was on the water in Santa Rosa county suffered some type of damage.  In Okaloosa county surge values were six to nine feet.  Structures that were located on or near the beach suffered major damage.  Farther to the east, storm surge values dropped off, but the wave action essentially destroyed the beach, with four to eight feet of the sand eroded away.  Low lying structures on Choctawatchee Bay also suffered major damage.  US Highway 98 between Fort Walton and Destin was again washed away.  Structures near the beach that were part of Eglin Air Force Base also suffered major damage.
The following surge values were measured in Alabama: Middle Gage at Bayou LaBatre 4.66 feet. Mobile Bay at Cedar Point 6.90 feet. Dauphin Island Bay at Dauphin Island 7.80 feet.  Mobile Bay at Dauphin Island Coast Guard 8.00 feet. Mobile River at Mobile 4.87 feet. Mobile River at Bucks 6.82 feet. Mobile Bay at Fort Morgan Front Range 7.85 feet. Perdido Pass at Orange Beach 8.81 feet.
The following surge values were measured in Northwest Florida; Perdido Bay near US Highway 98 estimated 10.00 feet. GIWW at Pensacola Gulf Beach 9.68 feet. Pensacola Bay at Fort McRee 9.70 feet. Pensacola Bay at Pensacola 10.20 feet. Escambia Bay West Bank at Highway 90 12.92 feet. Escambia Bay West Bank 1.5 miles north of I-10 12.12 feet.  Escambia Bay near Pace estimated 12.00 feet. GIWW at Gulf Breeze 10.30 feet. Pensacola Beach Fire Station estimated 12 feet. Yellow River near Milton 9.66 feet. Fort Walton Brooks Bridge 6.12 feet. Destin at Choctawatchee Bay Coast Guard 5.39 feet.
As Ivan moved ashore during the morning hours of September 16th, the winds caused major damage to trees along and east of the track of the storm.  Hurricane force winds were felt across the entire area, including all inland counties.  Most of the area probably had hurricane force winds for two to four hours.  This caused 100 year old trees to break due to the constant force from the strong winds.  Many of the trees fell on homes and vehicles and damaged them.  While some structural wind damage would have been expected, most of the major structural damage that occurred over inland areas would not have been as substantial if it had not been for fallen trees.  It was estimated that in Alabama over $500,000,000 damage was done to timber,  with an additional estimate of $250,000,000 in Escambia, Santa Rosa and Okaloosa counties in Florida.  Power was out for a week or more across the inland areas due to trees across lines.  
Along the immediate coast, power was not restored for an additional several weeks, until much of the infrastructure was rebuilt.
It was estimated that six weak tornadoes occurred across the area during the afternoon and early evening of September 15th as Ivan neared the coast.  These weak tornadoes occurred in Escambia and Santa Rosa counties in Florida, and in Baldwin, Escambia and Conecuh in Alabama and produced only minor damages.   
Seven deaths were directly related to Ivan.  Six of these were in Escambia county with one in Santa Rosa county.  In Escambia county Florida: Five people (three women and two males) drowned at different locations around Grand Lagoon as the surge inundated the area.  A male drowned after his truck ran off the damaged I-10 bridge.   In Santa Rosa county, a young female died when a tree fell on their manufactured home and killed her.  
Sixteen deaths were indirectly related to Ivan.  In Escambia county Florida: A 78 year old female died of a heart attack in a shelter just before Ivan moved ashore.  A 7 year old boy was killed as he was watching someone remove a tree and a large limb fell on him.   A 58 year old  female died when she was overcome by fumes from a generator that was not properly ventilated.  A 41 year old male died in a traffic accident at an intersection with no power and no stop lights.  A 83 year old male fell off a roof while repairing damage from Ivan.  A 63 year old male fell out of a tree in Escambia county Alabama and was taken to a Pensacola hospital where he later died from injuries sustained in the fall.  A 40 year old male died when a tree fell on him.  In Santa Rosa county: A 67 year old male died of a heart attack preparing for Ivan.  A 76 year old male died of a heart attack.  A 56 year old male died of a heart attack cleaning up days after the storm.  In Okaloosa county: A 54 year old female died of a heart attack when emergency crews could not get to her due to the storm.  A 51 year old male died of a heart attack.  A 50 year old female died days after Ivan from a drug overdose due to depression cause by the storm.  
In Covington county a 75 year old female died from a fire caused by a candle used for light after the storm.  In Conecuh county a 34 year old male died from a car accident when he hit debris still in the road from the storm.  In Mobile county a 59 year old male died when a tree fell on him after the storm.
Agriculture interests suffered a major blow from Ivan with most of the soybean and pecan crop destroyed.  The cotton crop also suffered damage but not as bad as that of the soybean and pecan crop.  
Ivan will be remembered as being one of the most damaging hurricanes to affect the coastal counties of Baldwin, Escambia and Santa Rosa in modern history.  It will also be remembered as one of  the most damaging hurricanes to affect the inland counties of Escambia, Clarke, Monroe, Conecuh and Butler  in southwest Alabama."	241
5422238	WASHINGTON (ZONE)	 	9/13/2004	2100	Hurricane (Typhoon)	 	 	0	0	0	0	AL	CST	 	1179850	Z	52	MOB	0	0	OFFICIAL NWS OBS.	 	 	 	 	 	 	 	 	9/16/2004	1500	 	 	 	 		"Hurricane Ivan affected the region from September 13 through the 16th.  The coastal areas were put under a hurricane watch at 900 PM CST on September 13.  The area was put under a hurricane warning at 300 PM CST on September 14.  The hurricane warning was dropped at 900 AM CST on September 16 and we were put under a tropical storm warning.  The tropical storm warning was dropped at 300 PM CST on September 16.  
Ivan made landfall around 100 AM CST near Gulf Shores, Alabama on September 16.   An interesting note, as Ivan approached the Alabama coast during the day on the 15th, a buoy just south of the Alabama coastal waters recorded a peak wave height of 52 feet, before breaking loose of its mooring.  This was one of the highest wave heights ever observed.
Some of the winds recorded across Southwest Alabama were as follows:  Mobile Regional Airport, sustained wind of 51 knots from the north with a peak gust of 65 knots from the north northeast.  Dauphin Island, sustained wind of 61 knots from the east with a gust of 89 knots from the northeast. USS Alabama, located off the Mobile Bay causeway,  peak gust 91 knots (site is more than 100 feet high). Fairhope, peak gust 63 knots.  Semmes, peak gust 51 knots.  Grand Bay, peak gust 62 knots.  WKRG in Mobile, peak gust 64 knots.  Wallace Tunnel in Mobile, peak gust 51 knots. Gulf Shores Airport, sustained winds 73 knots with a peak gust of 100 knots (Doppler on Wheels site).  Fairhope, sustained wind 59 knots with a peak gust of 77 knots (Doppler on wheels). 
Some of the winds across Northwest Florida were as follows:  Pensacola Naval Air Station, sustained wind of 76 knots from the southeast with a gust of 93 knots from the southeast.  Pensacola Regional Airport, sustained wind of 67 knots from the southeast with a peak gust of 87 knots. West Pensacola, peak gust 84 knots.  Pensacola, sustained wind 70 knots with a peak gust of 92 knots (Doppler on wheels).  Pace, sustained wind of 73 knots with a peak gust of 87 knots (Air Products location - about 160 feet high). Escambia county EMA office peak gust 90 knots. Eglin Air Force Base sites; 2 SW of Mary Esther, peak gust 103 knots (200 feet high).  10 S Harold, peak gust 78 knots.  10 N Mary Esther, peak gust 75 knots.  5 NE Seminole, peak gust 75 knots.
Some of the lowest sea level pressures were as follows: In Alabama: Fairhope 947.9 MB.  Mobile Regional Airport 964.4 MB.  Brookley Field (Mobile) 956.0 MB.  Semmes 967.5 MB. Dauphin Island 952.7 MB.
In Florida: Pensacola Regional Airport 970.2 MB. Pensacola Naval Air Station 965.8 MB. 5 S Harold 981.4 MB.
Two day rainfall totals ending at midnight on September 16 were as follows:  In Alabama: Mobile Regional Airport (MOB) 5.56 inches. Coden 6.30 inches. Evergreen 7.25 inches. Alberta 6.85 inches. Semmes 5.00 inches. Daphne 7.5 inches. Andalusia 9.96 inches. 2 S Mobile 9.90 inches. Silverhill 10.16 inches. Robertsdale 9.35 inches. Spanish Fort 8.00 inches.
In Florida: Pensacola Naval Air Station (NPA) 8.00 inches. Pensacola (WEAR TV) 15.79 inches. Crestview 8.40 inches. Fort Walton Beach 6.06 inches. Munson 6.5 inches. Niceville 6.55 inches.  Eglin Air Force Base (VPS) 7.43 inches. 10 S Mossy Head 8.92 inches.
Storm surge values along the coast from Baldwin county east to Santa Rosa county were the highest observed in over a hundred years of record keeping .  The high surge values of 10 to 14 feet caused extensive damage to homes and condos located along the Gulf beachfront, as well as along the shoreline of area inland waterways.  Dauphin Island had several areas that were breached by the high surge.  There was less damage on Dauphin Island than with Hurricane Frederic in 1979, even with the extensive building that has occurred on the island since 1979.  In Baldwin county, the coastal areas from Fort Morgan to Gulf Shores to Orange Beach saw the worst damage from a hurricane in over a hundred years.  This area has seen rapid development in the past 20 years and it seemed that the homes and condo's constructed in the past five years held up better than homes that were constructed earlier.  Surge values were estimated between nine and twelve feet along the Baldwin county coastline, and the beach was breached at several locations.   No one died as a result of storm surge in Baldwin county.
In Escambia county Florida, surge values were estimated at ten to fourteen feet.  These coastal areas were the hardest hit, with major damage occurring from Perdido Key to Pensacola Beach.  Almost every structure that was on the waterfront in Escambia county suffered some degree of damage.  Generally, if the property elevation was below fifteen feet, water flooded the property.  Property that was on Perdido Bay, Big Lagoon, Bayou Grande, Pensacola Bay and Escambia Bay suffered major damage.  Many homes were completely washed away by the high surge.  Almost all of the deaths directly attributed to Ivan in Escambia County were surge related, and occurred near Big Lagoon.   The beach area from Perdido Key to Pensacola Beach was breached in several places.  Fort Pickens was cut off and isolated from the rest of  Pensacola Beach as a result of several breaches.  The highest surge values observed during the storm were in the upper reaches of Escambia Bay.  The surge, and accompanying wind waves, damaged the I-10 bridge across Escambia Bay.  A trucker died on the bridge when his truck plummeted off a bridge section that had been displaced by the surge. Pensacola Naval Air Station, which is located on Pensacola Bay across from Fort Pickens, suffered major damage to structures that were located on the water.  Many of the structures had been built in the late 1800's, and had been through several other hurricanes with only minor damage.   In Santa Rosa county, surge values were between nine and twelve feet.  Navarre Beach had several breaches, and major damage occurred to almost all structures that were on the Gulf front.   Major damage also occurred along the shores of Gulf Breeze and along Blackwater Bay. Some of the highest surge values in Santa Rosa county were near Ward Basin.  Surge values across most locations east of where the center of the hurricane moved ashore were higher than those of hurricane George in 1998.  As in Escambia county, almost every structure that was on the water in Santa Rosa county suffered some type of damage.  In Okaloosa county surge values were six to nine feet.  Structures that were located on or near the beach suffered major damage.  Farther to the east, storm surge values dropped off, but the wave action essentially destroyed the beach, with four to eight feet of the sand eroded away.  Low lying structures on Choctawatchee Bay also suffered major damage.  US Highway 98 between Fort Walton and Destin was again washed away.  Structures near the beach that were part of Eglin Air Force Base also suffered major damage.
The following surge values were measured in Alabama: Middle Gage at Bayou LaBatre 4.66 feet. Mobile Bay at Cedar Point 6.90 feet. Dauphin Island Bay at Dauphin Island 7.80 feet.  Mobile Bay at Dauphin Island Coast Guard 8.00 feet. Mobile River at Mobile 4.87 feet. Mobile River at Bucks 6.82 feet. Mobile Bay at Fort Morgan Front Range 7.85 feet. Perdido Pass at Orange Beach 8.81 feet.
The following surge values were measured in Northwest Florida; Perdido Bay near US Highway 98 estimated 10.00 feet. GIWW at Pensacola Gulf Beach 9.68 feet. Pensacola Bay at Fort McRee 9.70 feet. Pensacola Bay at Pensacola 10.20 feet. Escambia Bay West Bank at Highway 90 12.92 feet. Escambia Bay West Bank 1.5 miles north of I-10 12.12 feet.  Escambia Bay near Pace estimated 12.00 feet. GIWW at Gulf Breeze 10.30 feet. Pensacola Beach Fire Station estimated 12 feet. Yellow River near Milton 9.66 feet. Fort Walton Brooks Bridge 6.12 feet. Destin at Choctawatchee Bay Coast Guard 5.39 feet.
As Ivan moved ashore during the morning hours of September 16th, the winds caused major damage to trees along and east of the track of the storm.  Hurricane force winds were felt across the entire area, including all inland counties.  Most of the area probably had hurricane force winds for two to four hours.  This caused 100 year old trees to break due to the constant force from the strong winds.  Many of the trees fell on homes and vehicles and damaged them.  While some structural wind damage would have been expected, most of the major structural damage that occurred over inland areas would not have been as substantial if it had not been for fallen trees.  It was estimated that in Alabama over $500,000,000 damage was done to timber,  with an additional estimate of $250,000,000 in Escambia, Santa Rosa and Okaloosa counties in Florida.  Power was out for a week or more across the inland areas due to trees across lines.  
Along the immediate coast, power was not restored for an additional several weeks, until much of the infrastructure was rebuilt.
It was estimated that six weak tornadoes occurred across the area during the afternoon and early evening of September 15th as Ivan neared the coast.  These weak tornadoes occurred in Escambia and Santa Rosa counties in Florida, and in Baldwin, Escambia and Conecuh in Alabama and produced only minor damages.   
Seven deaths were directly related to Ivan.  Six of these were in Escambia county with one in Santa Rosa county.  In Escambia county Florida: Five people (three women and two males) drowned at different locations around Grand Lagoon as the surge inundated the area.  A male drowned after his truck ran off the damaged I-10 bridge.   In Santa Rosa county, a young female died when a tree fell on their manufactured home and killed her.  
Sixteen deaths were indirectly related to Ivan.  In Escambia county Florida: A 78 year old female died of a heart attack in a shelter just before Ivan moved ashore.  A 7 year old boy was killed as he was watching someone remove a tree and a large limb fell on him.   A 58 year old  female died when she was overcome by fumes from a generator that was not properly ventilated.  A 41 year old male died in a traffic accident at an intersection with no power and no stop lights.  A 83 year old male fell off a roof while repairing damage from Ivan.  A 63 year old male fell out of a tree in Escambia county Alabama and was taken to a Pensacola hospital where he later died from injuries sustained in the fall.  A 40 year old male died when a tree fell on him.  In Santa Rosa county: A 67 year old male died of a heart attack preparing for Ivan.  A 76 year old male died of a heart attack.  A 56 year old male died of a heart attack cleaning up days after the storm.  In Okaloosa county: A 54 year old female died of a heart attack when emergency crews could not get to her due to the storm.  A 51 year old male died of a heart attack.  A 50 year old female died days after Ivan from a drug overdose due to depression cause by the storm.  
In Covington county a 75 year old female died from a fire caused by a candle used for light after the storm.  In Conecuh county a 34 year old male died from a car accident when he hit debris still in the road from the storm.  In Mobile county a 59 year old male died when a tree fell on him after the storm.
Agriculture interests suffered a major blow from Ivan with most of the soybean and pecan crop destroyed.  The cotton crop also suffered damage but not as bad as that of the soybean and pecan crop.  
Ivan will be remembered as being one of the most damaging hurricanes to affect the coastal counties of Baldwin, Escambia and Santa Rosa in modern history.  It will also be remembered as one of  the most damaging hurricanes to affect the inland counties of Escambia, Clarke, Monroe, Conecuh and Butler  in southwest Alabama."	242
5422237	UPPER BALDWIN (ZONE)	 	9/13/2004	2100	Hurricane (Typhoon)	 	 	0	0	0	0	AL	CST	 	1179850	Z	62	MOB	0	0	OFFICIAL NWS OBS.	 	 	 	 	 	 	 	 	9/16/2004	1500	 	 	 	 		"Hurricane Ivan affected the region from September 13 through the 16th.  The coastal areas were put under a hurricane watch at 900 PM CST on September 13.  The area was put under a hurricane warning at 300 PM CST on September 14.  The hurricane warning was dropped at 900 AM CST on September 16 and we were put under a tropical storm warning.  The tropical storm warning was dropped at 300 PM CST on September 16.  
Ivan made landfall around 100 AM CST near Gulf Shores, Alabama on September 16.   An interesting note, as Ivan approached the Alabama coast during the day on the 15th, a buoy just south of the Alabama coastal waters recorded a peak wave height of 52 feet, before breaking loose of its mooring.  This was one of the highest wave heights ever observed.
Some of the winds recorded across Southwest Alabama were as follows:  Mobile Regional Airport, sustained wind of 51 knots from the north with a peak gust of 65 knots from the north northeast.  Dauphin Island, sustained wind of 61 knots from the east with a gust of 89 knots from the northeast. USS Alabama, located off the Mobile Bay causeway,  peak gust 91 knots (site is more than 100 feet high). Fairhope, peak gust 63 knots.  Semmes, peak gust 51 knots.  Grand Bay, peak gust 62 knots.  WKRG in Mobile, peak gust 64 knots.  Wallace Tunnel in Mobile, peak gust 51 knots. Gulf Shores Airport, sustained winds 73 knots with a peak gust of 100 knots (Doppler on Wheels site).  Fairhope, sustained wind 59 knots with a peak gust of 77 knots (Doppler on wheels). 
Some of the winds across Northwest Florida were as follows:  Pensacola Naval Air Station, sustained wind of 76 knots from the southeast with a gust of 93 knots from the southeast.  Pensacola Regional Airport, sustained wind of 67 knots from the southeast with a peak gust of 87 knots. West Pensacola, peak gust 84 knots.  Pensacola, sustained wind 70 knots with a peak gust of 92 knots (Doppler on wheels).  Pace, sustained wind of 73 knots with a peak gust of 87 knots (Air Products location - about 160 feet high). Escambia county EMA office peak gust 90 knots. Eglin Air Force Base sites; 2 SW of Mary Esther, peak gust 103 knots (200 feet high).  10 S Harold, peak gust 78 knots.  10 N Mary Esther, peak gust 75 knots.  5 NE Seminole, peak gust 75 knots.
Some of the lowest sea level pressures were as follows: In Alabama: Fairhope 947.9 MB.  Mobile Regional Airport 964.4 MB.  Brookley Field (Mobile) 956.0 MB.  Semmes 967.5 MB. Dauphin Island 952.7 MB.
In Florida: Pensacola Regional Airport 970.2 MB. Pensacola Naval Air Station 965.8 MB. 5 S Harold 981.4 MB.
Two day rainfall totals ending at midnight on September 16 were as follows:  In Alabama: Mobile Regional Airport (MOB) 5.56 inches. Coden 6.30 inches. Evergreen 7.25 inches. Alberta 6.85 inches. Semmes 5.00 inches. Daphne 7.5 inches. Andalusia 9.96 inches. 2 S Mobile 9.90 inches. Silverhill 10.16 inches. Robertsdale 9.35 inches. Spanish Fort 8.00 inches.
In Florida: Pensacola Naval Air Station (NPA) 8.00 inches. Pensacola (WEAR TV) 15.79 inches. Crestview 8.40 inches. Fort Walton Beach 6.06 inches. Munson 6.5 inches. Niceville 6.55 inches.  Eglin Air Force Base (VPS) 7.43 inches. 10 S Mossy Head 8.92 inches.
Storm surge values along the coast from Baldwin county east to Santa Rosa county were the highest observed in over a hundred years of record keeping .  The high surge values of 10 to 14 feet caused extensive damage to homes and condos located along the Gulf beachfront, as well as along the shoreline of area inland waterways.  Dauphin Island had several areas that were breached by the high surge.  There was less damage on Dauphin Island than with Hurricane Frederic in 1979, even with the extensive building that has occurred on the island since 1979.  In Baldwin county, the coastal areas from Fort Morgan to Gulf Shores to Orange Beach saw the worst damage from a hurricane in over a hundred years.  This area has seen rapid development in the past 20 years and it seemed that the homes and condo's constructed in the past five years held up better than homes that were constructed earlier.  Surge values were estimated between nine and twelve feet along the Baldwin county coastline, and the beach was breached at several locations.   No one died as a result of storm surge in Baldwin county.
In Escambia county Florida, surge values were estimated at ten to fourteen feet.  These coastal areas were the hardest hit, with major damage occurring from Perdido Key to Pensacola Beach.  Almost every structure that was on the waterfront in Escambia county suffered some degree of damage.  Generally, if the property elevation was below fifteen feet, water flooded the property.  Property that was on Perdido Bay, Big Lagoon, Bayou Grande, Pensacola Bay and Escambia Bay suffered major damage.  Many homes were completely washed away by the high surge.  Almost all of the deaths directly attributed to Ivan in Escambia County were surge related, and occurred near Big Lagoon.   The beach area from Perdido Key to Pensacola Beach was breached in several places.  Fort Pickens was cut off and isolated from the rest of  Pensacola Beach as a result of several breaches.  The highest surge values observed during the storm were in the upper reaches of Escambia Bay.  The surge, and accompanying wind waves, damaged the I-10 bridge across Escambia Bay.  A trucker died on the bridge when his truck plummeted off a bridge section that had been displaced by the surge. Pensacola Naval Air Station, which is located on Pensacola Bay across from Fort Pickens, suffered major damage to structures that were located on the water.  Many of the structures had been built in the late 1800's, and had been through several other hurricanes with only minor damage.   In Santa Rosa county, surge values were between nine and twelve feet.  Navarre Beach had several breaches, and major damage occurred to almost all structures that were on the Gulf front.   Major damage also occurred along the shores of Gulf Breeze and along Blackwater Bay. Some of the highest surge values in Santa Rosa county were near Ward Basin.  Surge values across most locations east of where the center of the hurricane moved ashore were higher than those of hurricane George in 1998.  As in Escambia county, almost every structure that was on the water in Santa Rosa county suffered some type of damage.  In Okaloosa county surge values were six to nine feet.  Structures that were located on or near the beach suffered major damage.  Farther to the east, storm surge values dropped off, but the wave action essentially destroyed the beach, with four to eight feet of the sand eroded away.  Low lying structures on Choctawatchee Bay also suffered major damage.  US Highway 98 between Fort Walton and Destin was again washed away.  Structures near the beach that were part of Eglin Air Force Base also suffered major damage.
The following surge values were measured in Alabama: Middle Gage at Bayou LaBatre 4.66 feet. Mobile Bay at Cedar Point 6.90 feet. Dauphin Island Bay at Dauphin Island 7.80 feet.  Mobile Bay at Dauphin Island Coast Guard 8.00 feet. Mobile River at Mobile 4.87 feet. Mobile River at Bucks 6.82 feet. Mobile Bay at Fort Morgan Front Range 7.85 feet. Perdido Pass at Orange Beach 8.81 feet.
The following surge values were measured in Northwest Florida; Perdido Bay near US Highway 98 estimated 10.00 feet. GIWW at Pensacola Gulf Beach 9.68 feet. Pensacola Bay at Fort McRee 9.70 feet. Pensacola Bay at Pensacola 10.20 feet. Escambia Bay West Bank at Highway 90 12.92 feet. Escambia Bay West Bank 1.5 miles north of I-10 12.12 feet.  Escambia Bay near Pace estimated 12.00 feet. GIWW at Gulf Breeze 10.30 feet. Pensacola Beach Fire Station estimated 12 feet. Yellow River near Milton 9.66 feet. Fort Walton Brooks Bridge 6.12 feet. Destin at Choctawatchee Bay Coast Guard 5.39 feet.
As Ivan moved ashore during the morning hours of September 16th, the winds caused major damage to trees along and east of the track of the storm.  Hurricane force winds were felt across the entire area, including all inland counties.  Most of the area probably had hurricane force winds for two to four hours.  This caused 100 year old trees to break due to the constant force from the strong winds.  Many of the trees fell on homes and vehicles and damaged them.  While some structural wind damage would have been expected, most of the major structural damage that occurred over inland areas would not have been as substantial if it had not been for fallen trees.  It was estimated that in Alabama over $500,000,000 damage was done to timber,  with an additional estimate of $250,000,000 in Escambia, Santa Rosa and Okaloosa counties in Florida.  Power was out for a week or more across the inland areas due to trees across lines.  
Along the immediate coast, power was not restored for an additional several weeks, until much of the infrastructure was rebuilt.
It was estimated that six weak tornadoes occurred across the area during the afternoon and early evening of September 15th as Ivan neared the coast.  These weak tornadoes occurred in Escambia and Santa Rosa counties in Florida, and in Baldwin, Escambia and Conecuh in Alabama and produced only minor damages.   
Seven deaths were directly related to Ivan.  Six of these were in Escambia county with one in Santa Rosa county.  In Escambia county Florida: Five people (three women and two males) drowned at different locations around Grand Lagoon as the surge inundated the area.  A male drowned after his truck ran off the damaged I-10 bridge.   In Santa Rosa county, a young female died when a tree fell on their manufactured home and killed her.  
Sixteen deaths were indirectly related to Ivan.  In Escambia county Florida: A 78 year old female died of a heart attack in a shelter just before Ivan moved ashore.  A 7 year old boy was killed as he was watching someone remove a tree and a large limb fell on him.   A 58 year old  female died when she was overcome by fumes from a generator that was not properly ventilated.  A 41 year old male died in a traffic accident at an intersection with no power and no stop lights.  A 83 year old male fell off a roof while repairing damage from Ivan.  A 63 year old male fell out of a tree in Escambia county Alabama and was taken to a Pensacola hospital where he later died from injuries sustained in the fall.  A 40 year old male died when a tree fell on him.  In Santa Rosa county: A 67 year old male died of a heart attack preparing for Ivan.  A 76 year old male died of a heart attack.  A 56 year old male died of a heart attack cleaning up days after the storm.  In Okaloosa county: A 54 year old female died of a heart attack when emergency crews could not get to her due to the storm.  A 51 year old male died of a heart attack.  A 50 year old female died days after Ivan from a drug overdose due to depression cause by the storm.  
In Covington county a 75 year old female died from a fire caused by a candle used for light after the storm.  In Conecuh county a 34 year old male died from a car accident when he hit debris still in the road from the storm.  In Mobile county a 59 year old male died when a tree fell on him after the storm.
Agriculture interests suffered a major blow from Ivan with most of the soybean and pecan crop destroyed.  The cotton crop also suffered damage but not as bad as that of the soybean and pecan crop.  
Ivan will be remembered as being one of the most damaging hurricanes to affect the coastal counties of Baldwin, Escambia and Santa Rosa in modern history.  It will also be remembered as one of  the most damaging hurricanes to affect the inland counties of Escambia, Clarke, Monroe, Conecuh and Butler  in southwest Alabama."	243
5422236	LOWER BALDWIN (ZONE)	 	9/13/2004	2100	Hurricane (Typhoon)	 	 	0	0	0	0	AL	CST	 	1179850	Z	64	MOB	0	0	OFFICIAL NWS OBS.	 	 	 	 	 	 	 	 	9/16/2004	1500	 	 	 	 		"Hurricane Ivan affected the region from September 13 through the 16th.  The coastal areas were put under a hurricane watch at 900 PM CST on September 13.  The area was put under a hurricane warning at 300 PM CST on September 14.  The hurricane warning was dropped at 900 AM CST on September 16 and we were put under a tropical storm warning.  The tropical storm warning was dropped at 300 PM CST on September 16.  
Ivan made landfall around 100 AM CST near Gulf Shores, Alabama on September 16.   An interesting note, as Ivan approached the Alabama coast during the day on the 15th, a buoy just south of the Alabama coastal waters recorded a peak wave height of 52 feet, before breaking loose of its mooring.  This was one of the highest wave heights ever observed.
Some of the winds recorded across Southwest Alabama were as follows:  Mobile Regional Airport, sustained wind of 51 knots from the north with a peak gust of 65 knots from the north northeast.  Dauphin Island, sustained wind of 61 knots from the east with a gust of 89 knots from the northeast. USS Alabama, located off the Mobile Bay causeway,  peak gust 91 knots (site is more than 100 feet high). Fairhope, peak gust 63 knots.  Semmes, peak gust 51 knots.  Grand Bay, peak gust 62 knots.  WKRG in Mobile, peak gust 64 knots.  Wallace Tunnel in Mobile, peak gust 51 knots. Gulf Shores Airport, sustained winds 73 knots with a peak gust of 100 knots (Doppler on Wheels site).  Fairhope, sustained wind 59 knots with a peak gust of 77 knots (Doppler on wheels). 
Some of the winds across Northwest Florida were as follows:  Pensacola Naval Air Station, sustained wind of 76 knots from the southeast with a gust of 93 knots from the southeast.  Pensacola Regional Airport, sustained wind of 67 knots from the southeast with a peak gust of 87 knots. West Pensacola, peak gust 84 knots.  Pensacola, sustained wind 70 knots with a peak gust of 92 knots (Doppler on wheels).  Pace, sustained wind of 73 knots with a peak gust of 87 knots (Air Products location - about 160 feet high). Escambia county EMA office peak gust 90 knots. Eglin Air Force Base sites; 2 SW of Mary Esther, peak gust 103 knots (200 feet high).  10 S Harold, peak gust 78 knots.  10 N Mary Esther, peak gust 75 knots.  5 NE Seminole, peak gust 75 knots.
Some of the lowest sea level pressures were as follows: In Alabama: Fairhope 947.9 MB.  Mobile Regional Airport 964.4 MB.  Brookley Field (Mobile) 956.0 MB.  Semmes 967.5 MB. Dauphin Island 952.7 MB.
In Florida: Pensacola Regional Airport 970.2 MB. Pensacola Naval Air Station 965.8 MB. 5 S Harold 981.4 MB.
Two day rainfall totals ending at midnight on September 16 were as follows:  In Alabama: Mobile Regional Airport (MOB) 5.56 inches. Coden 6.30 inches. Evergreen 7.25 inches. Alberta 6.85 inches. Semmes 5.00 inches. Daphne 7.5 inches. Andalusia 9.96 inches. 2 S Mobile 9.90 inches. Silverhill 10.16 inches. Robertsdale 9.35 inches. Spanish Fort 8.00 inches.
In Florida: Pensacola Naval Air Station (NPA) 8.00 inches. Pensacola (WEAR TV) 15.79 inches. Crestview 8.40 inches. Fort Walton Beach 6.06 inches. Munson 6.5 inches. Niceville 6.55 inches.  Eglin Air Force Base (VPS) 7.43 inches. 10 S Mossy Head 8.92 inches.
Storm surge values along the coast from Baldwin county east to Santa Rosa county were the highest observed in over a hundred years of record keeping .  The high surge values of 10 to 14 feet caused extensive damage to homes and condos located along the Gulf beachfront, as well as along the shoreline of area inland waterways.  Dauphin Island had several areas that were breached by the high surge.  There was less damage on Dauphin Island than with Hurricane Frederic in 1979, even with the extensive building that has occurred on the island since 1979.  In Baldwin county, the coastal areas from Fort Morgan to Gulf Shores to Orange Beach saw the worst damage from a hurricane in over a hundred years.  This area has seen rapid development in the past 20 years and it seemed that the homes and condo's constructed in the past five years held up better than homes that were constructed earlier.  Surge values were estimated between nine and twelve feet along the Baldwin county coastline, and the beach was breached at several locations.   No one died as a result of storm surge in Baldwin county.
In Escambia county Florida, surge values were estimated at ten to fourteen feet.  These coastal areas were the hardest hit, with major damage occurring from Perdido Key to Pensacola Beach.  Almost every structure that was on the waterfront in Escambia county suffered some degree of damage.  Generally, if the property elevation was below fifteen feet, water flooded the property.  Property that was on Perdido Bay, Big Lagoon, Bayou Grande, Pensacola Bay and Escambia Bay suffered major damage.  Many homes were completely washed away by the high surge.  Almost all of the deaths directly attributed to Ivan in Escambia County were surge related, and occurred near Big Lagoon.   The beach area from Perdido Key to Pensacola Beach was breached in several places.  Fort Pickens was cut off and isolated from the rest of  Pensacola Beach as a result of several breaches.  The highest surge values observed during the storm were in the upper reaches of Escambia Bay.  The surge, and accompanying wind waves, damaged the I-10 bridge across Escambia Bay.  A trucker died on the bridge when his truck plummeted off a bridge section that had been displaced by the surge. Pensacola Naval Air Station, which is located on Pensacola Bay across from Fort Pickens, suffered major damage to structures that were located on the water.  Many of the structures had been built in the late 1800's, and had been through several other hurricanes with only minor damage.   In Santa Rosa county, surge values were between nine and twelve feet.  Navarre Beach had several breaches, and major damage occurred to almost all structures that were on the Gulf front.   Major damage also occurred along the shores of Gulf Breeze and along Blackwater Bay. Some of the highest surge values in Santa Rosa county were near Ward Basin.  Surge values across most locations east of where the center of the hurricane moved ashore were higher than those of hurricane George in 1998.  As in Escambia county, almost every structure that was on the water in Santa Rosa county suffered some type of damage.  In Okaloosa county surge values were six to nine feet.  Structures that were located on or near the beach suffered major damage.  Farther to the east, storm surge values dropped off, but the wave action essentially destroyed the beach, with four to eight feet of the sand eroded away.  Low lying structures on Choctawatchee Bay also suffered major damage.  US Highway 98 between Fort Walton and Destin was again washed away.  Structures near the beach that were part of Eglin Air Force Base also suffered major damage.
The following surge values were measured in Alabama: Middle Gage at Bayou LaBatre 4.66 feet. Mobile Bay at Cedar Point 6.90 feet. Dauphin Island Bay at Dauphin Island 7.80 feet.  Mobile Bay at Dauphin Island Coast Guard 8.00 feet. Mobile River at Mobile 4.87 feet. Mobile River at Bucks 6.82 feet. Mobile Bay at Fort Morgan Front Range 7.85 feet. Perdido Pass at Orange Beach 8.81 feet.
The following surge values were measured in Northwest Florida; Perdido Bay near US Highway 98 estimated 10.00 feet. GIWW at Pensacola Gulf Beach 9.68 feet. Pensacola Bay at Fort McRee 9.70 feet. Pensacola Bay at Pensacola 10.20 feet. Escambia Bay West Bank at Highway 90 12.92 feet. Escambia Bay West Bank 1.5 miles north of I-10 12.12 feet.  Escambia Bay near Pace estimated 12.00 feet. GIWW at Gulf Breeze 10.30 feet. Pensacola Beach Fire Station estimated 12 feet. Yellow River near Milton 9.66 feet. Fort Walton Brooks Bridge 6.12 feet. Destin at Choctawatchee Bay Coast Guard 5.39 feet.
As Ivan moved ashore during the morning hours of September 16th, the winds caused major damage to trees along and east of the track of the storm.  Hurricane force winds were felt across the entire area, including all inland counties.  Most of the area probably had hurricane force winds for two to four hours.  This caused 100 year old trees to break due to the constant force from the strong winds.  Many of the trees fell on homes and vehicles and damaged them.  While some structural wind damage would have been expected, most of the major structural damage that occurred over inland areas would not have been as substantial if it had not been for fallen trees.  It was estimated that in Alabama over $500,000,000 damage was done to timber,  with an additional estimate of $250,000,000 in Escambia, Santa Rosa and Okaloosa counties in Florida.  Power was out for a week or more across the inland areas due to trees across lines.  
Along the immediate coast, power was not restored for an additional several weeks, until much of the infrastructure was rebuilt.
It was estimated that six weak tornadoes occurred across the area during the afternoon and early evening of September 15th as Ivan neared the coast.  These weak tornadoes occurred in Escambia and Santa Rosa counties in Florida, and in Baldwin, Escambia and Conecuh in Alabama and produced only minor damages.   
Seven deaths were directly related to Ivan.  Six of these were in Escambia county with one in Santa Rosa county.  In Escambia county Florida: Five people (three women and two males) drowned at different locations around Grand Lagoon as the surge inundated the area.  A male drowned after his truck ran off the damaged I-10 bridge.   In Santa Rosa county, a young female died when a tree fell on their manufactured home and killed her.  
Sixteen deaths were indirectly related to Ivan.  In Escambia county Florida: A 78 year old female died of a heart attack in a shelter just before Ivan moved ashore.  A 7 year old boy was killed as he was watching someone remove a tree and a large limb fell on him.   A 58 year old  female died when she was overcome by fumes from a generator that was not properly ventilated.  A 41 year old male died in a traffic accident at an intersection with no power and no stop lights.  A 83 year old male fell off a roof while repairing damage from Ivan.  A 63 year old male fell out of a tree in Escambia county Alabama and was taken to a Pensacola hospital where he later died from injuries sustained in the fall.  A 40 year old male died when a tree fell on him.  In Santa Rosa county: A 67 year old male died of a heart attack preparing for Ivan.  A 76 year old male died of a heart attack.  A 56 year old male died of a heart attack cleaning up days after the storm.  In Okaloosa county: A 54 year old female died of a heart attack when emergency crews could not get to her due to the storm.  A 51 year old male died of a heart attack.  A 50 year old female died days after Ivan from a drug overdose due to depression cause by the storm.  
In Covington county a 75 year old female died from a fire caused by a candle used for light after the storm.  In Conecuh county a 34 year old male died from a car accident when he hit debris still in the road from the storm.  In Mobile county a 59 year old male died when a tree fell on him after the storm.
Agriculture interests suffered a major blow from Ivan with most of the soybean and pecan crop destroyed.  The cotton crop also suffered damage but not as bad as that of the soybean and pecan crop.  
Ivan will be remembered as being one of the most damaging hurricanes to affect the coastal counties of Baldwin, Escambia and Santa Rosa in modern history.  It will also be remembered as one of  the most damaging hurricanes to affect the inland counties of Escambia, Clarke, Monroe, Conecuh and Butler  in southwest Alabama."	244
5422235	UPPER MOBILE (ZONE)	 	9/13/2004	2100	Hurricane (Typhoon)	 	 	0	0	0	0	AL	CST	 	1179850	Z	61	MOB	0	0	OFFICIAL NWS OBS.	 	 	 	 	 	 	 	 	9/16/2004	1500	 	 	 	 		"Hurricane Ivan affected the region from September 13 through the 16th.  The coastal areas were put under a hurricane watch at 900 PM CST on September 13.  The area was put under a hurricane warning at 300 PM CST on September 14.  The hurricane warning was dropped at 900 AM CST on September 16 and we were put under a tropical storm warning.  The tropical storm warning was dropped at 300 PM CST on September 16.  
Ivan made landfall around 100 AM CST near Gulf Shores, Alabama on September 16.   An interesting note, as Ivan approached the Alabama coast during the day on the 15th, a buoy just south of the Alabama coastal waters recorded a peak wave height of 52 feet, before breaking loose of its mooring.  This was one of the highest wave heights ever observed.
Some of the winds recorded across Southwest Alabama were as follows:  Mobile Regional Airport, sustained wind of 51 knots from the north with a peak gust of 65 knots from the north northeast.  Dauphin Island, sustained wind of 61 knots from the east with a gust of 89 knots from the northeast. USS Alabama, located off the Mobile Bay causeway,  peak gust 91 knots (site is more than 100 feet high). Fairhope, peak gust 63 knots.  Semmes, peak gust 51 knots.  Grand Bay, peak gust 62 knots.  WKRG in Mobile, peak gust 64 knots.  Wallace Tunnel in Mobile, peak gust 51 knots. Gulf Shores Airport, sustained winds 73 knots with a peak gust of 100 knots (Doppler on Wheels site).  Fairhope, sustained wind 59 knots with a peak gust of 77 knots (Doppler on wheels). 
Some of the winds across Northwest Florida were as follows:  Pensacola Naval Air Station, sustained wind of 76 knots from the southeast with a gust of 93 knots from the southeast.  Pensacola Regional Airport, sustained wind of 67 knots from the southeast with a peak gust of 87 knots. West Pensacola, peak gust 84 knots.  Pensacola, sustained wind 70 knots with a peak gust of 92 knots (Doppler on wheels).  Pace, sustained wind of 73 knots with a peak gust of 87 knots (Air Products location - about 160 feet high). Escambia county EMA office peak gust 90 knots. Eglin Air Force Base sites; 2 SW of Mary Esther, peak gust 103 knots (200 feet high).  10 S Harold, peak gust 78 knots.  10 N Mary Esther, peak gust 75 knots.  5 NE Seminole, peak gust 75 knots.
Some of the lowest sea level pressures were as follows: In Alabama: Fairhope 947.9 MB.  Mobile Regional Airport 964.4 MB.  Brookley Field (Mobile) 956.0 MB.  Semmes 967.5 MB. Dauphin Island 952.7 MB.
In Florida: Pensacola Regional Airport 970.2 MB. Pensacola Naval Air Station 965.8 MB. 5 S Harold 981.4 MB.
Two day rainfall totals ending at midnight on September 16 were as follows:  In Alabama: Mobile Regional Airport (MOB) 5.56 inches. Coden 6.30 inches. Evergreen 7.25 inches. Alberta 6.85 inches. Semmes 5.00 inches. Daphne 7.5 inches. Andalusia 9.96 inches. 2 S Mobile 9.90 inches. Silverhill 10.16 inches. Robertsdale 9.35 inches. Spanish Fort 8.00 inches.
In Florida: Pensacola Naval Air Station (NPA) 8.00 inches. Pensacola (WEAR TV) 15.79 inches. Crestview 8.40 inches. Fort Walton Beach 6.06 inches. Munson 6.5 inches. Niceville 6.55 inches.  Eglin Air Force Base (VPS) 7.43 inches. 10 S Mossy Head 8.92 inches.
Storm surge values along the coast from Baldwin county east to Santa Rosa county were the highest observed in over a hundred years of record keeping .  The high surge values of 10 to 14 feet caused extensive damage to homes and condos located along the Gulf beachfront, as well as along the shoreline of area inland waterways.  Dauphin Island had several areas that were breached by the high surge.  There was less damage on Dauphin Island than with Hurricane Frederic in 1979, even with the extensive building that has occurred on the island since 1979.  In Baldwin county, the coastal areas from Fort Morgan to Gulf Shores to Orange Beach saw the worst damage from a hurricane in over a hundred years.  This area has seen rapid development in the past 20 years and it seemed that the homes and condo's constructed in the past five years held up better than homes that were constructed earlier.  Surge values were estimated between nine and twelve feet along the Baldwin county coastline, and the beach was breached at several locations.   No one died as a result of storm surge in Baldwin county.
In Escambia county Florida, surge values were estimated at ten to fourteen feet.  These coastal areas were the hardest hit, with major damage occurring from Perdido Key to Pensacola Beach.  Almost every structure that was on the waterfront in Escambia county suffered some degree of damage.  Generally, if the property elevation was below fifteen feet, water flooded the property.  Property that was on Perdido Bay, Big Lagoon, Bayou Grande, Pensacola Bay and Escambia Bay suffered major damage.  Many homes were completely washed away by the high surge.  Almost all of the deaths directly attributed to Ivan in Escambia County were surge related, and occurred near Big Lagoon.   The beach area from Perdido Key to Pensacola Beach was breached in several places.  Fort Pickens was cut off and isolated from the rest of  Pensacola Beach as a result of several breaches.  The highest surge values observed during the storm were in the upper reaches of Escambia Bay.  The surge, and accompanying wind waves, damaged the I-10 bridge across Escambia Bay.  A trucker died on the bridge when his truck plummeted off a bridge section that had been displaced by the surge. Pensacola Naval Air Station, which is located on Pensacola Bay across from Fort Pickens, suffered major damage to structures that were located on the water.  Many of the structures had been built in the late 1800's, and had been through several other hurricanes with only minor damage.   In Santa Rosa county, surge values were between nine and twelve feet.  Navarre Beach had several breaches, and major damage occurred to almost all structures that were on the Gulf front.   Major damage also occurred along the shores of Gulf Breeze and along Blackwater Bay. Some of the highest surge values in Santa Rosa county were near Ward Basin.  Surge values across most locations east of where the center of the hurricane moved ashore were higher than those of hurricane George in 1998.  As in Escambia county, almost every structure that was on the water in Santa Rosa county suffered some type of damage.  In Okaloosa county surge values were six to nine feet.  Structures that were located on or near the beach suffered major damage.  Farther to the east, storm surge values dropped off, but the wave action essentially destroyed the beach, with four to eight feet of the sand eroded away.  Low lying structures on Choctawatchee Bay also suffered major damage.  US Highway 98 between Fort Walton and Destin was again washed away.  Structures near the beach that were part of Eglin Air Force Base also suffered major damage.
The following surge values were measured in Alabama: Middle Gage at Bayou LaBatre 4.66 feet. Mobile Bay at Cedar Point 6.90 feet. Dauphin Island Bay at Dauphin Island 7.80 feet.  Mobile Bay at Dauphin Island Coast Guard 8.00 feet. Mobile River at Mobile 4.87 feet. Mobile River at Bucks 6.82 feet. Mobile Bay at Fort Morgan Front Range 7.85 feet. Perdido Pass at Orange Beach 8.81 feet.
The following surge values were measured in Northwest Florida; Perdido Bay near US Highway 98 estimated 10.00 feet. GIWW at Pensacola Gulf Beach 9.68 feet. Pensacola Bay at Fort McRee 9.70 feet. Pensacola Bay at Pensacola 10.20 feet. Escambia Bay West Bank at Highway 90 12.92 feet. Escambia Bay West Bank 1.5 miles north of I-10 12.12 feet.  Escambia Bay near Pace estimated 12.00 feet. GIWW at Gulf Breeze 10.30 feet. Pensacola Beach Fire Station estimated 12 feet. Yellow River near Milton 9.66 feet. Fort Walton Brooks Bridge 6.12 feet. Destin at Choctawatchee Bay Coast Guard 5.39 feet.
As Ivan moved ashore during the morning hours of September 16th, the winds caused major damage to trees along and east of the track of the storm.  Hurricane force winds were felt across the entire area, including all inland counties.  Most of the area probably had hurricane force winds for two to four hours.  This caused 100 year old trees to break due to the constant force from the strong winds.  Many of the trees fell on homes and vehicles and damaged them.  While some structural wind damage would have been expected, most of the major structural damage that occurred over inland areas would not have been as substantial if it had not been for fallen trees.  It was estimated that in Alabama over $500,000,000 damage was done to timber,  with an additional estimate of $250,000,000 in Escambia, Santa Rosa and Okaloosa counties in Florida.  Power was out for a week or more across the inland areas due to trees across lines.  
Along the immediate coast, power was not restored for an additional several weeks, until much of the infrastructure was rebuilt.
It was estimated that six weak tornadoes occurred across the area during the afternoon and early evening of September 15th as Ivan neared the coast.  These weak tornadoes occurred in Escambia and Santa Rosa counties in Florida, and in Baldwin, Escambia and Conecuh in Alabama and produced only minor damages.   
Seven deaths were directly related to Ivan.  Six of these were in Escambia county with one in Santa Rosa county.  In Escambia county Florida: Five people (three women and two males) drowned at different locations around Grand Lagoon as the surge inundated the area.  A male drowned after his truck ran off the damaged I-10 bridge.   In Santa Rosa county, a young female died when a tree fell on their manufactured home and killed her.  
Sixteen deaths were indirectly related to Ivan.  In Escambia county Florida: A 78 year old female died of a heart attack in a shelter just before Ivan moved ashore.  A 7 year old boy was killed as he was watching someone remove a tree and a large limb fell on him.   A 58 year old  female died when she was overcome by fumes from a generator that was not properly ventilated.  A 41 year old male died in a traffic accident at an intersection with no power and no stop lights.  A 83 year old male fell off a roof while repairing damage from Ivan.  A 63 year old male fell out of a tree in Escambia county Alabama and was taken to a Pensacola hospital where he later died from injuries sustained in the fall.  A 40 year old male died when a tree fell on him.  In Santa Rosa county: A 67 year old male died of a heart attack preparing for Ivan.  A 76 year old male died of a heart attack.  A 56 year old male died of a heart attack cleaning up days after the storm.  In Okaloosa county: A 54 year old female died of a heart attack when emergency crews could not get to her due to the storm.  A 51 year old male died of a heart attack.  A 50 year old female died days after Ivan from a drug overdose due to depression cause by the storm.  
In Covington county a 75 year old female died from a fire caused by a candle used for light after the storm.  In Conecuh county a 34 year old male died from a car accident when he hit debris still in the road from the storm.  In Mobile county a 59 year old male died when a tree fell on him after the storm.
Agriculture interests suffered a major blow from Ivan with most of the soybean and pecan crop destroyed.  The cotton crop also suffered damage but not as bad as that of the soybean and pecan crop.  
Ivan will be remembered as being one of the most damaging hurricanes to affect the coastal counties of Baldwin, Escambia and Santa Rosa in modern history.  It will also be remembered as one of  the most damaging hurricanes to affect the inland counties of Escambia, Clarke, Monroe, Conecuh and Butler  in southwest Alabama."	245
5422309	GEORGE (ZONE)	 	9/14/2004	1334	Hurricane (Typhoon)	 	 	0	0	200000	0	MS	CST	 	1179852	Z	79	MOB	0	0	NWS STORM SURVEY	 	 	 	 	 	 	 	 	9/16/2004	1500	 	 	 	 		Please see the detailed narrative on Hurricane Ivan under Alabama, Southwest, September 13-16, 2004.  Hurricane force winds, primarily in gusts, occurred over most interior portions of southeast Mississippi during the late evening hours of September 15th ,and the very early morning hours of September 16th.  Duration of the winds producing hurricane force gusts was around two  hours. These strong winds downed some trees across the region, some of which fell onto structures which were damaged as a result.   Although Ivan did produce wind damage across southeast Mississippi, this damage was neither as widespread nor as severe as was the wind damage over much of southwest Alabama and the western Florida panhandle.	246
5422313	WAYNE (ZONE)	 	9/14/2004	1334	Hurricane (Typhoon)	 	 	0	0	0	0	MS	CST	 	1179852	Z	67	MOB	0	0	NWS STORM SURVEY	 	 	 	 	 	 	 	 	9/16/2004	1500	 	 	 	 		Please see the detailed narrative on Hurricane Ivan under Alabama, Southwest, September 13-16, 2004.  Hurricane force winds, primarily in gusts, occurred over most interior portions of southeast Mississippi during the late evening hours of September 15th ,and the very early morning hours of September 16th.  Duration of the winds producing hurricane force gusts was around two  hours. These strong winds downed some trees across the region, some of which fell onto structures which were damaged as a result.   Although Ivan did produce wind damage across southeast Mississippi, this damage was neither as widespread nor as severe as was the wind damage over much of southwest Alabama and the western Florida panhandle.	247
5422312	STONE (ZONE)	 	9/14/2004	1334	Hurricane (Typhoon)	 	 	0	0	0	0	MS	CST	 	1179852	Z	78	MOB	0	0	NWS STORM SURVEY	 	 	 	 	 	 	 	 	9/16/2004	1500	 	 	 	 		Please see the detailed narrative on Hurricane Ivan under Alabama, Southwest, September 13-16, 2004.  Hurricane force winds, primarily in gusts, occurred over most interior portions of southeast Mississippi during the late evening hours of September 15th ,and the very early morning hours of September 16th.  Duration of the winds producing hurricane force gusts was around two  hours. These strong winds downed some trees across the region, some of which fell onto structures which were damaged as a result.   Although Ivan did produce wind damage across southeast Mississippi, this damage was neither as widespread nor as severe as was the wind damage over much of southwest Alabama and the western Florida panhandle.	248
5422311	PERRY (ZONE)	 	9/14/2004	1334	Hurricane (Typhoon)	 	 	0	0	0	0	MS	CST	 	1179852	Z	75	MOB	0	0	NWS STORM SURVEY	 	 	 	 	 	 	 	 	9/16/2004	1500	 	 	 	 		Please see the detailed narrative on Hurricane Ivan under Alabama, Southwest, September 13-16, 2004.  Hurricane force winds, primarily in gusts, occurred over most interior portions of southeast Mississippi during the late evening hours of September 15th ,and the very early morning hours of September 16th.  Duration of the winds producing hurricane force gusts was around two  hours. These strong winds downed some trees across the region, some of which fell onto structures which were damaged as a result.   Although Ivan did produce wind damage across southeast Mississippi, this damage was neither as widespread nor as severe as was the wind damage over much of southwest Alabama and the western Florida panhandle.	249
5422310	GREENE (ZONE)	 	9/14/2004	1334	Hurricane (Typhoon)	 	 	0	0	0	0	MS	CST	 	1179852	Z	76	MOB	0	0	NWS STORM SURVEY	 	 	 	 	 	 	 	 	9/16/2004	1500	 	 	 	 		Please see the detailed narrative on Hurricane Ivan under Alabama, Southwest, September 13-16, 2004.  Hurricane force winds, primarily in gusts, occurred over most interior portions of southeast Mississippi during the late evening hours of September 15th ,and the very early morning hours of September 16th.  Duration of the winds producing hurricane force gusts was around two  hours. These strong winds downed some trees across the region, some of which fell onto structures which were damaged as a result.   Although Ivan did produce wind damage across southeast Mississippi, this damage was neither as widespread nor as severe as was the wind damage over much of southwest Alabama and the western Florida panhandle.	250
5423055	BAY (ZONE)	 	9/15/2004	0	Hurricane (Typhoon)	 	 	2	8	25000000	0	FL	EST	 	1180476	Z	12	TAE	0	0	EMERGENCY MANAGER	 	 	 	 	 	 	 	 	9/16/2004	2100	 	 	 	 		Hurricane Ivan made landfall near Gulf Shores, AL, during the predawn hours of September 16.  Maximum sustained winds reached 50 knots, with gusts to 62 knots at Buoy 42039, 80 miles south of Panama City, FL.  The lowest sea-level pressure was 999.6 mb at Panama City.  Rainfall totals ranged from 9.26 inches at Mossy Head, FL, to 0.15 inches at Cross City, FL.  Storm tides along the Gulf coast varied from ten feet in Bay and Walton counties to four feet in Taylor and Dixie counties.  Large swells from Ivan began to the affect the Gulf coast from the St. Joseph Peninsula to the Suwannee River on September 14.  Storm surges continued for several hours after landfall.  Beach erosion varied from extreme (20 to 40 feet) in Walton County to minor at St. George Island.  Minor areal flooding affected much of the Florida Panhandle, including Walton, Bay, Holmes, Calhoun, Jackson and Gulf counties.  Sharp rises to near or slightly above minor flood levels occurred on the Choctawhatchee River at Caryville, the Apalachicola River at Blountstown, and the Shoal River at Mossy Head.  An estimated 165,000 customers were without power.  There were widespread reports of downed trees and power lines.  The hardest hit areas were Gulf, Bay, and Walton counties, where more than 50 percent of homes and businesses were damaged or destroyed.  Numerous roads in the Panhandle coastal counties were flooded or washed out.  Intense outer rain bands from Ivan spawned numerous tornadoes over portions of the Florida Panhandle and Big Bend.  The hardest hit counties were Bay, Calhoun, and Jackson counties, which accounted for six deaths and 16 injuries.  Mandatory evacuations of low lying, coastal, and mobile home residents was ordered by officials in Bay, Walton, Jackson, Holmes, Jackson, Franklin, and Taylor counties.  A state of emergency and presidential request for federal assistance were declared for the affected counties.	251
5423069	MADISON (ZONE)	 	9/15/2004	0	Hurricane (Typhoon)	 	 	0	0	25000	0	FL	EST	 	1180476	Z	19	TAE	0	0	EMERGENCY MANAGER	 	 	 	 	 	 	 	 	9/16/2004	2100	 	 	 	 		Hurricane Ivan made landfall near Gulf Shores, AL, during the predawn hours of September 16.  Maximum sustained winds reached 50 knots, with gusts to 62 knots at Buoy 42039, 80 miles south of Panama City, FL.  The lowest sea-level pressure was 999.6 mb at Panama City.  Rainfall totals ranged from 9.26 inches at Mossy Head, FL, to 0.15 inches at Cross City, FL.  Storm tides along the Gulf coast varied from ten feet in Bay and Walton counties to four feet in Taylor and Dixie counties.  Large swells from Ivan began to the affect the Gulf coast from the St. Joseph Peninsula to the Suwannee River on September 14.  Storm surges continued for several hours after landfall.  Beach erosion varied from extreme (20 to 40 feet) in Walton County to minor at St. George Island.  Minor areal flooding affected much of the Florida Panhandle, including Walton, Bay, Holmes, Calhoun, Jackson and Gulf counties.  Sharp rises to near or slightly above minor flood levels occurred on the Choctawhatchee River at Caryville, the Apalachicola River at Blountstown, and the Shoal River at Mossy Head.  An estimated 165,000 customers were without power.  There were widespread reports of downed trees and power lines.  The hardest hit areas were Gulf, Bay, and Walton counties, where more than 50 percent of homes and businesses were damaged or destroyed.  Numerous roads in the Panhandle coastal counties were flooded or washed out.  Intense outer rain bands from Ivan spawned numerous tornadoes over portions of the Florida Panhandle and Big Bend.  The hardest hit counties were Bay, Calhoun, and Jackson counties, which accounted for six deaths and 16 injuries.  Mandatory evacuations of low lying, coastal, and mobile home residents was ordered by officials in Bay, Walton, Jackson, Holmes, Jackson, Franklin, and Taylor counties.  A state of emergency and presidential request for federal assistance were declared for the affected counties.	252
5423063	INLAND WALTON (ZONE)	 	9/15/2004	0	Hurricane (Typhoon)	 	 	0	0	5000000	0	FL	EST	 	1180476	Z	7	TAE	0	0	EMERGENCY MANAGER	 	 	 	 	 	 	 	 	9/16/2004	2100	 	 	 	 		Hurricane Ivan made landfall near Gulf Shores, AL, during the predawn hours of September 16.  Maximum sustained winds reached 50 knots, with gusts to 62 knots at Buoy 42039, 80 miles south of Panama City, FL.  The lowest sea-level pressure was 999.6 mb at Panama City.  Rainfall totals ranged from 9.26 inches at Mossy Head, FL, to 0.15 inches at Cross City, FL.  Storm tides along the Gulf coast varied from ten feet in Bay and Walton counties to four feet in Taylor and Dixie counties.  Large swells from Ivan began to the affect the Gulf coast from the St. Joseph Peninsula to the Suwannee River on September 14.  Storm surges continued for several hours after landfall.  Beach erosion varied from extreme (20 to 40 feet) in Walton County to minor at St. George Island.  Minor areal flooding affected much of the Florida Panhandle, including Walton, Bay, Holmes, Calhoun, Jackson and Gulf counties.  Sharp rises to near or slightly above minor flood levels occurred on the Choctawhatchee River at Caryville, the Apalachicola River at Blountstown, and the Shoal River at Mossy Head.  An estimated 165,000 customers were without power.  There were widespread reports of downed trees and power lines.  The hardest hit areas were Gulf, Bay, and Walton counties, where more than 50 percent of homes and businesses were damaged or destroyed.  Numerous roads in the Panhandle coastal counties were flooded or washed out.  Intense outer rain bands from Ivan spawned numerous tornadoes over portions of the Florida Panhandle and Big Bend.  The hardest hit counties were Bay, Calhoun, and Jackson counties, which accounted for six deaths and 16 injuries.  Mandatory evacuations of low lying, coastal, and mobile home residents was ordered by officials in Bay, Walton, Jackson, Holmes, Jackson, Franklin, and Taylor counties.  A state of emergency and presidential request for federal assistance were declared for the affected counties.	253
5423070	TAYLOR (ZONE)	 	9/15/2004	0	Hurricane (Typhoon)	 	 	0	0	50000	0	FL	EST	 	1180476	Z	28	TAE	0	0	EMERGENCY MANAGER	 	 	 	 	 	 	 	 	9/16/2004	2100	 	 	 	 		Hurricane Ivan made landfall near Gulf Shores, AL, during the predawn hours of September 16.  Maximum sustained winds reached 50 knots, with gusts to 62 knots at Buoy 42039, 80 miles south of Panama City, FL.  The lowest sea-level pressure was 999.6 mb at Panama City.  Rainfall totals ranged from 9.26 inches at Mossy Head, FL, to 0.15 inches at Cross City, FL.  Storm tides along the Gulf coast varied from ten feet in Bay and Walton counties to four feet in Taylor and Dixie counties.  Large swells from Ivan began to the affect the Gulf coast from the St. Joseph Peninsula to the Suwannee River on September 14.  Storm surges continued for several hours after landfall.  Beach erosion varied from extreme (20 to 40 feet) in Walton County to minor at St. George Island.  Minor areal flooding affected much of the Florida Panhandle, including Walton, Bay, Holmes, Calhoun, Jackson and Gulf counties.  Sharp rises to near or slightly above minor flood levels occurred on the Choctawhatchee River at Caryville, the Apalachicola River at Blountstown, and the Shoal River at Mossy Head.  An estimated 165,000 customers were without power.  There were widespread reports of downed trees and power lines.  The hardest hit areas were Gulf, Bay, and Walton counties, where more than 50 percent of homes and businesses were damaged or destroyed.  Numerous roads in the Panhandle coastal counties were flooded or washed out.  Intense outer rain bands from Ivan spawned numerous tornadoes over portions of the Florida Panhandle and Big Bend.  The hardest hit counties were Bay, Calhoun, and Jackson counties, which accounted for six deaths and 16 injuries.  Mandatory evacuations of low lying, coastal, and mobile home residents was ordered by officials in Bay, Walton, Jackson, Holmes, Jackson, Franklin, and Taylor counties.  A state of emergency and presidential request for federal assistance were declared for the affected counties.	254
5423058	DIXIE (ZONE)	 	9/15/2004	0	Hurricane (Typhoon)	 	 	0	0	50000	0	FL	EST	 	1180476	Z	34	TAE	0	0	EMERGENCY MANAGER	 	 	 	 	 	 	 	 	9/16/2004	2100	 	 	 	 		Hurricane Ivan made landfall near Gulf Shores, AL, during the predawn hours of September 16.  Maximum sustained winds reached 50 knots, with gusts to 62 knots at Buoy 42039, 80 miles south of Panama City, FL.  The lowest sea-level pressure was 999.6 mb at Panama City.  Rainfall totals ranged from 9.26 inches at Mossy Head, FL, to 0.15 inches at Cross City, FL.  Storm tides along the Gulf coast varied from ten feet in Bay and Walton counties to four feet in Taylor and Dixie counties.  Large swells from Ivan began to the affect the Gulf coast from the St. Joseph Peninsula to the Suwannee River on September 14.  Storm surges continued for several hours after landfall.  Beach erosion varied from extreme (20 to 40 feet) in Walton County to minor at St. George Island.  Minor areal flooding affected much of the Florida Panhandle, including Walton, Bay, Holmes, Calhoun, Jackson and Gulf counties.  Sharp rises to near or slightly above minor flood levels occurred on the Choctawhatchee River at Caryville, the Apalachicola River at Blountstown, and the Shoal River at Mossy Head.  An estimated 165,000 customers were without power.  There were widespread reports of downed trees and power lines.  The hardest hit areas were Gulf, Bay, and Walton counties, where more than 50 percent of homes and businesses were damaged or destroyed.  Numerous roads in the Panhandle coastal counties were flooded or washed out.  Intense outer rain bands from Ivan spawned numerous tornadoes over portions of the Florida Panhandle and Big Bend.  The hardest hit counties were Bay, Calhoun, and Jackson counties, which accounted for six deaths and 16 injuries.  Mandatory evacuations of low lying, coastal, and mobile home residents was ordered by officials in Bay, Walton, Jackson, Holmes, Jackson, Franklin, and Taylor counties.  A state of emergency and presidential request for federal assistance were declared for the affected counties.	255
5423062	HOLMES (ZONE)	 	9/15/2004	0	Hurricane (Typhoon)	 	 	0	0	500000	0	FL	EST	 	1180476	Z	9	TAE	0	0	EMERGENCY MANAGER	 	 	 	 	 	 	 	 	9/16/2004	2100	 	 	 	 		Hurricane Ivan made landfall near Gulf Shores, AL, during the predawn hours of September 16.  Maximum sustained winds reached 50 knots, with gusts to 62 knots at Buoy 42039, 80 miles south of Panama City, FL.  The lowest sea-level pressure was 999.6 mb at Panama City.  Rainfall totals ranged from 9.26 inches at Mossy Head, FL, to 0.15 inches at Cross City, FL.  Storm tides along the Gulf coast varied from ten feet in Bay and Walton counties to four feet in Taylor and Dixie counties.  Large swells from Ivan began to the affect the Gulf coast from the St. Joseph Peninsula to the Suwannee River on September 14.  Storm surges continued for several hours after landfall.  Beach erosion varied from extreme (20 to 40 feet) in Walton County to minor at St. George Island.  Minor areal flooding affected much of the Florida Panhandle, including Walton, Bay, Holmes, Calhoun, Jackson and Gulf counties.  Sharp rises to near or slightly above minor flood levels occurred on the Choctawhatchee River at Caryville, the Apalachicola River at Blountstown, and the Shoal River at Mossy Head.  An estimated 165,000 customers were without power.  There were widespread reports of downed trees and power lines.  The hardest hit areas were Gulf, Bay, and Walton counties, where more than 50 percent of homes and businesses were damaged or destroyed.  Numerous roads in the Panhandle coastal counties were flooded or washed out.  Intense outer rain bands from Ivan spawned numerous tornadoes over portions of the Florida Panhandle and Big Bend.  The hardest hit counties were Bay, Calhoun, and Jackson counties, which accounted for six deaths and 16 injuries.  Mandatory evacuations of low lying, coastal, and mobile home residents was ordered by officials in Bay, Walton, Jackson, Holmes, Jackson, Franklin, and Taylor counties.  A state of emergency and presidential request for federal assistance were declared for the affected counties.	256
5423061	GULF (ZONE)	 	9/15/2004	0	Hurricane (Typhoon)	 	 	0	0	30000000	0	FL	EST	 	1180476	Z	14	TAE	0	0	EMERGENCY MANAGER	 	 	 	 	 	 	 	 	9/16/2004	2100	 	 	 	 		Hurricane Ivan made landfall near Gulf Shores, AL, during the predawn hours of September 16.  Maximum sustained winds reached 50 knots, with gusts to 62 knots at Buoy 42039, 80 miles south of Panama City, FL.  The lowest sea-level pressure was 999.6 mb at Panama City.  Rainfall totals ranged from 9.26 inches at Mossy Head, FL, to 0.15 inches at Cross City, FL.  Storm tides along the Gulf coast varied from ten feet in Bay and Walton counties to four feet in Taylor and Dixie counties.  Large swells from Ivan began to the affect the Gulf coast from the St. Joseph Peninsula to the Suwannee River on September 14.  Storm surges continued for several hours after landfall.  Beach erosion varied from extreme (20 to 40 feet) in Walton County to minor at St. George Island.  Minor areal flooding affected much of the Florida Panhandle, including Walton, Bay, Holmes, Calhoun, Jackson and Gulf counties.  Sharp rises to near or slightly above minor flood levels occurred on the Choctawhatchee River at Caryville, the Apalachicola River at Blountstown, and the Shoal River at Mossy Head.  An estimated 165,000 customers were without power.  There were widespread reports of downed trees and power lines.  The hardest hit areas were Gulf, Bay, and Walton counties, where more than 50 percent of homes and businesses were damaged or destroyed.  Numerous roads in the Panhandle coastal counties were flooded or washed out.  Intense outer rain bands from Ivan spawned numerous tornadoes over portions of the Florida Panhandle and Big Bend.  The hardest hit counties were Bay, Calhoun, and Jackson counties, which accounted for six deaths and 16 injuries.  Mandatory evacuations of low lying, coastal, and mobile home residents was ordered by officials in Bay, Walton, Jackson, Holmes, Jackson, Franklin, and Taylor counties.  A state of emergency and presidential request for federal assistance were declared for the affected counties.	257
5423059	FRANKLIN (ZONE)	 	9/15/2004	0	Hurricane (Typhoon)	 	 	0	0	150000	0	FL	EST	 	1180476	Z	15	TAE	0	0	EMERGENCY MANAGER	 	 	 	 	 	 	 	 	9/16/2004	2100	 	 	 	 		Hurricane Ivan made landfall near Gulf Shores, AL, during the predawn hours of September 16.  Maximum sustained winds reached 50 knots, with gusts to 62 knots at Buoy 42039, 80 miles south of Panama City, FL.  The lowest sea-level pressure was 999.6 mb at Panama City.  Rainfall totals ranged from 9.26 inches at Mossy Head, FL, to 0.15 inches at Cross City, FL.  Storm tides along the Gulf coast varied from ten feet in Bay and Walton counties to four feet in Taylor and Dixie counties.  Large swells from Ivan began to the affect the Gulf coast from the St. Joseph Peninsula to the Suwannee River on September 14.  Storm surges continued for several hours after landfall.  Beach erosion varied from extreme (20 to 40 feet) in Walton County to minor at St. George Island.  Minor areal flooding affected much of the Florida Panhandle, including Walton, Bay, Holmes, Calhoun, Jackson and Gulf counties.  Sharp rises to near or slightly above minor flood levels occurred on the Choctawhatchee River at Caryville, the Apalachicola River at Blountstown, and the Shoal River at Mossy Head.  An estimated 165,000 customers were without power.  There were widespread reports of downed trees and power lines.  The hardest hit areas were Gulf, Bay, and Walton counties, where more than 50 percent of homes and businesses were damaged or destroyed.  Numerous roads in the Panhandle coastal counties were flooded or washed out.  Intense outer rain bands from Ivan spawned numerous tornadoes over portions of the Florida Panhandle and Big Bend.  The hardest hit counties were Bay, Calhoun, and Jackson counties, which accounted for six deaths and 16 injuries.  Mandatory evacuations of low lying, coastal, and mobile home residents was ordered by officials in Bay, Walton, Jackson, Holmes, Jackson, Franklin, and Taylor counties.  A state of emergency and presidential request for federal assistance were declared for the affected counties.	258
5423060	GADSDEN (ZONE)	 	9/15/2004	0	Hurricane (Typhoon)	 	 	0	0	50000	0	FL	EST	 	1180476	Z	16	TAE	0	0	EMERGENCY MANAGER	 	 	 	 	 	 	 	 	9/16/2004	2100	 	 	 	 		Hurricane Ivan made landfall near Gulf Shores, AL, during the predawn hours of September 16.  Maximum sustained winds reached 50 knots, with gusts to 62 knots at Buoy 42039, 80 miles south of Panama City, FL.  The lowest sea-level pressure was 999.6 mb at Panama City.  Rainfall totals ranged from 9.26 inches at Mossy Head, FL, to 0.15 inches at Cross City, FL.  Storm tides along the Gulf coast varied from ten feet in Bay and Walton counties to four feet in Taylor and Dixie counties.  Large swells from Ivan began to the affect the Gulf coast from the St. Joseph Peninsula to the Suwannee River on September 14.  Storm surges continued for several hours after landfall.  Beach erosion varied from extreme (20 to 40 feet) in Walton County to minor at St. George Island.  Minor areal flooding affected much of the Florida Panhandle, including Walton, Bay, Holmes, Calhoun, Jackson and Gulf counties.  Sharp rises to near or slightly above minor flood levels occurred on the Choctawhatchee River at Caryville, the Apalachicola River at Blountstown, and the Shoal River at Mossy Head.  An estimated 165,000 customers were without power.  There were widespread reports of downed trees and power lines.  The hardest hit areas were Gulf, Bay, and Walton counties, where more than 50 percent of homes and businesses were damaged or destroyed.  Numerous roads in the Panhandle coastal counties were flooded or washed out.  Intense outer rain bands from Ivan spawned numerous tornadoes over portions of the Florida Panhandle and Big Bend.  The hardest hit counties were Bay, Calhoun, and Jackson counties, which accounted for six deaths and 16 injuries.  Mandatory evacuations of low lying, coastal, and mobile home residents was ordered by officials in Bay, Walton, Jackson, Holmes, Jackson, Franklin, and Taylor counties.  A state of emergency and presidential request for federal assistance were declared for the affected counties.	259
5423072	WASHINGTON (ZONE)	 	9/15/2004	0	Hurricane (Typhoon)	 	 	0	0	1500000	0	FL	EST	 	1180476	Z	10	TAE	0	0	EMERGENCY MANAGER	 	 	 	 	 	 	 	 	9/16/2004	2100	 	 	 	 		Hurricane Ivan made landfall near Gulf Shores, AL, during the predawn hours of September 16.  Maximum sustained winds reached 50 knots, with gusts to 62 knots at Buoy 42039, 80 miles south of Panama City, FL.  The lowest sea-level pressure was 999.6 mb at Panama City.  Rainfall totals ranged from 9.26 inches at Mossy Head, FL, to 0.15 inches at Cross City, FL.  Storm tides along the Gulf coast varied from ten feet in Bay and Walton counties to four feet in Taylor and Dixie counties.  Large swells from Ivan began to the affect the Gulf coast from the St. Joseph Peninsula to the Suwannee River on September 14.  Storm surges continued for several hours after landfall.  Beach erosion varied from extreme (20 to 40 feet) in Walton County to minor at St. George Island.  Minor areal flooding affected much of the Florida Panhandle, including Walton, Bay, Holmes, Calhoun, Jackson and Gulf counties.  Sharp rises to near or slightly above minor flood levels occurred on the Choctawhatchee River at Caryville, the Apalachicola River at Blountstown, and the Shoal River at Mossy Head.  An estimated 165,000 customers were without power.  There were widespread reports of downed trees and power lines.  The hardest hit areas were Gulf, Bay, and Walton counties, where more than 50 percent of homes and businesses were damaged or destroyed.  Numerous roads in the Panhandle coastal counties were flooded or washed out.  Intense outer rain bands from Ivan spawned numerous tornadoes over portions of the Florida Panhandle and Big Bend.  The hardest hit counties were Bay, Calhoun, and Jackson counties, which accounted for six deaths and 16 injuries.  Mandatory evacuations of low lying, coastal, and mobile home residents was ordered by officials in Bay, Walton, Jackson, Holmes, Jackson, Franklin, and Taylor counties.  A state of emergency and presidential request for federal assistance were declared for the affected counties.	260
5423064	JACKSON (ZONE)	 	9/15/2004	0	Hurricane (Typhoon)	 	 	0	3	5000000	0	FL	EST	 	1180476	Z	11	TAE	0	0	EMERGENCY MANAGER	 	 	 	 	 	 	 	 	9/16/2004	2100	 	 	 	 		Hurricane Ivan made landfall near Gulf Shores, AL, during the predawn hours of September 16.  Maximum sustained winds reached 50 knots, with gusts to 62 knots at Buoy 42039, 80 miles south of Panama City, FL.  The lowest sea-level pressure was 999.6 mb at Panama City.  Rainfall totals ranged from 9.26 inches at Mossy Head, FL, to 0.15 inches at Cross City, FL.  Storm tides along the Gulf coast varied from ten feet in Bay and Walton counties to four feet in Taylor and Dixie counties.  Large swells from Ivan began to the affect the Gulf coast from the St. Joseph Peninsula to the Suwannee River on September 14.  Storm surges continued for several hours after landfall.  Beach erosion varied from extreme (20 to 40 feet) in Walton County to minor at St. George Island.  Minor areal flooding affected much of the Florida Panhandle, including Walton, Bay, Holmes, Calhoun, Jackson and Gulf counties.  Sharp rises to near or slightly above minor flood levels occurred on the Choctawhatchee River at Caryville, the Apalachicola River at Blountstown, and the Shoal River at Mossy Head.  An estimated 165,000 customers were without power.  There were widespread reports of downed trees and power lines.  The hardest hit areas were Gulf, Bay, and Walton counties, where more than 50 percent of homes and businesses were damaged or destroyed.  Numerous roads in the Panhandle coastal counties were flooded or washed out.  Intense outer rain bands from Ivan spawned numerous tornadoes over portions of the Florida Panhandle and Big Bend.  The hardest hit counties were Bay, Calhoun, and Jackson counties, which accounted for six deaths and 16 injuries.  Mandatory evacuations of low lying, coastal, and mobile home residents was ordered by officials in Bay, Walton, Jackson, Holmes, Jackson, Franklin, and Taylor counties.  A state of emergency and presidential request for federal assistance were declared for the affected counties.	261
5423065	JEFFERSON (ZONE)	 	9/15/2004	0	Hurricane (Typhoon)	 	 	0	0	100000	0	FL	EST	 	1180476	Z	18	TAE	0	0	EMERGENCY MANAGER	 	 	 	 	 	 	 	 	9/16/2004	2100	 	 	 	 		Hurricane Ivan made landfall near Gulf Shores, AL, during the predawn hours of September 16.  Maximum sustained winds reached 50 knots, with gusts to 62 knots at Buoy 42039, 80 miles south of Panama City, FL.  The lowest sea-level pressure was 999.6 mb at Panama City.  Rainfall totals ranged from 9.26 inches at Mossy Head, FL, to 0.15 inches at Cross City, FL.  Storm tides along the Gulf coast varied from ten feet in Bay and Walton counties to four feet in Taylor and Dixie counties.  Large swells from Ivan began to the affect the Gulf coast from the St. Joseph Peninsula to the Suwannee River on September 14.  Storm surges continued for several hours after landfall.  Beach erosion varied from extreme (20 to 40 feet) in Walton County to minor at St. George Island.  Minor areal flooding affected much of the Florida Panhandle, including Walton, Bay, Holmes, Calhoun, Jackson and Gulf counties.  Sharp rises to near or slightly above minor flood levels occurred on the Choctawhatchee River at Caryville, the Apalachicola River at Blountstown, and the Shoal River at Mossy Head.  An estimated 165,000 customers were without power.  There were widespread reports of downed trees and power lines.  The hardest hit areas were Gulf, Bay, and Walton counties, where more than 50 percent of homes and businesses were damaged or destroyed.  Numerous roads in the Panhandle coastal counties were flooded or washed out.  Intense outer rain bands from Ivan spawned numerous tornadoes over portions of the Florida Panhandle and Big Bend.  The hardest hit counties were Bay, Calhoun, and Jackson counties, which accounted for six deaths and 16 injuries.  Mandatory evacuations of low lying, coastal, and mobile home residents was ordered by officials in Bay, Walton, Jackson, Holmes, Jackson, Franklin, and Taylor counties.  A state of emergency and presidential request for federal assistance were declared for the affected counties.	262
5423056	CALHOUN (ZONE)	 	9/15/2004	0	Hurricane (Typhoon)	 	 	4	5	2500000	0	FL	EST	 	1180476	Z	13	TAE	0	0	EMERGENCY MANAGER	 	 	 	 	 	 	 	 	9/16/2004	2100	 	 	 	 		Hurricane Ivan made landfall near Gulf Shores, AL, during the predawn hours of September 16.  Maximum sustained winds reached 50 knots, with gusts to 62 knots at Buoy 42039, 80 miles south of Panama City, FL.  The lowest sea-level pressure was 999.6 mb at Panama City.  Rainfall totals ranged from 9.26 inches at Mossy Head, FL, to 0.15 inches at Cross City, FL.  Storm tides along the Gulf coast varied from ten feet in Bay and Walton counties to four feet in Taylor and Dixie counties.  Large swells from Ivan began to the affect the Gulf coast from the St. Joseph Peninsula to the Suwannee River on September 14.  Storm surges continued for several hours after landfall.  Beach erosion varied from extreme (20 to 40 feet) in Walton County to minor at St. George Island.  Minor areal flooding affected much of the Florida Panhandle, including Walton, Bay, Holmes, Calhoun, Jackson and Gulf counties.  Sharp rises to near or slightly above minor flood levels occurred on the Choctawhatchee River at Caryville, the Apalachicola River at Blountstown, and the Shoal River at Mossy Head.  An estimated 165,000 customers were without power.  There were widespread reports of downed trees and power lines.  The hardest hit areas were Gulf, Bay, and Walton counties, where more than 50 percent of homes and businesses were damaged or destroyed.  Numerous roads in the Panhandle coastal counties were flooded or washed out.  Intense outer rain bands from Ivan spawned numerous tornadoes over portions of the Florida Panhandle and Big Bend.  The hardest hit counties were Bay, Calhoun, and Jackson counties, which accounted for six deaths and 16 injuries.  Mandatory evacuations of low lying, coastal, and mobile home residents was ordered by officials in Bay, Walton, Jackson, Holmes, Jackson, Franklin, and Taylor counties.  A state of emergency and presidential request for federal assistance were declared for the affected counties.	263
5423067	LEON (ZONE)	 	9/15/2004	0	Hurricane (Typhoon)	 	 	0	0	250000	0	FL	EST	 	1180476	Z	17	TAE	0	0	EMERGENCY MANAGER	 	 	 	 	 	 	 	 	9/16/2004	2100	 	 	 	 		Hurricane Ivan made landfall near Gulf Shores, AL, during the predawn hours of September 16.  Maximum sustained winds reached 50 knots, with gusts to 62 knots at Buoy 42039, 80 miles south of Panama City, FL.  The lowest sea-level pressure was 999.6 mb at Panama City.  Rainfall totals ranged from 9.26 inches at Mossy Head, FL, to 0.15 inches at Cross City, FL.  Storm tides along the Gulf coast varied from ten feet in Bay and Walton counties to four feet in Taylor and Dixie counties.  Large swells from Ivan began to the affect the Gulf coast from the St. Joseph Peninsula to the Suwannee River on September 14.  Storm surges continued for several hours after landfall.  Beach erosion varied from extreme (20 to 40 feet) in Walton County to minor at St. George Island.  Minor areal flooding affected much of the Florida Panhandle, including Walton, Bay, Holmes, Calhoun, Jackson and Gulf counties.  Sharp rises to near or slightly above minor flood levels occurred on the Choctawhatchee River at Caryville, the Apalachicola River at Blountstown, and the Shoal River at Mossy Head.  An estimated 165,000 customers were without power.  There were widespread reports of downed trees and power lines.  The hardest hit areas were Gulf, Bay, and Walton counties, where more than 50 percent of homes and businesses were damaged or destroyed.  Numerous roads in the Panhandle coastal counties were flooded or washed out.  Intense outer rain bands from Ivan spawned numerous tornadoes over portions of the Florida Panhandle and Big Bend.  The hardest hit counties were Bay, Calhoun, and Jackson counties, which accounted for six deaths and 16 injuries.  Mandatory evacuations of low lying, coastal, and mobile home residents was ordered by officials in Bay, Walton, Jackson, Holmes, Jackson, Franklin, and Taylor counties.  A state of emergency and presidential request for federal assistance were declared for the affected counties.	264
5423068	LIBERTY (ZONE)	 	9/15/2004	0	Hurricane (Typhoon)	 	 	0	0	100000	0	FL	EST	 	1180476	Z	26	TAE	0	0	EMERGENCY MANAGER	 	 	 	 	 	 	 	 	9/16/2004	2100	 	 	 	 		Hurricane Ivan made landfall near Gulf Shores, AL, during the predawn hours of September 16.  Maximum sustained winds reached 50 knots, with gusts to 62 knots at Buoy 42039, 80 miles south of Panama City, FL.  The lowest sea-level pressure was 999.6 mb at Panama City.  Rainfall totals ranged from 9.26 inches at Mossy Head, FL, to 0.15 inches at Cross City, FL.  Storm tides along the Gulf coast varied from ten feet in Bay and Walton counties to four feet in Taylor and Dixie counties.  Large swells from Ivan began to the affect the Gulf coast from the St. Joseph Peninsula to the Suwannee River on September 14.  Storm surges continued for several hours after landfall.  Beach erosion varied from extreme (20 to 40 feet) in Walton County to minor at St. George Island.  Minor areal flooding affected much of the Florida Panhandle, including Walton, Bay, Holmes, Calhoun, Jackson and Gulf counties.  Sharp rises to near or slightly above minor flood levels occurred on the Choctawhatchee River at Caryville, the Apalachicola River at Blountstown, and the Shoal River at Mossy Head.  An estimated 165,000 customers were without power.  There were widespread reports of downed trees and power lines.  The hardest hit areas were Gulf, Bay, and Walton counties, where more than 50 percent of homes and businesses were damaged or destroyed.  Numerous roads in the Panhandle coastal counties were flooded or washed out.  Intense outer rain bands from Ivan spawned numerous tornadoes over portions of the Florida Panhandle and Big Bend.  The hardest hit counties were Bay, Calhoun, and Jackson counties, which accounted for six deaths and 16 injuries.  Mandatory evacuations of low lying, coastal, and mobile home residents was ordered by officials in Bay, Walton, Jackson, Holmes, Jackson, Franklin, and Taylor counties.  A state of emergency and presidential request for federal assistance were declared for the affected counties.	265
5423071	WAKULLA (ZONE)	 	9/15/2004	0	Hurricane (Typhoon)	 	 	0	0	150000	0	FL	EST	 	1180476	Z	27	TAE	0	0	EMERGENCY MANAGER	 	 	 	 	 	 	 	 	9/16/2004	2100	 	 	 	 		Hurricane Ivan made landfall near Gulf Shores, AL, during the predawn hours of September 16.  Maximum sustained winds reached 50 knots, with gusts to 62 knots at Buoy 42039, 80 miles south of Panama City, FL.  The lowest sea-level pressure was 999.6 mb at Panama City.  Rainfall totals ranged from 9.26 inches at Mossy Head, FL, to 0.15 inches at Cross City, FL.  Storm tides along the Gulf coast varied from ten feet in Bay and Walton counties to four feet in Taylor and Dixie counties.  Large swells from Ivan began to the affect the Gulf coast from the St. Joseph Peninsula to the Suwannee River on September 14.  Storm surges continued for several hours after landfall.  Beach erosion varied from extreme (20 to 40 feet) in Walton County to minor at St. George Island.  Minor areal flooding affected much of the Florida Panhandle, including Walton, Bay, Holmes, Calhoun, Jackson and Gulf counties.  Sharp rises to near or slightly above minor flood levels occurred on the Choctawhatchee River at Caryville, the Apalachicola River at Blountstown, and the Shoal River at Mossy Head.  An estimated 165,000 customers were without power.  There were widespread reports of downed trees and power lines.  The hardest hit areas were Gulf, Bay, and Walton counties, where more than 50 percent of homes and businesses were damaged or destroyed.  Numerous roads in the Panhandle coastal counties were flooded or washed out.  Intense outer rain bands from Ivan spawned numerous tornadoes over portions of the Florida Panhandle and Big Bend.  The hardest hit counties were Bay, Calhoun, and Jackson counties, which accounted for six deaths and 16 injuries.  Mandatory evacuations of low lying, coastal, and mobile home residents was ordered by officials in Bay, Walton, Jackson, Holmes, Jackson, Franklin, and Taylor counties.  A state of emergency and presidential request for federal assistance were declared for the affected counties.	266
5423066	LAFAYETTE (ZONE)	 	9/15/2004	0	Hurricane (Typhoon)	 	 	0	0	0	0	FL	EST	 	1180476	Z	29	TAE	0	0	EMERGENCY MANAGER	 	 	 	 	 	 	 	 	9/16/2004	2100	 	 	 	 		Hurricane Ivan made landfall near Gulf Shores, AL, during the predawn hours of September 16.  Maximum sustained winds reached 50 knots, with gusts to 62 knots at Buoy 42039, 80 miles south of Panama City, FL.  The lowest sea-level pressure was 999.6 mb at Panama City.  Rainfall totals ranged from 9.26 inches at Mossy Head, FL, to 0.15 inches at Cross City, FL.  Storm tides along the Gulf coast varied from ten feet in Bay and Walton counties to four feet in Taylor and Dixie counties.  Large swells from Ivan began to the affect the Gulf coast from the St. Joseph Peninsula to the Suwannee River on September 14.  Storm surges continued for several hours after landfall.  Beach erosion varied from extreme (20 to 40 feet) in Walton County to minor at St. George Island.  Minor areal flooding affected much of the Florida Panhandle, including Walton, Bay, Holmes, Calhoun, Jackson and Gulf counties.  Sharp rises to near or slightly above minor flood levels occurred on the Choctawhatchee River at Caryville, the Apalachicola River at Blountstown, and the Shoal River at Mossy Head.  An estimated 165,000 customers were without power.  There were widespread reports of downed trees and power lines.  The hardest hit areas were Gulf, Bay, and Walton counties, where more than 50 percent of homes and businesses were damaged or destroyed.  Numerous roads in the Panhandle coastal counties were flooded or washed out.  Intense outer rain bands from Ivan spawned numerous tornadoes over portions of the Florida Panhandle and Big Bend.  The hardest hit counties were Bay, Calhoun, and Jackson counties, which accounted for six deaths and 16 injuries.  Mandatory evacuations of low lying, coastal, and mobile home residents was ordered by officials in Bay, Walton, Jackson, Holmes, Jackson, Franklin, and Taylor counties.  A state of emergency and presidential request for federal assistance were declared for the affected counties.	267
5423057	COASTAL WALTON (ZONE)	 	9/15/2004	0	Hurricane (Typhoon)	 	 	0	0	20000000	0	FL	EST	 	1180476	Z	8	TAE	0	0	EMERGENCY MANAGER	 	 	 	 	 	 	 	 	9/16/2004	2100	 	 	 	 		Hurricane Ivan made landfall near Gulf Shores, AL, during the predawn hours of September 16.  Maximum sustained winds reached 50 knots, with gusts to 62 knots at Buoy 42039, 80 miles south of Panama City, FL.  The lowest sea-level pressure was 999.6 mb at Panama City.  Rainfall totals ranged from 9.26 inches at Mossy Head, FL, to 0.15 inches at Cross City, FL.  Storm tides along the Gulf coast varied from ten feet in Bay and Walton counties to four feet in Taylor and Dixie counties.  Large swells from Ivan began to the affect the Gulf coast from the St. Joseph Peninsula to the Suwannee River on September 14.  Storm surges continued for several hours after landfall.  Beach erosion varied from extreme (20 to 40 feet) in Walton County to minor at St. George Island.  Minor areal flooding affected much of the Florida Panhandle, including Walton, Bay, Holmes, Calhoun, Jackson and Gulf counties.  Sharp rises to near or slightly above minor flood levels occurred on the Choctawhatchee River at Caryville, the Apalachicola River at Blountstown, and the Shoal River at Mossy Head.  An estimated 165,000 customers were without power.  There were widespread reports of downed trees and power lines.  The hardest hit areas were Gulf, Bay, and Walton counties, where more than 50 percent of homes and businesses were damaged or destroyed.  Numerous roads in the Panhandle coastal counties were flooded or washed out.  Intense outer rain bands from Ivan spawned numerous tornadoes over portions of the Florida Panhandle and Big Bend.  The hardest hit counties were Bay, Calhoun, and Jackson counties, which accounted for six deaths and 16 injuries.  Mandatory evacuations of low lying, coastal, and mobile home residents was ordered by officials in Bay, Walton, Jackson, Holmes, Jackson, Franklin, and Taylor counties.  A state of emergency and presidential request for federal assistance were declared for the affected counties.	268
5432676	LOWER PLAQUEMINES (ZONE)	 	9/15/2004	1000	Hurricane (Typhoon)	 	 	0	0	8600000	0	LA	CST	 	1187087	Z	69	LIX	0	0	EMERGENCY MANAGER	 	 	 	 	 	 	 	 	9/16/2004	600	 	 	 	 		"Hurricane Ivan moved steadily northward across the north central Gulf of Mexico on September 15th before turning north-northeast and making landfall near Gulf Shores, Alabama as a Category 3 hurricane during the early morning of September 16th.  

Hurricane force winds affected the lower portion of Plaquemines Parish. The highest sustained wind recorded in southeast Louisiana was at the NOAA automated weather station at the Southwest Pass of the Mississippi River with sustained winds of 72 knots (83 mph) and gusts to 87 knot (100 mph)  The weather instruments are located at approximately 100 ft above the sea surface. Wind gusts of around 60 knot (69 mph) were recorded at an automated weather station along the coast near Point a-la Hache. Outside of the lower Plaquemines Parish area,  tropical storm force winds were recorded from coastal Terrebonne Parish northeast through the New Orleans area to eastern St. Tammany Parish. The lowest barometric pressure recorded was 983.6 mb at the Southwest Pass automated weather station.  

Lower portions of Plaquemines Parish suffered the greatest wind damage. Several school buildings suffered roof damage as well as several public government buildings. Around 100 mobile homes had some type of wind damage, with approximately 30 mobile homes having major damage or were destroyed. Seven houses suffered major wind damage. 50 power poles were also downed by high winds. In lower St. Bernard parish about a dozen houses had some type of wind damage. In other areas of southeast Louisiana, generally only minor wind damage was reported with power outages. At least 55, 000 customers of the local electric power company experience power outages.

The highest storm surge was confined mostly to areas east of the Mississippi River where storm surge averaged 3 to 5 feet above normal except locally higher in some inlets. The highest storm surge reading was 7.6 feet NGVD at Bayou Dupre in St. Bernard Parish. The storm surge flooded low lying property and roadways outside of the hurricane protection levees in Orleans, St. Bernard and Plaquemines Parishes.  Around Lake Pontchartrain and west of the Mississippi River, storm surge was 2 to 4 feet above normal.
 
No tornadoes were reported in southeast Louisiana and storm total rainfall was fairly light. The greatest storm rainfall total was 2.5 inches at Buras in Plaquemine Parish.

Due to the threat posed by the powerful hurricane, many area residents evacuated the New Orleans metropolitan area at the urging of local emergency management officials. State Police estimated that approximately 600,000 people evacuated from southeast Louisiana including the the New Orleans metro area prior to the hurricane. Another 400,000 other coastal residents from Florida, Alabama and Mississippi moved through the area as they evacuated to the west, away from the expected landfall of hurricane Ivan. In an area west of Kenner, eastbound lanes of Interstate Highway 10 were reversed to handle west bound traffic. Traffic jams developed during the evacuation process due to the large number of evacuees. 

There were no direct fatalities related to Hurricane Ivan, however four elderly residents of southeast Louisiana died during the large scale evacuation in southeast Louisiana. 

The Louisiana Dept of Insurance estimated that insured property damage was approximately $7.9 million.  In a manner utilized by the National Hurricane Center for estimating storm damage, the insured damage estimate was doubled to arrive at total dollar damage of $15.8 million.   Approximately 75% of the damage was estimated to be related to wind - $11.8 million.  Approximately 25% of the storm damage was estimated to be related to storm surge - $4.0 million."	269
5432675	LOWER JEFFERSON (ZONE)	 	9/15/2004	1000	Hurricane (Typhoon)	 	 	0	0	940000	0	LA	CST	 	1187087	Z	68	LIX	0	0	EMERGENCY MANAGER	 	 	 	 	 	 	 	 	9/16/2004	600	 	 	 	 		"Hurricane Ivan moved steadily northward across the north central Gulf of Mexico on September 15th before turning north-northeast and making landfall near Gulf Shores, Alabama as a Category 3 hurricane during the early morning of September 16th.  

Hurricane force winds affected the lower portion of Plaquemines Parish. The highest sustained wind recorded in southeast Louisiana was at the NOAA automated weather station at the Southwest Pass of the Mississippi River with sustained winds of 72 knots (83 mph) and gusts to 87 knot (100 mph)  The weather instruments are located at approximately 100 ft above the sea surface. Wind gusts of around 60 knot (69 mph) were recorded at an automated weather station along the coast near Point a-la Hache. Outside of the lower Plaquemines Parish area,  tropical storm force winds were recorded from coastal Terrebonne Parish northeast through the New Orleans area to eastern St. Tammany Parish. The lowest barometric pressure recorded was 983.6 mb at the Southwest Pass automated weather station.  

Lower portions of Plaquemines Parish suffered the greatest wind damage. Several school buildings suffered roof damage as well as several public government buildings. Around 100 mobile homes had some type of wind damage, with approximately 30 mobile homes having major damage or were destroyed. Seven houses suffered major wind damage. 50 power poles were also downed by high winds. In lower St. Bernard parish about a dozen houses had some type of wind damage. In other areas of southeast Louisiana, generally only minor wind damage was reported with power outages. At least 55, 000 customers of the local electric power company experience power outages.

The highest storm surge was confined mostly to areas east of the Mississippi River where storm surge averaged 3 to 5 feet above normal except locally higher in some inlets. The highest storm surge reading was 7.6 feet NGVD at Bayou Dupre in St. Bernard Parish. The storm surge flooded low lying property and roadways outside of the hurricane protection levees in Orleans, St. Bernard and Plaquemines Parishes.  Around Lake Pontchartrain and west of the Mississippi River, storm surge was 2 to 4 feet above normal.
 
No tornadoes were reported in southeast Louisiana and storm total rainfall was fairly light. The greatest storm rainfall total was 2.5 inches at Buras in Plaquemine Parish.

Due to the threat posed by the powerful hurricane, many area residents evacuated the New Orleans metropolitan area at the urging of local emergency management officials. State Police estimated that approximately 600,000 people evacuated from southeast Louisiana including the the New Orleans metro area prior to the hurricane. Another 400,000 other coastal residents from Florida, Alabama and Mississippi moved through the area as they evacuated to the west, away from the expected landfall of hurricane Ivan. In an area west of Kenner, eastbound lanes of Interstate Highway 10 were reversed to handle west bound traffic. Traffic jams developed during the evacuation process due to the large number of evacuees. 

There were no direct fatalities related to Hurricane Ivan, however four elderly residents of southeast Louisiana died during the large scale evacuation in southeast Louisiana. 

The Louisiana Dept of Insurance estimated that insured property damage was approximately $7.9 million.  In a manner utilized by the National Hurricane Center for estimating storm damage, the insured damage estimate was doubled to arrive at total dollar damage of $15.8 million.   Approximately 75% of the damage was estimated to be related to wind - $11.8 million.  Approximately 25% of the storm damage was estimated to be related to storm surge - $4.0 million."	270
5432674	ST. TAMMANY (ZONE)	 	9/15/2004	1000	Hurricane (Typhoon)	 	 	0	0	240000	0	LA	CST	 	1187087	Z	40	LIX	0	0	EMERGENCY MANAGER	 	 	 	 	 	 	 	 	9/16/2004	600	 	 	 	 		"Hurricane Ivan moved steadily northward across the north central Gulf of Mexico on September 15th before turning north-northeast and making landfall near Gulf Shores, Alabama as a Category 3 hurricane during the early morning of September 16th.  

Hurricane force winds affected the lower portion of Plaquemines Parish. The highest sustained wind recorded in southeast Louisiana was at the NOAA automated weather station at the Southwest Pass of the Mississippi River with sustained winds of 72 knots (83 mph) and gusts to 87 knot (100 mph)  The weather instruments are located at approximately 100 ft above the sea surface. Wind gusts of around 60 knot (69 mph) were recorded at an automated weather station along the coast near Point a-la Hache. Outside of the lower Plaquemines Parish area,  tropical storm force winds were recorded from coastal Terrebonne Parish northeast through the New Orleans area to eastern St. Tammany Parish. The lowest barometric pressure recorded was 983.6 mb at the Southwest Pass automated weather station.  

Lower portions of Plaquemines Parish suffered the greatest wind damage. Several school buildings suffered roof damage as well as several public government buildings. Around 100 mobile homes had some type of wind damage, with approximately 30 mobile homes having major damage or were destroyed. Seven houses suffered major wind damage. 50 power poles were also downed by high winds. In lower St. Bernard parish about a dozen houses had some type of wind damage. In other areas of southeast Louisiana, generally only minor wind damage was reported with power outages. At least 55, 000 customers of the local electric power company experience power outages.

The highest storm surge was confined mostly to areas east of the Mississippi River where storm surge averaged 3 to 5 feet above normal except locally higher in some inlets. The highest storm surge reading was 7.6 feet NGVD at Bayou Dupre in St. Bernard Parish. The storm surge flooded low lying property and roadways outside of the hurricane protection levees in Orleans, St. Bernard and Plaquemines Parishes.  Around Lake Pontchartrain and west of the Mississippi River, storm surge was 2 to 4 feet above normal.
 
No tornadoes were reported in southeast Louisiana and storm total rainfall was fairly light. The greatest storm rainfall total was 2.5 inches at Buras in Plaquemine Parish.

Due to the threat posed by the powerful hurricane, many area residents evacuated the New Orleans metropolitan area at the urging of local emergency management officials. State Police estimated that approximately 600,000 people evacuated from southeast Louisiana including the the New Orleans metro area prior to the hurricane. Another 400,000 other coastal residents from Florida, Alabama and Mississippi moved through the area as they evacuated to the west, away from the expected landfall of hurricane Ivan. In an area west of Kenner, eastbound lanes of Interstate Highway 10 were reversed to handle west bound traffic. Traffic jams developed during the evacuation process due to the large number of evacuees. 

There were no direct fatalities related to Hurricane Ivan, however four elderly residents of southeast Louisiana died during the large scale evacuation in southeast Louisiana. 

The Louisiana Dept of Insurance estimated that insured property damage was approximately $7.9 million.  In a manner utilized by the National Hurricane Center for estimating storm damage, the insured damage estimate was doubled to arrive at total dollar damage of $15.8 million.   Approximately 75% of the damage was estimated to be related to wind - $11.8 million.  Approximately 25% of the storm damage was estimated to be related to storm surge - $4.0 million."	271
5432683	LOWER TERREBONNE (ZONE)	 	9/15/2004	1000	Hurricane (Typhoon)	 	 	0	0	5000	0	LA	CST	 	1187087	Z	66	LIX	0	0	EMERGENCY MANAGER	 	 	 	 	 	 	 	 	9/16/2004	600	 	 	 	 		"Hurricane Ivan moved steadily northward across the north central Gulf of Mexico on September 15th before turning north-northeast and making landfall near Gulf Shores, Alabama as a Category 3 hurricane during the early morning of September 16th.  

Hurricane force winds affected the lower portion of Plaquemines Parish. The highest sustained wind recorded in southeast Louisiana was at the NOAA automated weather station at the Southwest Pass of the Mississippi River with sustained winds of 72 knots (83 mph) and gusts to 87 knot (100 mph)  The weather instruments are located at approximately 100 ft above the sea surface. Wind gusts of around 60 knot (69 mph) were recorded at an automated weather station along the coast near Point a-la Hache. Outside of the lower Plaquemines Parish area,  tropical storm force winds were recorded from coastal Terrebonne Parish northeast through the New Orleans area to eastern St. Tammany Parish. The lowest barometric pressure recorded was 983.6 mb at the Southwest Pass automated weather station.  

Lower portions of Plaquemines Parish suffered the greatest wind damage. Several school buildings suffered roof damage as well as several public government buildings. Around 100 mobile homes had some type of wind damage, with approximately 30 mobile homes having major damage or were destroyed. Seven houses suffered major wind damage. 50 power poles were also downed by high winds. In lower St. Bernard parish about a dozen houses had some type of wind damage. In other areas of southeast Louisiana, generally only minor wind damage was reported with power outages. At least 55, 000 customers of the local electric power company experience power outages.

The highest storm surge was confined mostly to areas east of the Mississippi River where storm surge averaged 3 to 5 feet above normal except locally higher in some inlets. The highest storm surge reading was 7.6 feet NGVD at Bayou Dupre in St. Bernard Parish. The storm surge flooded low lying property and roadways outside of the hurricane protection levees in Orleans, St. Bernard and Plaquemines Parishes.  Around Lake Pontchartrain and west of the Mississippi River, storm surge was 2 to 4 feet above normal.
 
No tornadoes were reported in southeast Louisiana and storm total rainfall was fairly light. The greatest storm rainfall total was 2.5 inches at Buras in Plaquemine Parish.

Due to the threat posed by the powerful hurricane, many area residents evacuated the New Orleans metropolitan area at the urging of local emergency management officials. State Police estimated that approximately 600,000 people evacuated from southeast Louisiana including the the New Orleans metro area prior to the hurricane. Another 400,000 other coastal residents from Florida, Alabama and Mississippi moved through the area as they evacuated to the west, away from the expected landfall of hurricane Ivan. In an area west of Kenner, eastbound lanes of Interstate Highway 10 were reversed to handle west bound traffic. Traffic jams developed during the evacuation process due to the large number of evacuees. 

There were no direct fatalities related to Hurricane Ivan, however four elderly residents of southeast Louisiana died during the large scale evacuation in southeast Louisiana. 

The Louisiana Dept of Insurance estimated that insured property damage was approximately $7.9 million.  In a manner utilized by the National Hurricane Center for estimating storm damage, the insured damage estimate was doubled to arrive at total dollar damage of $15.8 million.   Approximately 75% of the damage was estimated to be related to wind - $11.8 million.  Approximately 25% of the storm damage was estimated to be related to storm surge - $4.0 million."	272
5432682	LOWER LAFOURCHE (ZONE)	 	9/15/2004	1000	Hurricane (Typhoon)	 	 	0	0	240000	0	LA	CST	 	1187087	Z	67	LIX	0	0	EMERGENCY MANAGER	 	 	 	 	 	 	 	 	9/16/2004	600	 	 	 	 		"Hurricane Ivan moved steadily northward across the north central Gulf of Mexico on September 15th before turning north-northeast and making landfall near Gulf Shores, Alabama as a Category 3 hurricane during the early morning of September 16th.  

Hurricane force winds affected the lower portion of Plaquemines Parish. The highest sustained wind recorded in southeast Louisiana was at the NOAA automated weather station at the Southwest Pass of the Mississippi River with sustained winds of 72 knots (83 mph) and gusts to 87 knot (100 mph)  The weather instruments are located at approximately 100 ft above the sea surface. Wind gusts of around 60 knot (69 mph) were recorded at an automated weather station along the coast near Point a-la Hache. Outside of the lower Plaquemines Parish area,  tropical storm force winds were recorded from coastal Terrebonne Parish northeast through the New Orleans area to eastern St. Tammany Parish. The lowest barometric pressure recorded was 983.6 mb at the Southwest Pass automated weather station.  

Lower portions of Plaquemines Parish suffered the greatest wind damage. Several school buildings suffered roof damage as well as several public government buildings. Around 100 mobile homes had some type of wind damage, with approximately 30 mobile homes having major damage or were destroyed. Seven houses suffered major wind damage. 50 power poles were also downed by high winds. In lower St. Bernard parish about a dozen houses had some type of wind damage. In other areas of southeast Louisiana, generally only minor wind damage was reported with power outages. At least 55, 000 customers of the local electric power company experience power outages.

The highest storm surge was confined mostly to areas east of the Mississippi River where storm surge averaged 3 to 5 feet above normal except locally higher in some inlets. The highest storm surge reading was 7.6 feet NGVD at Bayou Dupre in St. Bernard Parish. The storm surge flooded low lying property and roadways outside of the hurricane protection levees in Orleans, St. Bernard and Plaquemines Parishes.  Around Lake Pontchartrain and west of the Mississippi River, storm surge was 2 to 4 feet above normal.
 
No tornadoes were reported in southeast Louisiana and storm total rainfall was fairly light. The greatest storm rainfall total was 2.5 inches at Buras in Plaquemine Parish.

Due to the threat posed by the powerful hurricane, many area residents evacuated the New Orleans metropolitan area at the urging of local emergency management officials. State Police estimated that approximately 600,000 people evacuated from southeast Louisiana including the the New Orleans metro area prior to the hurricane. Another 400,000 other coastal residents from Florida, Alabama and Mississippi moved through the area as they evacuated to the west, away from the expected landfall of hurricane Ivan. In an area west of Kenner, eastbound lanes of Interstate Highway 10 were reversed to handle west bound traffic. Traffic jams developed during the evacuation process due to the large number of evacuees. 

There were no direct fatalities related to Hurricane Ivan, however four elderly residents of southeast Louisiana died during the large scale evacuation in southeast Louisiana. 

The Louisiana Dept of Insurance estimated that insured property damage was approximately $7.9 million.  In a manner utilized by the National Hurricane Center for estimating storm damage, the insured damage estimate was doubled to arrive at total dollar damage of $15.8 million.   Approximately 75% of the damage was estimated to be related to wind - $11.8 million.  Approximately 25% of the storm damage was estimated to be related to storm surge - $4.0 million."	273
5432681	UPPER ST. BERNARD (ZONE)	 	9/15/2004	1000	Hurricane (Typhoon)	 	 	0	0	240000	0	LA	CST	 	1187087	Z	64	LIX	0	0	EMERGENCY MANAGER	 	 	 	 	 	 	 	 	9/16/2004	600	 	 	 	 		"Hurricane Ivan moved steadily northward across the north central Gulf of Mexico on September 15th before turning north-northeast and making landfall near Gulf Shores, Alabama as a Category 3 hurricane during the early morning of September 16th.  

Hurricane force winds affected the lower portion of Plaquemines Parish. The highest sustained wind recorded in southeast Louisiana was at the NOAA automated weather station at the Southwest Pass of the Mississippi River with sustained winds of 72 knots (83 mph) and gusts to 87 knot (100 mph)  The weather instruments are located at approximately 100 ft above the sea surface. Wind gusts of around 60 knot (69 mph) were recorded at an automated weather station along the coast near Point a-la Hache. Outside of the lower Plaquemines Parish area,  tropical storm force winds were recorded from coastal Terrebonne Parish northeast through the New Orleans area to eastern St. Tammany Parish. The lowest barometric pressure recorded was 983.6 mb at the Southwest Pass automated weather station.  

Lower portions of Plaquemines Parish suffered the greatest wind damage. Several school buildings suffered roof damage as well as several public government buildings. Around 100 mobile homes had some type of wind damage, with approximately 30 mobile homes having major damage or were destroyed. Seven houses suffered major wind damage. 50 power poles were also downed by high winds. In lower St. Bernard parish about a dozen houses had some type of wind damage. In other areas of southeast Louisiana, generally only minor wind damage was reported with power outages. At least 55, 000 customers of the local electric power company experience power outages.

The highest storm surge was confined mostly to areas east of the Mississippi River where storm surge averaged 3 to 5 feet above normal except locally higher in some inlets. The highest storm surge reading was 7.6 feet NGVD at Bayou Dupre in St. Bernard Parish. The storm surge flooded low lying property and roadways outside of the hurricane protection levees in Orleans, St. Bernard and Plaquemines Parishes.  Around Lake Pontchartrain and west of the Mississippi River, storm surge was 2 to 4 feet above normal.
 
No tornadoes were reported in southeast Louisiana and storm total rainfall was fairly light. The greatest storm rainfall total was 2.5 inches at Buras in Plaquemine Parish.

Due to the threat posed by the powerful hurricane, many area residents evacuated the New Orleans metropolitan area at the urging of local emergency management officials. State Police estimated that approximately 600,000 people evacuated from southeast Louisiana including the the New Orleans metro area prior to the hurricane. Another 400,000 other coastal residents from Florida, Alabama and Mississippi moved through the area as they evacuated to the west, away from the expected landfall of hurricane Ivan. In an area west of Kenner, eastbound lanes of Interstate Highway 10 were reversed to handle west bound traffic. Traffic jams developed during the evacuation process due to the large number of evacuees. 

There were no direct fatalities related to Hurricane Ivan, however four elderly residents of southeast Louisiana died during the large scale evacuation in southeast Louisiana. 

The Louisiana Dept of Insurance estimated that insured property damage was approximately $7.9 million.  In a manner utilized by the National Hurricane Center for estimating storm damage, the insured damage estimate was doubled to arrive at total dollar damage of $15.8 million.   Approximately 75% of the damage was estimated to be related to wind - $11.8 million.  Approximately 25% of the storm damage was estimated to be related to storm surge - $4.0 million."	274
5432680	UPPER PLAQUEMINES (ZONE)	 	9/15/2004	1000	Hurricane (Typhoon)	 	 	0	0	240000	0	LA	CST	 	1187087	Z	63	LIX	0	0	EMERGENCY MANAGER	 	 	 	 	 	 	 	 	9/16/2004	600	 	 	 	 		"Hurricane Ivan moved steadily northward across the north central Gulf of Mexico on September 15th before turning north-northeast and making landfall near Gulf Shores, Alabama as a Category 3 hurricane during the early morning of September 16th.  

Hurricane force winds affected the lower portion of Plaquemines Parish. The highest sustained wind recorded in southeast Louisiana was at the NOAA automated weather station at the Southwest Pass of the Mississippi River with sustained winds of 72 knots (83 mph) and gusts to 87 knot (100 mph)  The weather instruments are located at approximately 100 ft above the sea surface. Wind gusts of around 60 knot (69 mph) were recorded at an automated weather station along the coast near Point a-la Hache. Outside of the lower Plaquemines Parish area,  tropical storm force winds were recorded from coastal Terrebonne Parish northeast through the New Orleans area to eastern St. Tammany Parish. The lowest barometric pressure recorded was 983.6 mb at the Southwest Pass automated weather station.  

Lower portions of Plaquemines Parish suffered the greatest wind damage. Several school buildings suffered roof damage as well as several public government buildings. Around 100 mobile homes had some type of wind damage, with approximately 30 mobile homes having major damage or were destroyed. Seven houses suffered major wind damage. 50 power poles were also downed by high winds. In lower St. Bernard parish about a dozen houses had some type of wind damage. In other areas of southeast Louisiana, generally only minor wind damage was reported with power outages. At least 55, 000 customers of the local electric power company experience power outages.

The highest storm surge was confined mostly to areas east of the Mississippi River where storm surge averaged 3 to 5 feet above normal except locally higher in some inlets. The highest storm surge reading was 7.6 feet NGVD at Bayou Dupre in St. Bernard Parish. The storm surge flooded low lying property and roadways outside of the hurricane protection levees in Orleans, St. Bernard and Plaquemines Parishes.  Around Lake Pontchartrain and west of the Mississippi River, storm surge was 2 to 4 feet above normal.
 
No tornadoes were reported in southeast Louisiana and storm total rainfall was fairly light. The greatest storm rainfall total was 2.5 inches at Buras in Plaquemine Parish.

Due to the threat posed by the powerful hurricane, many area residents evacuated the New Orleans metropolitan area at the urging of local emergency management officials. State Police estimated that approximately 600,000 people evacuated from southeast Louisiana including the the New Orleans metro area prior to the hurricane. Another 400,000 other coastal residents from Florida, Alabama and Mississippi moved through the area as they evacuated to the west, away from the expected landfall of hurricane Ivan. In an area west of Kenner, eastbound lanes of Interstate Highway 10 were reversed to handle west bound traffic. Traffic jams developed during the evacuation process due to the large number of evacuees. 

There were no direct fatalities related to Hurricane Ivan, however four elderly residents of southeast Louisiana died during the large scale evacuation in southeast Louisiana. 

The Louisiana Dept of Insurance estimated that insured property damage was approximately $7.9 million.  In a manner utilized by the National Hurricane Center for estimating storm damage, the insured damage estimate was doubled to arrive at total dollar damage of $15.8 million.   Approximately 75% of the damage was estimated to be related to wind - $11.8 million.  Approximately 25% of the storm damage was estimated to be related to storm surge - $4.0 million."	275
5432679	UPPER JEFFERSON (ZONE)	 	9/15/2004	1000	Hurricane (Typhoon)	 	 	0	0	120000	0	LA	CST	 	1187087	Z	61	LIX	0	0	EMERGENCY MANAGER	 	 	 	 	 	 	 	 	9/16/2004	600	 	 	 	 		"Hurricane Ivan moved steadily northward across the north central Gulf of Mexico on September 15th before turning north-northeast and making landfall near Gulf Shores, Alabama as a Category 3 hurricane during the early morning of September 16th.  

Hurricane force winds affected the lower portion of Plaquemines Parish. The highest sustained wind recorded in southeast Louisiana was at the NOAA automated weather station at the Southwest Pass of the Mississippi River with sustained winds of 72 knots (83 mph) and gusts to 87 knot (100 mph)  The weather instruments are located at approximately 100 ft above the sea surface. Wind gusts of around 60 knot (69 mph) were recorded at an automated weather station along the coast near Point a-la Hache. Outside of the lower Plaquemines Parish area,  tropical storm force winds were recorded from coastal Terrebonne Parish northeast through the New Orleans area to eastern St. Tammany Parish. The lowest barometric pressure recorded was 983.6 mb at the Southwest Pass automated weather station.  

Lower portions of Plaquemines Parish suffered the greatest wind damage. Several school buildings suffered roof damage as well as several public government buildings. Around 100 mobile homes had some type of wind damage, with approximately 30 mobile homes having major damage or were destroyed. Seven houses suffered major wind damage. 50 power poles were also downed by high winds. In lower St. Bernard parish about a dozen houses had some type of wind damage. In other areas of southeast Louisiana, generally only minor wind damage was reported with power outages. At least 55, 000 customers of the local electric power company experience power outages.

The highest storm surge was confined mostly to areas east of the Mississippi River where storm surge averaged 3 to 5 feet above normal except locally higher in some inlets. The highest storm surge reading was 7.6 feet NGVD at Bayou Dupre in St. Bernard Parish. The storm surge flooded low lying property and roadways outside of the hurricane protection levees in Orleans, St. Bernard and Plaquemines Parishes.  Around Lake Pontchartrain and west of the Mississippi River, storm surge was 2 to 4 feet above normal.
 
No tornadoes were reported in southeast Louisiana and storm total rainfall was fairly light. The greatest storm rainfall total was 2.5 inches at Buras in Plaquemine Parish.

Due to the threat posed by the powerful hurricane, many area residents evacuated the New Orleans metropolitan area at the urging of local emergency management officials. State Police estimated that approximately 600,000 people evacuated from southeast Louisiana including the the New Orleans metro area prior to the hurricane. Another 400,000 other coastal residents from Florida, Alabama and Mississippi moved through the area as they evacuated to the west, away from the expected landfall of hurricane Ivan. In an area west of Kenner, eastbound lanes of Interstate Highway 10 were reversed to handle west bound traffic. Traffic jams developed during the evacuation process due to the large number of evacuees. 

There were no direct fatalities related to Hurricane Ivan, however four elderly residents of southeast Louisiana died during the large scale evacuation in southeast Louisiana. 

The Louisiana Dept of Insurance estimated that insured property damage was approximately $7.9 million.  In a manner utilized by the National Hurricane Center for estimating storm damage, the insured damage estimate was doubled to arrive at total dollar damage of $15.8 million.   Approximately 75% of the damage was estimated to be related to wind - $11.8 million.  Approximately 25% of the storm damage was estimated to be related to storm surge - $4.0 million."	276
5432694	ST. CHARLES (ZONE)	 	9/15/2004	1000	Hurricane (Typhoon)	 	 	0	0	5000	0	LA	CST	 	1187087	Z	60	LIX	0	0	EMERGENCY MANAGER	 	 	 	 	 	 	 	 	9/16/2004	600	 	 	 	 		"Hurricane Ivan moved steadily northward across the north central Gulf of Mexico on September 15th before turning north-northeast and making landfall near Gulf Shores, Alabama as a Category 3 hurricane during the early morning of September 16th.  

Hurricane force winds affected the lower portion of Plaquemines Parish. The highest sustained wind recorded in southeast Louisiana was at the NOAA automated weather station at the Southwest Pass of the Mississippi River with sustained winds of 72 knots (83 mph) and gusts to 87 knot (100 mph)  The weather instruments are located at approximately 100 ft above the sea surface. Wind gusts of around 60 knot (69 mph) were recorded at an automated weather station along the coast near Point a-la Hache. Outside of the lower Plaquemines Parish area,  tropical storm force winds were recorded from coastal Terrebonne Parish northeast through the New Orleans area to eastern St. Tammany Parish. The lowest barometric pressure recorded was 983.6 mb at the Southwest Pass automated weather station.  

Lower portions of Plaquemines Parish suffered the greatest wind damage. Several school buildings suffered roof damage as well as several public government buildings. Around 100 mobile homes had some type of wind damage, with approximately 30 mobile homes having major damage or were destroyed. Seven houses suffered major wind damage. 50 power poles were also downed by high winds. In lower St. Bernard parish about a dozen houses had some type of wind damage. In other areas of southeast Louisiana, generally only minor wind damage was reported with power outages. At least 55, 000 customers of the local electric power company experience power outages.

The highest storm surge was confined mostly to areas east of the Mississippi River where storm surge averaged 3 to 5 feet above normal except locally higher in some inlets. The highest storm surge reading was 7.6 feet NGVD at Bayou Dupre in St. Bernard Parish. The storm surge flooded low lying property and roadways outside of the hurricane protection levees in Orleans, St. Bernard and Plaquemines Parishes.  Around Lake Pontchartrain and west of the Mississippi River, storm surge was 2 to 4 feet above normal.
 
No tornadoes were reported in southeast Louisiana and storm total rainfall was fairly light. The greatest storm rainfall total was 2.5 inches at Buras in Plaquemine Parish.

Due to the threat posed by the powerful hurricane, many area residents evacuated the New Orleans metropolitan area at the urging of local emergency management officials. State Police estimated that approximately 600,000 people evacuated from southeast Louisiana including the the New Orleans metro area prior to the hurricane. Another 400,000 other coastal residents from Florida, Alabama and Mississippi moved through the area as they evacuated to the west, away from the expected landfall of hurricane Ivan. In an area west of Kenner, eastbound lanes of Interstate Highway 10 were reversed to handle west bound traffic. Traffic jams developed during the evacuation process due to the large number of evacuees. 

There were no direct fatalities related to Hurricane Ivan, however four elderly residents of southeast Louisiana died during the large scale evacuation in southeast Louisiana. 

The Louisiana Dept of Insurance estimated that insured property damage was approximately $7.9 million.  In a manner utilized by the National Hurricane Center for estimating storm damage, the insured damage estimate was doubled to arrive at total dollar damage of $15.8 million.   Approximately 75% of the damage was estimated to be related to wind - $11.8 million.  Approximately 25% of the storm damage was estimated to be related to storm surge - $4.0 million."	277
5432677	LOWER ST. BERNARD (ZONE)	 	9/15/2004	1000	Hurricane (Typhoon)	 	 	0	0	940000	0	LA	CST	 	1187087	Z	70	LIX	0	0	EMERGENCY MANAGER	 	 	 	 	 	 	 	 	9/16/2004	600	 	 	 	 		"Hurricane Ivan moved steadily northward across the north central Gulf of Mexico on September 15th before turning north-northeast and making landfall near Gulf Shores, Alabama as a Category 3 hurricane during the early morning of September 16th.  

Hurricane force winds affected the lower portion of Plaquemines Parish. The highest sustained wind recorded in southeast Louisiana was at the NOAA automated weather station at the Southwest Pass of the Mississippi River with sustained winds of 72 knots (83 mph) and gusts to 87 knot (100 mph)  The weather instruments are located at approximately 100 ft above the sea surface. Wind gusts of around 60 knot (69 mph) were recorded at an automated weather station along the coast near Point a-la Hache. Outside of the lower Plaquemines Parish area,  tropical storm force winds were recorded from coastal Terrebonne Parish northeast through the New Orleans area to eastern St. Tammany Parish. The lowest barometric pressure recorded was 983.6 mb at the Southwest Pass automated weather station.  

Lower portions of Plaquemines Parish suffered the greatest wind damage. Several school buildings suffered roof damage as well as several public government buildings. Around 100 mobile homes had some type of wind damage, with approximately 30 mobile homes having major damage or were destroyed. Seven houses suffered major wind damage. 50 power poles were also downed by high winds. In lower St. Bernard parish about a dozen houses had some type of wind damage. In other areas of southeast Louisiana, generally only minor wind damage was reported with power outages. At least 55, 000 customers of the local electric power company experience power outages.

The highest storm surge was confined mostly to areas east of the Mississippi River where storm surge averaged 3 to 5 feet above normal except locally higher in some inlets. The highest storm surge reading was 7.6 feet NGVD at Bayou Dupre in St. Bernard Parish. The storm surge flooded low lying property and roadways outside of the hurricane protection levees in Orleans, St. Bernard and Plaquemines Parishes.  Around Lake Pontchartrain and west of the Mississippi River, storm surge was 2 to 4 feet above normal.
 
No tornadoes were reported in southeast Louisiana and storm total rainfall was fairly light. The greatest storm rainfall total was 2.5 inches at Buras in Plaquemine Parish.

Due to the threat posed by the powerful hurricane, many area residents evacuated the New Orleans metropolitan area at the urging of local emergency management officials. State Police estimated that approximately 600,000 people evacuated from southeast Louisiana including the the New Orleans metro area prior to the hurricane. Another 400,000 other coastal residents from Florida, Alabama and Mississippi moved through the area as they evacuated to the west, away from the expected landfall of hurricane Ivan. In an area west of Kenner, eastbound lanes of Interstate Highway 10 were reversed to handle west bound traffic. Traffic jams developed during the evacuation process due to the large number of evacuees. 

There were no direct fatalities related to Hurricane Ivan, however four elderly residents of southeast Louisiana died during the large scale evacuation in southeast Louisiana. 

The Louisiana Dept of Insurance estimated that insured property damage was approximately $7.9 million.  In a manner utilized by the National Hurricane Center for estimating storm damage, the insured damage estimate was doubled to arrive at total dollar damage of $15.8 million.   Approximately 75% of the damage was estimated to be related to wind - $11.8 million.  Approximately 25% of the storm damage was estimated to be related to storm surge - $4.0 million."	278
5432678	ORLEANS (ZONE)	 	9/15/2004	1000	Hurricane (Typhoon)	 	 	0	0	240000	0	LA	CST	 	1187087	Z	62	LIX	0	0	EMERGENCY MANAGER	 	 	 	 	 	 	 	 	9/16/2004	600	 	 	 	 		"Hurricane Ivan moved steadily northward across the north central Gulf of Mexico on September 15th before turning north-northeast and making landfall near Gulf Shores, Alabama as a Category 3 hurricane during the early morning of September 16th.  

Hurricane force winds affected the lower portion of Plaquemines Parish. The highest sustained wind recorded in southeast Louisiana was at the NOAA automated weather station at the Southwest Pass of the Mississippi River with sustained winds of 72 knots (83 mph) and gusts to 87 knot (100 mph)  The weather instruments are located at approximately 100 ft above the sea surface. Wind gusts of around 60 knot (69 mph) were recorded at an automated weather station along the coast near Point a-la Hache. Outside of the lower Plaquemines Parish area,  tropical storm force winds were recorded from coastal Terrebonne Parish northeast through the New Orleans area to eastern St. Tammany Parish. The lowest barometric pressure recorded was 983.6 mb at the Southwest Pass automated weather station.  

Lower portions of Plaquemines Parish suffered the greatest wind damage. Several school buildings suffered roof damage as well as several public government buildings. Around 100 mobile homes had some type of wind damage, with approximately 30 mobile homes having major damage or were destroyed. Seven houses suffered major wind damage. 50 power poles were also downed by high winds. In lower St. Bernard parish about a dozen houses had some type of wind damage. In other areas of southeast Louisiana, generally only minor wind damage was reported with power outages. At least 55, 000 customers of the local electric power company experience power outages.

The highest storm surge was confined mostly to areas east of the Mississippi River where storm surge averaged 3 to 5 feet above normal except locally higher in some inlets. The highest storm surge reading was 7.6 feet NGVD at Bayou Dupre in St. Bernard Parish. The storm surge flooded low lying property and roadways outside of the hurricane protection levees in Orleans, St. Bernard and Plaquemines Parishes.  Around Lake Pontchartrain and west of the Mississippi River, storm surge was 2 to 4 feet above normal.
 
No tornadoes were reported in southeast Louisiana and storm total rainfall was fairly light. The greatest storm rainfall total was 2.5 inches at Buras in Plaquemine Parish.

Due to the threat posed by the powerful hurricane, many area residents evacuated the New Orleans metropolitan area at the urging of local emergency management officials. State Police estimated that approximately 600,000 people evacuated from southeast Louisiana including the the New Orleans metro area prior to the hurricane. Another 400,000 other coastal residents from Florida, Alabama and Mississippi moved through the area as they evacuated to the west, away from the expected landfall of hurricane Ivan. In an area west of Kenner, eastbound lanes of Interstate Highway 10 were reversed to handle west bound traffic. Traffic jams developed during the evacuation process due to the large number of evacuees. 

There were no direct fatalities related to Hurricane Ivan, however four elderly residents of southeast Louisiana died during the large scale evacuation in southeast Louisiana. 

The Louisiana Dept of Insurance estimated that insured property damage was approximately $7.9 million.  In a manner utilized by the National Hurricane Center for estimating storm damage, the insured damage estimate was doubled to arrive at total dollar damage of $15.8 million.   Approximately 75% of the damage was estimated to be related to wind - $11.8 million.  Approximately 25% of the storm damage was estimated to be related to storm surge - $4.0 million."	279
5432695	ST. JOHN THE BAPTIST (ZONE)	 	9/15/2004	1000	Hurricane (Typhoon)	 	 	0	0	5000	0	LA	CST	 	1187087	Z	58	LIX	0	0	EMERGENCY MANAGER	 	 	 	 	 	 	 	 	9/16/2004	600	 	 	 	 		"Hurricane Ivan moved steadily northward across the north central Gulf of Mexico on September 15th before turning north-northeast and making landfall near Gulf Shores, Alabama as a Category 3 hurricane during the early morning of September 16th.  

Hurricane force winds affected the lower portion of Plaquemines Parish. The highest sustained wind recorded in southeast Louisiana was at the NOAA automated weather station at the Southwest Pass of the Mississippi River with sustained winds of 72 knots (83 mph) and gusts to 87 knot (100 mph)  The weather instruments are located at approximately 100 ft above the sea surface. Wind gusts of around 60 knot (69 mph) were recorded at an automated weather station along the coast near Point a-la Hache. Outside of the lower Plaquemines Parish area,  tropical storm force winds were recorded from coastal Terrebonne Parish northeast through the New Orleans area to eastern St. Tammany Parish. The lowest barometric pressure recorded was 983.6 mb at the Southwest Pass automated weather station.  

Lower portions of Plaquemines Parish suffered the greatest wind damage. Several school buildings suffered roof damage as well as several public government buildings. Around 100 mobile homes had some type of wind damage, with approximately 30 mobile homes having major damage or were destroyed. Seven houses suffered major wind damage. 50 power poles were also downed by high winds. In lower St. Bernard parish about a dozen houses had some type of wind damage. In other areas of southeast Louisiana, generally only minor wind damage was reported with power outages. At least 55, 000 customers of the local electric power company experience power outages.

The highest storm surge was confined mostly to areas east of the Mississippi River where storm surge averaged 3 to 5 feet above normal except locally higher in some inlets. The highest storm surge reading was 7.6 feet NGVD at Bayou Dupre in St. Bernard Parish. The storm surge flooded low lying property and roadways outside of the hurricane protection levees in Orleans, St. Bernard and Plaquemines Parishes.  Around Lake Pontchartrain and west of the Mississippi River, storm surge was 2 to 4 feet above normal.
 
No tornadoes were reported in southeast Louisiana and storm total rainfall was fairly light. The greatest storm rainfall total was 2.5 inches at Buras in Plaquemine Parish.

Due to the threat posed by the powerful hurricane, many area residents evacuated the New Orleans metropolitan area at the urging of local emergency management officials. State Police estimated that approximately 600,000 people evacuated from southeast Louisiana including the the New Orleans metro area prior to the hurricane. Another 400,000 other coastal residents from Florida, Alabama and Mississippi moved through the area as they evacuated to the west, away from the expected landfall of hurricane Ivan. In an area west of Kenner, eastbound lanes of Interstate Highway 10 were reversed to handle west bound traffic. Traffic jams developed during the evacuation process due to the large number of evacuees. 

There were no direct fatalities related to Hurricane Ivan, however four elderly residents of southeast Louisiana died during the large scale evacuation in southeast Louisiana. 

The Louisiana Dept of Insurance estimated that insured property damage was approximately $7.9 million.  In a manner utilized by the National Hurricane Center for estimating storm damage, the insured damage estimate was doubled to arrive at total dollar damage of $15.8 million.   Approximately 75% of the damage was estimated to be related to wind - $11.8 million.  Approximately 25% of the storm damage was estimated to be related to storm surge - $4.0 million."	280
5432696	UPPER LAFOURCHE (ZONE)	 	9/15/2004	1000	Hurricane (Typhoon)	 	 	0	0	5000	0	LA	CST	 	1187087	Z	59	LIX	0	0	EMERGENCY MANAGER	 	 	 	 	 	 	 	 	9/16/2004	600	 	 	 	 		"Hurricane Ivan moved steadily northward across the north central Gulf of Mexico on September 15th before turning north-northeast and making landfall near Gulf Shores, Alabama as a Category 3 hurricane during the early morning of September 16th.  

Hurricane force winds affected the lower portion of Plaquemines Parish. The highest sustained wind recorded in southeast Louisiana was at the NOAA automated weather station at the Southwest Pass of the Mississippi River with sustained winds of 72 knots (83 mph) and gusts to 87 knot (100 mph)  The weather instruments are located at approximately 100 ft above the sea surface. Wind gusts of around 60 knot (69 mph) were recorded at an automated weather station along the coast near Point a-la Hache. Outside of the lower Plaquemines Parish area,  tropical storm force winds were recorded from coastal Terrebonne Parish northeast through the New Orleans area to eastern St. Tammany Parish. The lowest barometric pressure recorded was 983.6 mb at the Southwest Pass automated weather station.  

Lower portions of Plaquemines Parish suffered the greatest wind damage. Several school buildings suffered roof damage as well as several public government buildings. Around 100 mobile homes had some type of wind damage, with approximately 30 mobile homes having major damage or were destroyed. Seven houses suffered major wind damage. 50 power poles were also downed by high winds. In lower St. Bernard parish about a dozen houses had some type of wind damage. In other areas of southeast Louisiana, generally only minor wind damage was reported with power outages. At least 55, 000 customers of the local electric power company experience power outages.

The highest storm surge was confined mostly to areas east of the Mississippi River where storm surge averaged 3 to 5 feet above normal except locally higher in some inlets. The highest storm surge reading was 7.6 feet NGVD at Bayou Dupre in St. Bernard Parish. The storm surge flooded low lying property and roadways outside of the hurricane protection levees in Orleans, St. Bernard and Plaquemines Parishes.  Around Lake Pontchartrain and west of the Mississippi River, storm surge was 2 to 4 feet above normal.
 
No tornadoes were reported in southeast Louisiana and storm total rainfall was fairly light. The greatest storm rainfall total was 2.5 inches at Buras in Plaquemine Parish.

Due to the threat posed by the powerful hurricane, many area residents evacuated the New Orleans metropolitan area at the urging of local emergency management officials. State Police estimated that approximately 600,000 people evacuated from southeast Louisiana including the the New Orleans metro area prior to the hurricane. Another 400,000 other coastal residents from Florida, Alabama and Mississippi moved through the area as they evacuated to the west, away from the expected landfall of hurricane Ivan. In an area west of Kenner, eastbound lanes of Interstate Highway 10 were reversed to handle west bound traffic. Traffic jams developed during the evacuation process due to the large number of evacuees. 

There were no direct fatalities related to Hurricane Ivan, however four elderly residents of southeast Louisiana died during the large scale evacuation in southeast Louisiana. 

The Louisiana Dept of Insurance estimated that insured property damage was approximately $7.9 million.  In a manner utilized by the National Hurricane Center for estimating storm damage, the insured damage estimate was doubled to arrive at total dollar damage of $15.8 million.   Approximately 75% of the damage was estimated to be related to wind - $11.8 million.  Approximately 25% of the storm damage was estimated to be related to storm surge - $4.0 million."	281
5432697	UPPER TERREBONNE (ZONE)	 	9/15/2004	1000	Hurricane (Typhoon)	 	 	0	0	5000	0	LA	CST	 	1187087	Z	65	LIX	0	0	EMERGENCY MANAGER	 	 	 	 	 	 	 	 	9/16/2004	600	 	 	 	 		"Hurricane Ivan moved steadily northward across the north central Gulf of Mexico on September 15th before turning north-northeast and making landfall near Gulf Shores, Alabama as a Category 3 hurricane during the early morning of September 16th.  

Hurricane force winds affected the lower portion of Plaquemines Parish. The highest sustained wind recorded in southeast Louisiana was at the NOAA automated weather station at the Southwest Pass of the Mississippi River with sustained winds of 72 knots (83 mph) and gusts to 87 knot (100 mph)  The weather instruments are located at approximately 100 ft above the sea surface. Wind gusts of around 60 knot (69 mph) were recorded at an automated weather station along the coast near Point a-la Hache. Outside of the lower Plaquemines Parish area,  tropical storm force winds were recorded from coastal Terrebonne Parish northeast through the New Orleans area to eastern St. Tammany Parish. The lowest barometric pressure recorded was 983.6 mb at the Southwest Pass automated weather station.  

Lower portions of Plaquemines Parish suffered the greatest wind damage. Several school buildings suffered roof damage as well as several public government buildings. Around 100 mobile homes had some type of wind damage, with approximately 30 mobile homes having major damage or were destroyed. Seven houses suffered major wind damage. 50 power poles were also downed by high winds. In lower St. Bernard parish about a dozen houses had some type of wind damage. In other areas of southeast Louisiana, generally only minor wind damage was reported with power outages. At least 55, 000 customers of the local electric power company experience power outages.

The highest storm surge was confined mostly to areas east of the Mississippi River where storm surge averaged 3 to 5 feet above normal except locally higher in some inlets. The highest storm surge reading was 7.6 feet NGVD at Bayou Dupre in St. Bernard Parish. The storm surge flooded low lying property and roadways outside of the hurricane protection levees in Orleans, St. Bernard and Plaquemines Parishes.  Around Lake Pontchartrain and west of the Mississippi River, storm surge was 2 to 4 feet above normal.
 
No tornadoes were reported in southeast Louisiana and storm total rainfall was fairly light. The greatest storm rainfall total was 2.5 inches at Buras in Plaquemine Parish.

Due to the threat posed by the powerful hurricane, many area residents evacuated the New Orleans metropolitan area at the urging of local emergency management officials. State Police estimated that approximately 600,000 people evacuated from southeast Louisiana including the the New Orleans metro area prior to the hurricane. Another 400,000 other coastal residents from Florida, Alabama and Mississippi moved through the area as they evacuated to the west, away from the expected landfall of hurricane Ivan. In an area west of Kenner, eastbound lanes of Interstate Highway 10 were reversed to handle west bound traffic. Traffic jams developed during the evacuation process due to the large number of evacuees. 

There were no direct fatalities related to Hurricane Ivan, however four elderly residents of southeast Louisiana died during the large scale evacuation in southeast Louisiana. 

The Louisiana Dept of Insurance estimated that insured property damage was approximately $7.9 million.  In a manner utilized by the National Hurricane Center for estimating storm damage, the insured damage estimate was doubled to arrive at total dollar damage of $15.8 million.   Approximately 75% of the damage was estimated to be related to wind - $11.8 million.  Approximately 25% of the storm damage was estimated to be related to storm surge - $4.0 million."	282
5430959	JACKSON (ZONE)	 	9/15/2004	1500	Hurricane (Typhoon)	 	 	0	0	6000000	0	MS	CST	 	1187089	Z	82	LIX	0	0	OFFICIAL NWS OBS.	 	 	 	 	 	 	 	 	9/16/2004	600	 	 	 	 		"Hurricane Ivan moved steadily northward across the the north-central Gulf of Mexico on September 15th before turning north-northeast and making landfall near Gulf Shores, Alabama as a Category 3 hurricane during the early morning of September 16th.

Hurricane Ivan made landfall far enough to the east of the Mississippi Coast to minimize the damage to the coastal counties, however hurricane force winds did affect Jackson County. An anemometer on top of the Emergency Operation Center in downtown Pascagoula recorded a wind gust to 76 knots (88 mph) as the eye of the hurricane passed to the east of area. Tropical storm force winds occurred over Harrison and Hancock Counties with wind gusts approaching hurricane force in the coastal waters. A wind gust of 68 knots (78 mph) was recorded by an automated wind gage at Pointe Cadet in Biloxi Harbor, and 53 knot (61 mph) wind gust was recorded at the Emergency Operations Center in Waveland.

Jackson County experienced the greatest amount of damage among coastal counties. A roof was blown off of an apartment building in Pascagoula and at least a dozen homes suffered major damage either from wind or from fallen trees. Around 100 homes had some type of wind damage, along with 30 mobile homes and 25 businesses. Trees and large tree limbs were toppled in many areas contributing to power outages in Jackson County. Wind damage was much less over Harrison, Hancock, and Pearl River counties. There were scattered reports of fallen trees and tree limbs, downing power lines and causing damage to some houses. 

The lowest pressure recorded along the Mississippi Coast was 975.6 mb at 2336 CST on September 15th at the Pascagoula Airport. However power to the weather instrument failed shortly after this reading and a lower reading is highly likely. At Keesler Air Force Base in Biloxi, the lowest pressure of 982.9 mb occurred at 0055 CST September 16th. 

Storm surge was generally 3 to 5 feet above normal along the coast. The highest storm surge recorded was at the mouth of the Pascagoula River near Pascagoula with a storm surge 6.72 ft NGVD. Some tidal surge flooding occurred in low lying areas near the coast. 

No tornadoes were reported. Storm total rainfall varied from an inch or less in Hancock County to around 6 inches in eastern Jackson County. The highest rainfall total was 6.29 inches at the Pascagoula Emergency Operations Center.

No direct injuries or fatalities were noted in coastal Mississippi.

Total storm damage was estimated at around 10 million dollars with approximately 80 percent of the damage due to wind ($6.7 million) and 20 percent ($ 2.3 million) due to storm surge damage."	283
5430965	PEARL RIVER (ZONE)	 	9/15/2004	1500	Hurricane (Typhoon)	 	 	0	0	160000	0	MS	CST	 	1187089	Z	77	LIX	0	0	OFFICIAL NWS OBS.	 	 	 	 	 	 	 	 	9/16/2004	600	 	 	 	 		"Hurricane Ivan moved steadily northward across the the north-central Gulf of Mexico on September 15th before turning north-northeast and making landfall near Gulf Shores, Alabama as a Category 3 hurricane during the early morning of September 16th.

Hurricane Ivan made landfall far enough to the east of the Mississippi Coast to minimize the damage to the coastal counties, however hurricane force winds did affect Jackson County. An anemometer on top of the Emergency Operation Center in downtown Pascagoula recorded a wind gust to 76 knots (88 mph) as the eye of the hurricane passed to the east of area. Tropical storm force winds occurred over Harrison and Hancock Counties with wind gusts approaching hurricane force in the coastal waters. A wind gust of 68 knots (78 mph) was recorded by an automated wind gage at Pointe Cadet in Biloxi Harbor, and 53 knot (61 mph) wind gust was recorded at the Emergency Operations Center in Waveland.

Jackson County experienced the greatest amount of damage among coastal counties. A roof was blown off of an apartment building in Pascagoula and at least a dozen homes suffered major damage either from wind or from fallen trees. Around 100 homes had some type of wind damage, along with 30 mobile homes and 25 businesses. Trees and large tree limbs were toppled in many areas contributing to power outages in Jackson County. Wind damage was much less over Harrison, Hancock, and Pearl River counties. There were scattered reports of fallen trees and tree limbs, downing power lines and causing damage to some houses. 

The lowest pressure recorded along the Mississippi Coast was 975.6 mb at 2336 CST on September 15th at the Pascagoula Airport. However power to the weather instrument failed shortly after this reading and a lower reading is highly likely. At Keesler Air Force Base in Biloxi, the lowest pressure of 982.9 mb occurred at 0055 CST September 16th. 

Storm surge was generally 3 to 5 feet above normal along the coast. The highest storm surge recorded was at the mouth of the Pascagoula River near Pascagoula with a storm surge 6.72 ft NGVD. Some tidal surge flooding occurred in low lying areas near the coast. 

No tornadoes were reported. Storm total rainfall varied from an inch or less in Hancock County to around 6 inches in eastern Jackson County. The highest rainfall total was 6.29 inches at the Pascagoula Emergency Operations Center.

No direct injuries or fatalities were noted in coastal Mississippi.

Total storm damage was estimated at around 10 million dollars with approximately 80 percent of the damage due to wind ($6.7 million) and 20 percent ($ 2.3 million) due to storm surge damage."	284
5430961	HARRISON (ZONE)	 	9/15/2004	1500	Hurricane (Typhoon)	 	 	0	0	1200000	0	MS	CST	 	1187089	Z	81	LIX	0	0	OFFICIAL NWS OBS.	 	 	 	 	 	 	 	 	9/16/2004	600	 	 	 	 		"Hurricane Ivan moved steadily northward across the the north-central Gulf of Mexico on September 15th before turning north-northeast and making landfall near Gulf Shores, Alabama as a Category 3 hurricane during the early morning of September 16th.

Hurricane Ivan made landfall far enough to the east of the Mississippi Coast to minimize the damage to the coastal counties, however hurricane force winds did affect Jackson County. An anemometer on top of the Emergency Operation Center in downtown Pascagoula recorded a wind gust to 76 knots (88 mph) as the eye of the hurricane passed to the east of area. Tropical storm force winds occurred over Harrison and Hancock Counties with wind gusts approaching hurricane force in the coastal waters. A wind gust of 68 knots (78 mph) was recorded by an automated wind gage at Pointe Cadet in Biloxi Harbor, and 53 knot (61 mph) wind gust was recorded at the Emergency Operations Center in Waveland.

Jackson County experienced the greatest amount of damage among coastal counties. A roof was blown off of an apartment building in Pascagoula and at least a dozen homes suffered major damage either from wind or from fallen trees. Around 100 homes had some type of wind damage, along with 30 mobile homes and 25 businesses. Trees and large tree limbs were toppled in many areas contributing to power outages in Jackson County. Wind damage was much less over Harrison, Hancock, and Pearl River counties. There were scattered reports of fallen trees and tree limbs, downing power lines and causing damage to some houses. 

The lowest pressure recorded along the Mississippi Coast was 975.6 mb at 2336 CST on September 15th at the Pascagoula Airport. However power to the weather instrument failed shortly after this reading and a lower reading is highly likely. At Keesler Air Force Base in Biloxi, the lowest pressure of 982.9 mb occurred at 0055 CST September 16th. 

Storm surge was generally 3 to 5 feet above normal along the coast. The highest storm surge recorded was at the mouth of the Pascagoula River near Pascagoula with a storm surge 6.72 ft NGVD. Some tidal surge flooding occurred in low lying areas near the coast. 

No tornadoes were reported. Storm total rainfall varied from an inch or less in Hancock County to around 6 inches in eastern Jackson County. The highest rainfall total was 6.29 inches at the Pascagoula Emergency Operations Center.

No direct injuries or fatalities were noted in coastal Mississippi.

Total storm damage was estimated at around 10 million dollars with approximately 80 percent of the damage due to wind ($6.7 million) and 20 percent ($ 2.3 million) due to storm surge damage."	285
5430960	HANCOCK (ZONE)	 	9/15/2004	1500	Hurricane (Typhoon)	 	 	0	0	640000	0	MS	CST	 	1187089	Z	80	LIX	0	0	OFFICIAL NWS OBS.	 	 	 	 	 	 	 	 	9/16/2004	600	 	 	 	 		"Hurricane Ivan moved steadily northward across the the north-central Gulf of Mexico on September 15th before turning north-northeast and making landfall near Gulf Shores, Alabama as a Category 3 hurricane during the early morning of September 16th.

Hurricane Ivan made landfall far enough to the east of the Mississippi Coast to minimize the damage to the coastal counties, however hurricane force winds did affect Jackson County. An anemometer on top of the Emergency Operation Center in downtown Pascagoula recorded a wind gust to 76 knots (88 mph) as the eye of the hurricane passed to the east of area. Tropical storm force winds occurred over Harrison and Hancock Counties with wind gusts approaching hurricane force in the coastal waters. A wind gust of 68 knots (78 mph) was recorded by an automated wind gage at Pointe Cadet in Biloxi Harbor, and 53 knot (61 mph) wind gust was recorded at the Emergency Operations Center in Waveland.

Jackson County experienced the greatest amount of damage among coastal counties. A roof was blown off of an apartment building in Pascagoula and at least a dozen homes suffered major damage either from wind or from fallen trees. Around 100 homes had some type of wind damage, along with 30 mobile homes and 25 businesses. Trees and large tree limbs were toppled in many areas contributing to power outages in Jackson County. Wind damage was much less over Harrison, Hancock, and Pearl River counties. There were scattered reports of fallen trees and tree limbs, downing power lines and causing damage to some houses. 

The lowest pressure recorded along the Mississippi Coast was 975.6 mb at 2336 CST on September 15th at the Pascagoula Airport. However power to the weather instrument failed shortly after this reading and a lower reading is highly likely. At Keesler Air Force Base in Biloxi, the lowest pressure of 982.9 mb occurred at 0055 CST September 16th. 

Storm surge was generally 3 to 5 feet above normal along the coast. The highest storm surge recorded was at the mouth of the Pascagoula River near Pascagoula with a storm surge 6.72 ft NGVD. Some tidal surge flooding occurred in low lying areas near the coast. 

No tornadoes were reported. Storm total rainfall varied from an inch or less in Hancock County to around 6 inches in eastern Jackson County. The highest rainfall total was 6.29 inches at the Pascagoula Emergency Operations Center.

No direct injuries or fatalities were noted in coastal Mississippi.

Total storm damage was estimated at around 10 million dollars with approximately 80 percent of the damage due to wind ($6.7 million) and 20 percent ($ 2.3 million) due to storm surge damage."	286
5420752	OKTIBBEHA (ZONE)	 	9/16/2004	0	Hurricane (Typhoon)	 	 	0	0	93750	31300	MS	CST	 	1179490	Z	33	JAN	0	0	OFFICIAL NWS OBS.	 	 	 	 	 	 	 	 	9/16/2004	1600	 	 	 	 		"Hurricane Ivan made landfall at 2:02 AM, September 16, near Gulf Shores, Alabama as a upper Category 3 hurricane. The western side of Ivan effected a large portion of Eastern Mississippi as the center moved north through Alabama. Thousands of trees were blown down across Eastern Mississippi during the event as well as hundreds of power lines. The strong wind itself did not cause much structural damage, however the fallen trees did. These downed trees accounted for several hundred homes, mobile homes and businesses to be damaged or destroyed. Most locations across Eastern Mississippi reported sustained winds between 30 and 40 mph with Tropical Storm force gusts between 48 and 54 mph. The strongest reported winds occurred in Newton, Lauderdale and Oktibbeha counties. A Mississippi mesonet site, in Newton, reported maximum sustained winds of 42 mph and peak gust of 54 mph. At Key Field in Meridian, maximum sustained winds were reported at 43 mph with a peak gust of 61 mph. The highest sustained and peak wind occurred at the Mississippi State Climate Lab in Starkville. This site reported maximum sustained winds of 52 mph and a peak gust of 64 mph.

Overall, rainfall totals were held in check as Ivan steadily moved north. The heaviest rains were confined to far Eastern Mississippi where 3 to 4 inches fell over a 15 hour period. Due to the duration of the rain no flooding was reported.

Across Eastern Mississippi, Hurricane Ivan was responsible for one fatality. This fatality occurred in Brooksville when a tree fell on a man. Damage from Ivan was estimated at $200 Million."	287
5420744	KEMPER (ZONE)	 	9/16/2004	0	Hurricane (Typhoon)	 	 	0	0	93750	31300	MS	CST	 	1179490	Z	46	JAN	0	0	OFFICIAL NWS OBS.	 	 	 	 	 	 	 	 	9/16/2004	1600	 	 	 	 		"Hurricane Ivan made landfall at 2:02 AM, September 16, near Gulf Shores, Alabama as a upper Category 3 hurricane. The western side of Ivan effected a large portion of Eastern Mississippi as the center moved north through Alabama. Thousands of trees were blown down across Eastern Mississippi during the event as well as hundreds of power lines. The strong wind itself did not cause much structural damage, however the fallen trees did. These downed trees accounted for several hundred homes, mobile homes and businesses to be damaged or destroyed. Most locations across Eastern Mississippi reported sustained winds between 30 and 40 mph with Tropical Storm force gusts between 48 and 54 mph. The strongest reported winds occurred in Newton, Lauderdale and Oktibbeha counties. A Mississippi mesonet site, in Newton, reported maximum sustained winds of 42 mph and peak gust of 54 mph. At Key Field in Meridian, maximum sustained winds were reported at 43 mph with a peak gust of 61 mph. The highest sustained and peak wind occurred at the Mississippi State Climate Lab in Starkville. This site reported maximum sustained winds of 52 mph and a peak gust of 64 mph.

Overall, rainfall totals were held in check as Ivan steadily moved north. The heaviest rains were confined to far Eastern Mississippi where 3 to 4 inches fell over a 15 hour period. Due to the duration of the rain no flooding was reported.

Across Eastern Mississippi, Hurricane Ivan was responsible for one fatality. This fatality occurred in Brooksville when a tree fell on a man. Damage from Ivan was estimated at $200 Million."	288
5420743	JONES (ZONE)	 	9/16/2004	0	Hurricane (Typhoon)	 	 	0	0	93750	31300	MS	CST	 	1179490	Z	66	JAN	0	0	OFFICIAL NWS OBS.	 	 	 	 	 	 	 	 	9/16/2004	1600	 	 	 	 		"Hurricane Ivan made landfall at 2:02 AM, September 16, near Gulf Shores, Alabama as a upper Category 3 hurricane. The western side of Ivan effected a large portion of Eastern Mississippi as the center moved north through Alabama. Thousands of trees were blown down across Eastern Mississippi during the event as well as hundreds of power lines. The strong wind itself did not cause much structural damage, however the fallen trees did. These downed trees accounted for several hundred homes, mobile homes and businesses to be damaged or destroyed. Most locations across Eastern Mississippi reported sustained winds between 30 and 40 mph with Tropical Storm force gusts between 48 and 54 mph. The strongest reported winds occurred in Newton, Lauderdale and Oktibbeha counties. A Mississippi mesonet site, in Newton, reported maximum sustained winds of 42 mph and peak gust of 54 mph. At Key Field in Meridian, maximum sustained winds were reported at 43 mph with a peak gust of 61 mph. The highest sustained and peak wind occurred at the Mississippi State Climate Lab in Starkville. This site reported maximum sustained winds of 52 mph and a peak gust of 64 mph.

Overall, rainfall totals were held in check as Ivan steadily moved north. The heaviest rains were confined to far Eastern Mississippi where 3 to 4 inches fell over a 15 hour period. Due to the duration of the rain no flooding was reported.

Across Eastern Mississippi, Hurricane Ivan was responsible for one fatality. This fatality occurred in Brooksville when a tree fell on a man. Damage from Ivan was estimated at $200 Million."	289
5420746	LAUDERDALE (ZONE)	 	9/16/2004	0	Hurricane (Typhoon)	 	 	0	0	93750	31300	MS	CST	 	1179490	Z	52	JAN	0	0	OFFICIAL NWS OBS.	 	 	 	 	 	 	 	 	9/16/2004	1600	 	 	 	 		"Hurricane Ivan made landfall at 2:02 AM, September 16, near Gulf Shores, Alabama as a upper Category 3 hurricane. The western side of Ivan effected a large portion of Eastern Mississippi as the center moved north through Alabama. Thousands of trees were blown down across Eastern Mississippi during the event as well as hundreds of power lines. The strong wind itself did not cause much structural damage, however the fallen trees did. These downed trees accounted for several hundred homes, mobile homes and businesses to be damaged or destroyed. Most locations across Eastern Mississippi reported sustained winds between 30 and 40 mph with Tropical Storm force gusts between 48 and 54 mph. The strongest reported winds occurred in Newton, Lauderdale and Oktibbeha counties. A Mississippi mesonet site, in Newton, reported maximum sustained winds of 42 mph and peak gust of 54 mph. At Key Field in Meridian, maximum sustained winds were reported at 43 mph with a peak gust of 61 mph. The highest sustained and peak wind occurred at the Mississippi State Climate Lab in Starkville. This site reported maximum sustained winds of 52 mph and a peak gust of 64 mph.

Overall, rainfall totals were held in check as Ivan steadily moved north. The heaviest rains were confined to far Eastern Mississippi where 3 to 4 inches fell over a 15 hour period. Due to the duration of the rain no flooding was reported.

Across Eastern Mississippi, Hurricane Ivan was responsible for one fatality. This fatality occurred in Brooksville when a tree fell on a man. Damage from Ivan was estimated at $200 Million."	290
5420745	LAMAR (ZONE)	 	9/16/2004	0	Hurricane (Typhoon)	 	 	0	0	93750	31300	MS	CST	 	1179490	Z	73	JAN	0	0	OFFICIAL NWS OBS.	 	 	 	 	 	 	 	 	9/16/2004	1600	 	 	 	 		"Hurricane Ivan made landfall at 2:02 AM, September 16, near Gulf Shores, Alabama as a upper Category 3 hurricane. The western side of Ivan effected a large portion of Eastern Mississippi as the center moved north through Alabama. Thousands of trees were blown down across Eastern Mississippi during the event as well as hundreds of power lines. The strong wind itself did not cause much structural damage, however the fallen trees did. These downed trees accounted for several hundred homes, mobile homes and businesses to be damaged or destroyed. Most locations across Eastern Mississippi reported sustained winds between 30 and 40 mph with Tropical Storm force gusts between 48 and 54 mph. The strongest reported winds occurred in Newton, Lauderdale and Oktibbeha counties. A Mississippi mesonet site, in Newton, reported maximum sustained winds of 42 mph and peak gust of 54 mph. At Key Field in Meridian, maximum sustained winds were reported at 43 mph with a peak gust of 61 mph. The highest sustained and peak wind occurred at the Mississippi State Climate Lab in Starkville. This site reported maximum sustained winds of 52 mph and a peak gust of 64 mph.

Overall, rainfall totals were held in check as Ivan steadily moved north. The heaviest rains were confined to far Eastern Mississippi where 3 to 4 inches fell over a 15 hour period. Due to the duration of the rain no flooding was reported.

Across Eastern Mississippi, Hurricane Ivan was responsible for one fatality. This fatality occurred in Brooksville when a tree fell on a man. Damage from Ivan was estimated at $200 Million."	291
5420738	CLARKE (ZONE)	 	9/16/2004	0	Hurricane (Typhoon)	 	 	0	0	93750	31300	MS	CST	 	1179490	Z	58	JAN	0	0	OFFICIAL NWS OBS.	 	 	 	 	 	 	 	 	9/16/2004	1600	 	 	 	 		"Hurricane Ivan made landfall at 2:02 AM, September 16, near Gulf Shores, Alabama as a upper Category 3 hurricane. The western side of Ivan effected a large portion of Eastern Mississippi as the center moved north through Alabama. Thousands of trees were blown down across Eastern Mississippi during the event as well as hundreds of power lines. The strong wind itself did not cause much structural damage, however the fallen trees did. These downed trees accounted for several hundred homes, mobile homes and businesses to be damaged or destroyed. Most locations across Eastern Mississippi reported sustained winds between 30 and 40 mph with Tropical Storm force gusts between 48 and 54 mph. The strongest reported winds occurred in Newton, Lauderdale and Oktibbeha counties. A Mississippi mesonet site, in Newton, reported maximum sustained winds of 42 mph and peak gust of 54 mph. At Key Field in Meridian, maximum sustained winds were reported at 43 mph with a peak gust of 61 mph. The highest sustained and peak wind occurred at the Mississippi State Climate Lab in Starkville. This site reported maximum sustained winds of 52 mph and a peak gust of 64 mph.

Overall, rainfall totals were held in check as Ivan steadily moved north. The heaviest rains were confined to far Eastern Mississippi where 3 to 4 inches fell over a 15 hour period. Due to the duration of the rain no flooding was reported.

Across Eastern Mississippi, Hurricane Ivan was responsible for one fatality. This fatality occurred in Brooksville when a tree fell on a man. Damage from Ivan was estimated at $200 Million."	292
5420750	NEWTON (ZONE)	 	9/16/2004	0	Hurricane (Typhoon)	 	 	0	0	93750	31300	MS	CST	 	1179490	Z	51	JAN	0	0	OFFICIAL NWS OBS.	 	 	 	 	 	 	 	 	9/16/2004	1600	 	 	 	 		"Hurricane Ivan made landfall at 2:02 AM, September 16, near Gulf Shores, Alabama as a upper Category 3 hurricane. The western side of Ivan effected a large portion of Eastern Mississippi as the center moved north through Alabama. Thousands of trees were blown down across Eastern Mississippi during the event as well as hundreds of power lines. The strong wind itself did not cause much structural damage, however the fallen trees did. These downed trees accounted for several hundred homes, mobile homes and businesses to be damaged or destroyed. Most locations across Eastern Mississippi reported sustained winds between 30 and 40 mph with Tropical Storm force gusts between 48 and 54 mph. The strongest reported winds occurred in Newton, Lauderdale and Oktibbeha counties. A Mississippi mesonet site, in Newton, reported maximum sustained winds of 42 mph and peak gust of 54 mph. At Key Field in Meridian, maximum sustained winds were reported at 43 mph with a peak gust of 61 mph. The highest sustained and peak wind occurred at the Mississippi State Climate Lab in Starkville. This site reported maximum sustained winds of 52 mph and a peak gust of 64 mph.

Overall, rainfall totals were held in check as Ivan steadily moved north. The heaviest rains were confined to far Eastern Mississippi where 3 to 4 inches fell over a 15 hour period. Due to the duration of the rain no flooding was reported.

Across Eastern Mississippi, Hurricane Ivan was responsible for one fatality. This fatality occurred in Brooksville when a tree fell on a man. Damage from Ivan was estimated at $200 Million."	293
5420748	MARION (ZONE)	 	9/16/2004	0	Hurricane (Typhoon)	 	 	0	0	93750	31300	MS	CST	 	1179490	Z	72	JAN	0	0	OFFICIAL NWS OBS.	 	 	 	 	 	 	 	 	9/16/2004	1600	 	 	 	 		"Hurricane Ivan made landfall at 2:02 AM, September 16, near Gulf Shores, Alabama as a upper Category 3 hurricane. The western side of Ivan effected a large portion of Eastern Mississippi as the center moved north through Alabama. Thousands of trees were blown down across Eastern Mississippi during the event as well as hundreds of power lines. The strong wind itself did not cause much structural damage, however the fallen trees did. These downed trees accounted for several hundred homes, mobile homes and businesses to be damaged or destroyed. Most locations across Eastern Mississippi reported sustained winds between 30 and 40 mph with Tropical Storm force gusts between 48 and 54 mph. The strongest reported winds occurred in Newton, Lauderdale and Oktibbeha counties. A Mississippi mesonet site, in Newton, reported maximum sustained winds of 42 mph and peak gust of 54 mph. At Key Field in Meridian, maximum sustained winds were reported at 43 mph with a peak gust of 61 mph. The highest sustained and peak wind occurred at the Mississippi State Climate Lab in Starkville. This site reported maximum sustained winds of 52 mph and a peak gust of 64 mph.

Overall, rainfall totals were held in check as Ivan steadily moved north. The heaviest rains were confined to far Eastern Mississippi where 3 to 4 inches fell over a 15 hour period. Due to the duration of the rain no flooding was reported.

Across Eastern Mississippi, Hurricane Ivan was responsible for one fatality. This fatality occurred in Brooksville when a tree fell on a man. Damage from Ivan was estimated at $200 Million."	294
5420751	NOXUBEE (ZONE)	 	9/16/2004	0	Hurricane (Typhoon)	 	 	0	0	93750	31300	MS	CST	 	1179490	Z	39	JAN	0	0	OFFICIAL NWS OBS.	 	 	 	 	 	 	 	 	9/16/2004	1600	 	 	 	 		"Hurricane Ivan made landfall at 2:02 AM, September 16, near Gulf Shores, Alabama as a upper Category 3 hurricane. The western side of Ivan effected a large portion of Eastern Mississippi as the center moved north through Alabama. Thousands of trees were blown down across Eastern Mississippi during the event as well as hundreds of power lines. The strong wind itself did not cause much structural damage, however the fallen trees did. These downed trees accounted for several hundred homes, mobile homes and businesses to be damaged or destroyed. Most locations across Eastern Mississippi reported sustained winds between 30 and 40 mph with Tropical Storm force gusts between 48 and 54 mph. The strongest reported winds occurred in Newton, Lauderdale and Oktibbeha counties. A Mississippi mesonet site, in Newton, reported maximum sustained winds of 42 mph and peak gust of 54 mph. At Key Field in Meridian, maximum sustained winds were reported at 43 mph with a peak gust of 61 mph. The highest sustained and peak wind occurred at the Mississippi State Climate Lab in Starkville. This site reported maximum sustained winds of 52 mph and a peak gust of 64 mph.

Overall, rainfall totals were held in check as Ivan steadily moved north. The heaviest rains were confined to far Eastern Mississippi where 3 to 4 inches fell over a 15 hour period. Due to the duration of the rain no flooding was reported.

Across Eastern Mississippi, Hurricane Ivan was responsible for one fatality. This fatality occurred in Brooksville when a tree fell on a man. Damage from Ivan was estimated at $200 Million."	295
5420740	COVINGTON (ZONE)	 	9/16/2004	0	Hurricane (Typhoon)	 	 	0	0	93750	31300	MS	CST	 	1179490	Z	65	JAN	0	0	OFFICIAL NWS OBS.	 	 	 	 	 	 	 	 	9/16/2004	1600	 	 	 	 		"Hurricane Ivan made landfall at 2:02 AM, September 16, near Gulf Shores, Alabama as a upper Category 3 hurricane. The western side of Ivan effected a large portion of Eastern Mississippi as the center moved north through Alabama. Thousands of trees were blown down across Eastern Mississippi during the event as well as hundreds of power lines. The strong wind itself did not cause much structural damage, however the fallen trees did. These downed trees accounted for several hundred homes, mobile homes and businesses to be damaged or destroyed. Most locations across Eastern Mississippi reported sustained winds between 30 and 40 mph with Tropical Storm force gusts between 48 and 54 mph. The strongest reported winds occurred in Newton, Lauderdale and Oktibbeha counties. A Mississippi mesonet site, in Newton, reported maximum sustained winds of 42 mph and peak gust of 54 mph. At Key Field in Meridian, maximum sustained winds were reported at 43 mph with a peak gust of 61 mph. The highest sustained and peak wind occurred at the Mississippi State Climate Lab in Starkville. This site reported maximum sustained winds of 52 mph and a peak gust of 64 mph.

Overall, rainfall totals were held in check as Ivan steadily moved north. The heaviest rains were confined to far Eastern Mississippi where 3 to 4 inches fell over a 15 hour period. Due to the duration of the rain no flooding was reported.

Across Eastern Mississippi, Hurricane Ivan was responsible for one fatality. This fatality occurred in Brooksville when a tree fell on a man. Damage from Ivan was estimated at $200 Million."	296
5420739	CLAY (ZONE)	 	9/16/2004	0	Hurricane (Typhoon)	 	 	0	0	93750	31300	MS	CST	 	1179490	Z	30	JAN	0	0	OFFICIAL NWS OBS.	 	 	 	 	 	 	 	 	9/16/2004	1600	 	 	 	 		"Hurricane Ivan made landfall at 2:02 AM, September 16, near Gulf Shores, Alabama as a upper Category 3 hurricane. The western side of Ivan effected a large portion of Eastern Mississippi as the center moved north through Alabama. Thousands of trees were blown down across Eastern Mississippi during the event as well as hundreds of power lines. The strong wind itself did not cause much structural damage, however the fallen trees did. These downed trees accounted for several hundred homes, mobile homes and businesses to be damaged or destroyed. Most locations across Eastern Mississippi reported sustained winds between 30 and 40 mph with Tropical Storm force gusts between 48 and 54 mph. The strongest reported winds occurred in Newton, Lauderdale and Oktibbeha counties. A Mississippi mesonet site, in Newton, reported maximum sustained winds of 42 mph and peak gust of 54 mph. At Key Field in Meridian, maximum sustained winds were reported at 43 mph with a peak gust of 61 mph. The highest sustained and peak wind occurred at the Mississippi State Climate Lab in Starkville. This site reported maximum sustained winds of 52 mph and a peak gust of 64 mph.

Overall, rainfall totals were held in check as Ivan steadily moved north. The heaviest rains were confined to far Eastern Mississippi where 3 to 4 inches fell over a 15 hour period. Due to the duration of the rain no flooding was reported.

Across Eastern Mississippi, Hurricane Ivan was responsible for one fatality. This fatality occurred in Brooksville when a tree fell on a man. Damage from Ivan was estimated at $200 Million."	297
5420742	JASPER (ZONE)	 	9/16/2004	0	Hurricane (Typhoon)	 	 	0	0	93750	31300	MS	CST	 	1179490	Z	57	JAN	0	0	OFFICIAL NWS OBS.	 	 	 	 	 	 	 	 	9/16/2004	1600	 	 	 	 		"Hurricane Ivan made landfall at 2:02 AM, September 16, near Gulf Shores, Alabama as a upper Category 3 hurricane. The western side of Ivan effected a large portion of Eastern Mississippi as the center moved north through Alabama. Thousands of trees were blown down across Eastern Mississippi during the event as well as hundreds of power lines. The strong wind itself did not cause much structural damage, however the fallen trees did. These downed trees accounted for several hundred homes, mobile homes and businesses to be damaged or destroyed. Most locations across Eastern Mississippi reported sustained winds between 30 and 40 mph with Tropical Storm force gusts between 48 and 54 mph. The strongest reported winds occurred in Newton, Lauderdale and Oktibbeha counties. A Mississippi mesonet site, in Newton, reported maximum sustained winds of 42 mph and peak gust of 54 mph. At Key Field in Meridian, maximum sustained winds were reported at 43 mph with a peak gust of 61 mph. The highest sustained and peak wind occurred at the Mississippi State Climate Lab in Starkville. This site reported maximum sustained winds of 52 mph and a peak gust of 64 mph.

Overall, rainfall totals were held in check as Ivan steadily moved north. The heaviest rains were confined to far Eastern Mississippi where 3 to 4 inches fell over a 15 hour period. Due to the duration of the rain no flooding was reported.

Across Eastern Mississippi, Hurricane Ivan was responsible for one fatality. This fatality occurred in Brooksville when a tree fell on a man. Damage from Ivan was estimated at $200 Million."	298
5420741	FORREST (ZONE)	 	9/16/2004	0	Hurricane (Typhoon)	 	 	0	0	93750	31300	MS	CST	 	1179490	Z	74	JAN	0	0	OFFICIAL NWS OBS.	 	 	 	 	 	 	 	 	9/16/2004	1600	 	 	 	 		"Hurricane Ivan made landfall at 2:02 AM, September 16, near Gulf Shores, Alabama as a upper Category 3 hurricane. The western side of Ivan effected a large portion of Eastern Mississippi as the center moved north through Alabama. Thousands of trees were blown down across Eastern Mississippi during the event as well as hundreds of power lines. The strong wind itself did not cause much structural damage, however the fallen trees did. These downed trees accounted for several hundred homes, mobile homes and businesses to be damaged or destroyed. Most locations across Eastern Mississippi reported sustained winds between 30 and 40 mph with Tropical Storm force gusts between 48 and 54 mph. The strongest reported winds occurred in Newton, Lauderdale and Oktibbeha counties. A Mississippi mesonet site, in Newton, reported maximum sustained winds of 42 mph and peak gust of 54 mph. At Key Field in Meridian, maximum sustained winds were reported at 43 mph with a peak gust of 61 mph. The highest sustained and peak wind occurred at the Mississippi State Climate Lab in Starkville. This site reported maximum sustained winds of 52 mph and a peak gust of 64 mph.

Overall, rainfall totals were held in check as Ivan steadily moved north. The heaviest rains were confined to far Eastern Mississippi where 3 to 4 inches fell over a 15 hour period. Due to the duration of the rain no flooding was reported.

Across Eastern Mississippi, Hurricane Ivan was responsible for one fatality. This fatality occurred in Brooksville when a tree fell on a man. Damage from Ivan was estimated at $200 Million."	299
5420749	NESHOBA (ZONE)	 	9/16/2004	0	Hurricane (Typhoon)	 	 	0	0	93750	31300	MS	CST	 	1179490	Z	45	JAN	0	0	OFFICIAL NWS OBS.	 	 	 	 	 	 	 	 	9/16/2004	1600	 	 	 	 		"Hurricane Ivan made landfall at 2:02 AM, September 16, near Gulf Shores, Alabama as a upper Category 3 hurricane. The western side of Ivan effected a large portion of Eastern Mississippi as the center moved north through Alabama. Thousands of trees were blown down across Eastern Mississippi during the event as well as hundreds of power lines. The strong wind itself did not cause much structural damage, however the fallen trees did. These downed trees accounted for several hundred homes, mobile homes and businesses to be damaged or destroyed. Most locations across Eastern Mississippi reported sustained winds between 30 and 40 mph with Tropical Storm force gusts between 48 and 54 mph. The strongest reported winds occurred in Newton, Lauderdale and Oktibbeha counties. A Mississippi mesonet site, in Newton, reported maximum sustained winds of 42 mph and peak gust of 54 mph. At Key Field in Meridian, maximum sustained winds were reported at 43 mph with a peak gust of 61 mph. The highest sustained and peak wind occurred at the Mississippi State Climate Lab in Starkville. This site reported maximum sustained winds of 52 mph and a peak gust of 64 mph.

Overall, rainfall totals were held in check as Ivan steadily moved north. The heaviest rains were confined to far Eastern Mississippi where 3 to 4 inches fell over a 15 hour period. Due to the duration of the rain no flooding was reported.

Across Eastern Mississippi, Hurricane Ivan was responsible for one fatality. This fatality occurred in Brooksville when a tree fell on a man. Damage from Ivan was estimated at $200 Million."	300
5420753	WINSTON (ZONE)	 	9/16/2004	0	Hurricane (Typhoon)	 	 	1	0	93750	31300	MS	CST	 	1179490	Z	38	JAN	0	0	OFFICIAL NWS OBS.	 	 	 	 	 	 	 	 	9/16/2004	1600	 	 	 	 		"Hurricane Ivan made landfall at 2:02 AM, September 16, near Gulf Shores, Alabama as a upper Category 3 hurricane. The western side of Ivan effected a large portion of Eastern Mississippi as the center moved north through Alabama. Thousands of trees were blown down across Eastern Mississippi during the event as well as hundreds of power lines. The strong wind itself did not cause much structural damage, however the fallen trees did. These downed trees accounted for several hundred homes, mobile homes and businesses to be damaged or destroyed. Most locations across Eastern Mississippi reported sustained winds between 30 and 40 mph with Tropical Storm force gusts between 48 and 54 mph. The strongest reported winds occurred in Newton, Lauderdale and Oktibbeha counties. A Mississippi mesonet site, in Newton, reported maximum sustained winds of 42 mph and peak gust of 54 mph. At Key Field in Meridian, maximum sustained winds were reported at 43 mph with a peak gust of 61 mph. The highest sustained and peak wind occurred at the Mississippi State Climate Lab in Starkville. This site reported maximum sustained winds of 52 mph and a peak gust of 64 mph.

Overall, rainfall totals were held in check as Ivan steadily moved north. The heaviest rains were confined to far Eastern Mississippi where 3 to 4 inches fell over a 15 hour period. Due to the duration of the rain no flooding was reported.

Across Eastern Mississippi, Hurricane Ivan was responsible for one fatality. This fatality occurred in Brooksville when a tree fell on a man. Damage from Ivan was estimated at $200 Million."	301
5420747	LOWNDES (ZONE)	 	9/16/2004	0	Hurricane (Typhoon)	 	 	0	0	93750	31300	MS	CST	 	1179490	Z	31	JAN	0	0	OFFICIAL NWS OBS.	 	 	 	 	 	 	 	 	9/16/2004	1600	 	 	 	 		"Hurricane Ivan made landfall at 2:02 AM, September 16, near Gulf Shores, Alabama as a upper Category 3 hurricane. The western side of Ivan effected a large portion of Eastern Mississippi as the center moved north through Alabama. Thousands of trees were blown down across Eastern Mississippi during the event as well as hundreds of power lines. The strong wind itself did not cause much structural damage, however the fallen trees did. These downed trees accounted for several hundred homes, mobile homes and businesses to be damaged or destroyed. Most locations across Eastern Mississippi reported sustained winds between 30 and 40 mph with Tropical Storm force gusts between 48 and 54 mph. The strongest reported winds occurred in Newton, Lauderdale and Oktibbeha counties. A Mississippi mesonet site, in Newton, reported maximum sustained winds of 42 mph and peak gust of 54 mph. At Key Field in Meridian, maximum sustained winds were reported at 43 mph with a peak gust of 61 mph. The highest sustained and peak wind occurred at the Mississippi State Climate Lab in Starkville. This site reported maximum sustained winds of 52 mph and a peak gust of 64 mph.

Overall, rainfall totals were held in check as Ivan steadily moved north. The heaviest rains were confined to far Eastern Mississippi where 3 to 4 inches fell over a 15 hour period. Due to the duration of the rain no flooding was reported.

Across Eastern Mississippi, Hurricane Ivan was responsible for one fatality. This fatality occurred in Brooksville when a tree fell on a man. Damage from Ivan was estimated at $200 Million."	302
5420617	MONROE/LOWER KEYS (ZONE)	 	9/24/2004	1600	Hurricane (Typhoon)	 	 	0	0	0	0	FL	EST	 	1179378	Z	78	EYW	0	0	NWS STORM SURVEY	 	 	 	 	 	 	 	 	9/26/2004	400	 	 	 	 		"Hurricane Jeanne passed from the northwest Bahamas through the central Florida peninsula.  Unlike with Hurricane Frances, Jeanne did not spread widespread convective bands through the island chain.  Rainfall was limited to the outer edge of the stratiform rain shield...which clipped the Upper Keys and Florida Bay.  Peak wind gusts included 44 knots (51 mph) at Sombrero Key Light C-MAN station, and 43 knots (49 mph) at Molasses Reef C-MAN station.  Storm tides were once again measured at 1.0 feet above normal at Vaca Key, and estimated at 2.5 feet above normal in far eastern Florida Bay near North Key Largo and Jewfish Creek.  Tidal flooding inundated a parking lot at the Jewfish Creek bridge, similar to what was experience with Hurricane Frances.  Spring tides in combination with the elevated Florida Bay waters caused some shallow tidal flooding of airport grounds at Key West International Airport, as the interior tidal salt ponds rose. Westerly winds prevented wave action from overwashing low-lying coastal roads, however.

A voluntary evacuation of mobile homes and special needs residents was recommended by Monroe County Emergency Management, with two shelters opened."	303
5420619	MONROE/UPPER KEYS (ZONE)	 	9/24/2004	1600	Hurricane (Typhoon)	 	 	0	0	5000	0	FL	EST	 	1179378	Z	76	EYW	0	0	NWS STORM SURVEY	 	 	 	 	 	 	 	 	9/26/2004	400	 	 	 	 		"Hurricane Jeanne passed from the northwest Bahamas through the central Florida peninsula.  Unlike with Hurricane Frances, Jeanne did not spread widespread convective bands through the island chain.  Rainfall was limited to the outer edge of the stratiform rain shield...which clipped the Upper Keys and Florida Bay.  Peak wind gusts included 44 knots (51 mph) at Sombrero Key Light C-MAN station, and 43 knots (49 mph) at Molasses Reef C-MAN station.  Storm tides were once again measured at 1.0 feet above normal at Vaca Key, and estimated at 2.5 feet above normal in far eastern Florida Bay near North Key Largo and Jewfish Creek.  Tidal flooding inundated a parking lot at the Jewfish Creek bridge, similar to what was experience with Hurricane Frances.  Spring tides in combination with the elevated Florida Bay waters caused some shallow tidal flooding of airport grounds at Key West International Airport, as the interior tidal salt ponds rose. Westerly winds prevented wave action from overwashing low-lying coastal roads, however.

A voluntary evacuation of mobile homes and special needs residents was recommended by Monroe County Emergency Management, with two shelters opened."	304
5420618	MONROE/MIDDLE KEYS (ZONE)	 	9/24/2004	1600	Hurricane (Typhoon)	 	 	0	0	0	0	FL	EST	 	1179378	Z	77	EYW	0	0	NWS STORM SURVEY	 	 	 	 	 	 	 	 	9/26/2004	400	 	 	 	 		"Hurricane Jeanne passed from the northwest Bahamas through the central Florida peninsula.  Unlike with Hurricane Frances, Jeanne did not spread widespread convective bands through the island chain.  Rainfall was limited to the outer edge of the stratiform rain shield...which clipped the Upper Keys and Florida Bay.  Peak wind gusts included 44 knots (51 mph) at Sombrero Key Light C-MAN station, and 43 knots (49 mph) at Molasses Reef C-MAN station.  Storm tides were once again measured at 1.0 feet above normal at Vaca Key, and estimated at 2.5 feet above normal in far eastern Florida Bay near North Key Largo and Jewfish Creek.  Tidal flooding inundated a parking lot at the Jewfish Creek bridge, similar to what was experience with Hurricane Frances.  Spring tides in combination with the elevated Florida Bay waters caused some shallow tidal flooding of airport grounds at Key West International Airport, as the interior tidal salt ponds rose. Westerly winds prevented wave action from overwashing low-lying coastal roads, however.

A voluntary evacuation of mobile homes and special needs residents was recommended by Monroe County Emergency Management, with two shelters opened."	305
5424597	VOLUSIA (ZONE)	 	9/25/2004	140	Hurricane (Typhoon)	 	 	0	0	59500000	1000000	FL	EST	 	1181037	Z	41	MLB	0	0	EMERGENCY MANAGER	 	 	 	 	 	 	 	 	9/26/2004	800	 	 	 	 		"The center of category 3 Hurricane Jeanne reached the Florida east coast near Sewall's Point in Martin County shortly after midnight on September 26th.  Remarkably, this is in the same location where Hurricane Frances came ashore on September 5th. Jeanne was moving to the west northwest at 12 mph and maintained hurricane strength as it crossed most of the Florida Peninsula. Jeanne was downgraded to a tropical storm in the afternoon of September 26th when it was about 40 miles northeast of Tampa Bay. 

In Volusia County, hurricane force wind gusts began with the rain bands on the north side of Jeanne as they moved on shore. The county, already battered by Hurricane Frances suffered extensive additional damage. Fresh water flooding from local heavy rain, and Flooding of the St. Johns River affected more than 200 residences and business properties. Total damage estimates were near $60 million.  Hurricane winds damaged or destroyed thousands of  homes and businesses. Hundreds of thousands of residences were with out power.  Most official NWS surface wind equipment failed prior to the max wind of the storm when power was knocked out. The highest recorded wind was only 55 knots (63 mph), but wind damage suggest numerous gusts in excess of hurricane strength.  The lowest recorded pressure was 993.6 mb.     

In Brevard County, the strongest winds swept across the coast south of Cape Canaveral and the southern coastal communities. Grant, Micco and the south part of Palm Bay were hit much harder than the northern locations. County wide damages were reported at $320 million. Especially hard hit was the mobile home community of Barefoot Bay. A Palm Bay man drowned when his pickup truck ran off a road into a deep flooded ditch. Highest wind gusts in the county were, 79 knots (91 mph) at the NWS Melbourne office. Based on radar information, it is estimated that wind gusts over 100 kts (115 mph) swept across the southern coastal areas. The lowest recorded pressure for the storm was 986.8 mb at Melbourne. Total damage estimates for the county were near $320 million. 

Indian River County was hit hard by Jeanne being to the right of the land falling eye. 8,300 residences were damaged or destroyed and over 41,000 residences were damaged. Total wind damage for the county was over $2 billion. Highest wind gusts in the county were, 106 knots (122 mph) at Vero Beach and 101 knots (116 mph) at Sebastian.  The lowest recorded pressure for the county was 965.5 mb at Vero Beach. 

The north part of the hurricane eye passed over St. Lucie County producing $1.2 billion in wind damage. The marinas along Ft. Pierce inlet were hit destroying dozens of boats.  A 34 year old man was electrocuted when his truck ran into a power line.  Thousands of homes and business were damaged and destroyed by the wind. Especially hard hit were the dozens of mobile home communities. Highest wind gusts in the county were, 111 knots (128 mph) from a private residence just north of Ft. Pierce inlet. The lowest recorded pressure for the county was 952.9 mb at Ft. Pierce. 

The eye of Hurricane Jeanne passed over the community of Sewell' Point in Martin County. Over 180 residences were destroyed with about 4000 residences either damaged or destroyed.  The highest wind speed recorded was 91 kts (105 mph) in Jensen Beach.  No pressure data was recorded for Martin County. Severe beach erosion occurred compounding the damage from Hurricane Frances just 3 weeks earlier."	306
5422415	COASTAL PALM BEACH (ZONE)	 	9/25/2004	900	Hurricane (Typhoon)	 	 	0	0	260000000	0	FL	EST	 	1179870	Z	68	MFL	0	0	EMERGENCY MANAGER	 	 	 	 	 	 	 	 	9/26/2004	900	 	 	 	 		"Hurricane Jeanne formed from a tropical depression just east of the Leeward Islands on September 13. She moved across Puerto Rico and Hispaniola then turned north into the Atlantic and became a hurricane on September 20.  Jeanne made a clockwise loop for three days in the Atlantic north of Hispaniola before moving west northwest. It strengthened to a Category 3 Hurricane while over the northwest Bahamas and then make landfall around 11 P.M., September 25 near the south end of Hutchinson Island, nearly coincident with the landfall point of Hurricane Frances nearly three week before.  The 40-mile diameter eye was not quite as large as Frances, but the southern eyewall again affected northeast Palm Beach County.  After landfall Jeanne initially moved along a track similar to Frances, just north of Lake Okeechobee as it weakened to a tropical storm then it turned to the northwest and moved over the northwest Florida Peninsula.

Although slightly smaller and stronger then Hurricane Frances, winds and pressures  over southeast Florida were remarkably similar to Frances.  Unfortunately, the ASOS at West Palm Beach International Airport quit sending data during the height of the hurricane. Sustained tropical storm-force winds likely occurred over most of Palm Beach and northeast Glades counties and portions of Broward, Hendry and Collier counties.  Although no sustained hurricane-force winds were officially observed in any of the six south Florida counties, portions of northern Palm Beach County mostly likely experienced them.  A South Florida Water Management District (SFWMD) instrument in the Martin County portion of Lake Okeechobee measured a 15-minute sustained wind of 79 mph with a peak gust of 105 mph.  In metropolitan Palm Beach the highest official sustained wind speed was 60 mph with a peak gust of 94 mph from the C-MAN station at Lake Worth Pier. An unofficial peak wind gust of 125 mph was measured in West Palm Beach at the Solid Waste Treatment Plant.   In Glades County near the western shore of Lake Okeechobee the highest sustained wind measured at a SFWMD instrument was 68 mph with a peak gust of 94 mph. Near Clewiston the highest measured sustained wind was 31 mph with a peak wind gust of 72 mph from a SFWMD instrument.  The highest measured sustained wind in Broward County was 46 mph with a peak wind gust of 67 mph from the ASOS site at Pompano Beach Airpark.  At Fort Lauderdale-Hollywood International Airport the ASOS site measured a maximum sustained wind of 40 mph with a peak gust of 56 mph.  In Miami-Dade County a maximum sustained wind of 49 mph with a peak gust of 59 mph was measured at the C-MAN station at Fowey Rocks Light with sustained winds of 26 mph and gusts to 36 mph at Miami International Airport ASOS.  At the Naples Municipal Airport, the ASOS maximum sustained wind was measured at 33 mph with a peak gust of 45 mph.  The lowest barometric pressure of 960.4 mb was measured at a SFWMD site in the Martin County portion of Lake Okeechobee.

A SFWMD gage measured a maximum storm-total rainfall amount of 10.22 inches over the eastern portion of Lake Okeechobee.  A SFWMD gage about four miles west of West Palm Beach International Airport measured 9.10 inches with 8.79 inches of that occurring in a 24-hour period. At Moore Haven, 5.99 inches of rain was measured.  Widespread storm-total amounts of one to four inches occurred in most of southeast and interior south Florida with Miami-Dade County and Collier County averaging one half to one inch. Mostly minor rainfall flooding was observed except locally severe in Palm Beach Gardens, Jupiter and in the farmlands of western Palm Beach County.

The estimated maximum storm surge ranged from two to four feet along the northeast Palm Beach Coast to one to two feet along the northeast Broward Coast.  Within the confines of the Herbert Hoover Dike, water levels on Lake Okeechobee fluctuated up to seven feet above and below normal causing severe flooding of some marinas.  Beach erosion was moderate in Palm Beach and minor in Broward and Miami-Dade counties.

There were no confirmed tornadoes.

There were no known direct deaths but four persons died in the aftermath.  An unknown number of injuries occurred. 

Property damage from storm surge and winds at the coast occurred to condos, marinas, piers, seawalls, bridges and docks, as well as to boats and a few coastal roadways. Inland wind damage to building roofs, mobile homes, trees, power lines, signs, and outbuildings occurred over mainly over Palm Beach County and portions of eastern Glades and Hendry counties.

A preliminary damage estimate for Jeanne in southeast Florida is $330 million, including $260 million in Palm Beach, $50 million in Broward and $10 million in Miami-Dade.  Agricultural  Damage in Palm Beach County was estimated at $30 million.

Florida Power and Light reported outages occurred to 591,300 customers in Palm Beach, 165,900 in Broward, 25,100 in Miami-Dade, 5,200 in Collier, 3,000 in Hendry and 1,500 in Glades. An estimated 12,534 persons sought refuge in public shelters in Palm Beach County."	307
5422420	HENDRY (ZONE)	 	9/25/2004	900	Hurricane (Typhoon)	 	 	0	0	1000000	0	FL	EST	 	1179870	Z	66	MFL	0	0	EMERGENCY MANAGER	 	 	 	 	 	 	 	 	9/26/2004	900	 	 	 	 		"Hurricane Jeanne formed from a tropical depression just east of the Leeward Islands on September 13. She moved across Puerto Rico and Hispaniola then turned north into the Atlantic and became a hurricane on September 20.  Jeanne made a clockwise loop for three days in the Atlantic north of Hispaniola before moving west northwest. It strengthened to a Category 3 Hurricane while over the northwest Bahamas and then make landfall around 11 P.M., September 25 near the south end of Hutchinson Island, nearly coincident with the landfall point of Hurricane Frances nearly three week before.  The 40-mile diameter eye was not quite as large as Frances, but the southern eyewall again affected northeast Palm Beach County.  After landfall Jeanne initially moved along a track similar to Frances, just north of Lake Okeechobee as it weakened to a tropical storm then it turned to the northwest and moved over the northwest Florida Peninsula.

Although slightly smaller and stronger then Hurricane Frances, winds and pressures  over southeast Florida were remarkably similar to Frances.  Unfortunately, the ASOS at West Palm Beach International Airport quit sending data during the height of the hurricane. Sustained tropical storm-force winds likely occurred over most of Palm Beach and northeast Glades counties and portions of Broward, Hendry and Collier counties.  Although no sustained hurricane-force winds were officially observed in any of the six south Florida counties, portions of northern Palm Beach County mostly likely experienced them.  A South Florida Water Management District (SFWMD) instrument in the Martin County portion of Lake Okeechobee measured a 15-minute sustained wind of 79 mph with a peak gust of 105 mph.  In metropolitan Palm Beach the highest official sustained wind speed was 60 mph with a peak gust of 94 mph from the C-MAN station at Lake Worth Pier. An unofficial peak wind gust of 125 mph was measured in West Palm Beach at the Solid Waste Treatment Plant.   In Glades County near the western shore of Lake Okeechobee the highest sustained wind measured at a SFWMD instrument was 68 mph with a peak gust of 94 mph. Near Clewiston the highest measured sustained wind was 31 mph with a peak wind gust of 72 mph from a SFWMD instrument.  The highest measured sustained wind in Broward County was 46 mph with a peak wind gust of 67 mph from the ASOS site at Pompano Beach Airpark.  At Fort Lauderdale-Hollywood International Airport the ASOS site measured a maximum sustained wind of 40 mph with a peak gust of 56 mph.  In Miami-Dade County a maximum sustained wind of 49 mph with a peak gust of 59 mph was measured at the C-MAN station at Fowey Rocks Light with sustained winds of 26 mph and gusts to 36 mph at Miami International Airport ASOS.  At the Naples Municipal Airport, the ASOS maximum sustained wind was measured at 33 mph with a peak gust of 45 mph.  The lowest barometric pressure of 960.4 mb was measured at a SFWMD site in the Martin County portion of Lake Okeechobee.

A SFWMD gage measured a maximum storm-total rainfall amount of 10.22 inches over the eastern portion of Lake Okeechobee.  A SFWMD gage about four miles west of West Palm Beach International Airport measured 9.10 inches with 8.79 inches of that occurring in a 24-hour period. At Moore Haven, 5.99 inches of rain was measured.  Widespread storm-total amounts of one to four inches occurred in most of southeast and interior south Florida with Miami-Dade County and Collier County averaging one half to one inch. Mostly minor rainfall flooding was observed except locally severe in Palm Beach Gardens, Jupiter and in the farmlands of western Palm Beach County.

The estimated maximum storm surge ranged from two to four feet along the northeast Palm Beach Coast to one to two feet along the northeast Broward Coast.  Within the confines of the Herbert Hoover Dike, water levels on Lake Okeechobee fluctuated up to seven feet above and below normal causing severe flooding of some marinas.  Beach erosion was moderate in Palm Beach and minor in Broward and Miami-Dade counties.

There were no confirmed tornadoes.

There were no known direct deaths but four persons died in the aftermath.  An unknown number of injuries occurred. 

Property damage from storm surge and winds at the coast occurred to condos, marinas, piers, seawalls, bridges and docks, as well as to boats and a few coastal roadways. Inland wind damage to building roofs, mobile homes, trees, power lines, signs, and outbuildings occurred over mainly over Palm Beach County and portions of eastern Glades and Hendry counties.

A preliminary damage estimate for Jeanne in southeast Florida is $330 million, including $260 million in Palm Beach, $50 million in Broward and $10 million in Miami-Dade.  Agricultural  Damage in Palm Beach County was estimated at $30 million.

Florida Power and Light reported outages occurred to 591,300 customers in Palm Beach, 165,900 in Broward, 25,100 in Miami-Dade, 5,200 in Collier, 3,000 in Hendry and 1,500 in Glades. An estimated 12,534 persons sought refuge in public shelters in Palm Beach County."	308
5422419	GLADES (ZONE)	 	9/25/2004	900	Hurricane (Typhoon)	 	 	0	0	2000000	0	FL	EST	 	1179870	Z	63	MFL	0	0	EMERGENCY MANAGER	 	 	 	 	 	 	 	 	9/26/2004	900	 	 	 	 		"Hurricane Jeanne formed from a tropical depression just east of the Leeward Islands on September 13. She moved across Puerto Rico and Hispaniola then turned north into the Atlantic and became a hurricane on September 20.  Jeanne made a clockwise loop for three days in the Atlantic north of Hispaniola before moving west northwest. It strengthened to a Category 3 Hurricane while over the northwest Bahamas and then make landfall around 11 P.M., September 25 near the south end of Hutchinson Island, nearly coincident with the landfall point of Hurricane Frances nearly three week before.  The 40-mile diameter eye was not quite as large as Frances, but the southern eyewall again affected northeast Palm Beach County.  After landfall Jeanne initially moved along a track similar to Frances, just north of Lake Okeechobee as it weakened to a tropical storm then it turned to the northwest and moved over the northwest Florida Peninsula.

Although slightly smaller and stronger then Hurricane Frances, winds and pressures  over southeast Florida were remarkably similar to Frances.  Unfortunately, the ASOS at West Palm Beach International Airport quit sending data during the height of the hurricane. Sustained tropical storm-force winds likely occurred over most of Palm Beach and northeast Glades counties and portions of Broward, Hendry and Collier counties.  Although no sustained hurricane-force winds were officially observed in any of the six south Florida counties, portions of northern Palm Beach County mostly likely experienced them.  A South Florida Water Management District (SFWMD) instrument in the Martin County portion of Lake Okeechobee measured a 15-minute sustained wind of 79 mph with a peak gust of 105 mph.  In metropolitan Palm Beach the highest official sustained wind speed was 60 mph with a peak gust of 94 mph from the C-MAN station at Lake Worth Pier. An unofficial peak wind gust of 125 mph was measured in West Palm Beach at the Solid Waste Treatment Plant.   In Glades County near the western shore of Lake Okeechobee the highest sustained wind measured at a SFWMD instrument was 68 mph with a peak gust of 94 mph. Near Clewiston the highest measured sustained wind was 31 mph with a peak wind gust of 72 mph from a SFWMD instrument.  The highest measured sustained wind in Broward County was 46 mph with a peak wind gust of 67 mph from the ASOS site at Pompano Beach Airpark.  At Fort Lauderdale-Hollywood International Airport the ASOS site measured a maximum sustained wind of 40 mph with a peak gust of 56 mph.  In Miami-Dade County a maximum sustained wind of 49 mph with a peak gust of 59 mph was measured at the C-MAN station at Fowey Rocks Light with sustained winds of 26 mph and gusts to 36 mph at Miami International Airport ASOS.  At the Naples Municipal Airport, the ASOS maximum sustained wind was measured at 33 mph with a peak gust of 45 mph.  The lowest barometric pressure of 960.4 mb was measured at a SFWMD site in the Martin County portion of Lake Okeechobee.

A SFWMD gage measured a maximum storm-total rainfall amount of 10.22 inches over the eastern portion of Lake Okeechobee.  A SFWMD gage about four miles west of West Palm Beach International Airport measured 9.10 inches with 8.79 inches of that occurring in a 24-hour period. At Moore Haven, 5.99 inches of rain was measured.  Widespread storm-total amounts of one to four inches occurred in most of southeast and interior south Florida with Miami-Dade County and Collier County averaging one half to one inch. Mostly minor rainfall flooding was observed except locally severe in Palm Beach Gardens, Jupiter and in the farmlands of western Palm Beach County.

The estimated maximum storm surge ranged from two to four feet along the northeast Palm Beach Coast to one to two feet along the northeast Broward Coast.  Within the confines of the Herbert Hoover Dike, water levels on Lake Okeechobee fluctuated up to seven feet above and below normal causing severe flooding of some marinas.  Beach erosion was moderate in Palm Beach and minor in Broward and Miami-Dade counties.

There were no confirmed tornadoes.

There were no known direct deaths but four persons died in the aftermath.  An unknown number of injuries occurred. 

Property damage from storm surge and winds at the coast occurred to condos, marinas, piers, seawalls, bridges and docks, as well as to boats and a few coastal roadways. Inland wind damage to building roofs, mobile homes, trees, power lines, signs, and outbuildings occurred over mainly over Palm Beach County and portions of eastern Glades and Hendry counties.

A preliminary damage estimate for Jeanne in southeast Florida is $330 million, including $260 million in Palm Beach, $50 million in Broward and $10 million in Miami-Dade.  Agricultural  Damage in Palm Beach County was estimated at $30 million.

Florida Power and Light reported outages occurred to 591,300 customers in Palm Beach, 165,900 in Broward, 25,100 in Miami-Dade, 5,200 in Collier, 3,000 in Hendry and 1,500 in Glades. An estimated 12,534 persons sought refuge in public shelters in Palm Beach County."	309
5422418	COASTAL DADE (ZONE)	 	9/25/2004	900	Hurricane (Typhoon)	 	 	0	0	10000000	0	FL	EST	 	1179870	Z	74	MFL	0	0	EMERGENCY MANAGER	 	 	 	 	 	 	 	 	9/26/2004	900	 	 	 	 		"Hurricane Jeanne formed from a tropical depression just east of the Leeward Islands on September 13. She moved across Puerto Rico and Hispaniola then turned north into the Atlantic and became a hurricane on September 20.  Jeanne made a clockwise loop for three days in the Atlantic north of Hispaniola before moving west northwest. It strengthened to a Category 3 Hurricane while over the northwest Bahamas and then make landfall around 11 P.M., September 25 near the south end of Hutchinson Island, nearly coincident with the landfall point of Hurricane Frances nearly three week before.  The 40-mile diameter eye was not quite as large as Frances, but the southern eyewall again affected northeast Palm Beach County.  After landfall Jeanne initially moved along a track similar to Frances, just north of Lake Okeechobee as it weakened to a tropical storm then it turned to the northwest and moved over the northwest Florida Peninsula.

Although slightly smaller and stronger then Hurricane Frances, winds and pressures  over southeast Florida were remarkably similar to Frances.  Unfortunately, the ASOS at West Palm Beach International Airport quit sending data during the height of the hurricane. Sustained tropical storm-force winds likely occurred over most of Palm Beach and northeast Glades counties and portions of Broward, Hendry and Collier counties.  Although no sustained hurricane-force winds were officially observed in any of the six south Florida counties, portions of northern Palm Beach County mostly likely experienced them.  A South Florida Water Management District (SFWMD) instrument in the Martin County portion of Lake Okeechobee measured a 15-minute sustained wind of 79 mph with a peak gust of 105 mph.  In metropolitan Palm Beach the highest official sustained wind speed was 60 mph with a peak gust of 94 mph from the C-MAN station at Lake Worth Pier. An unofficial peak wind gust of 125 mph was measured in West Palm Beach at the Solid Waste Treatment Plant.   In Glades County near the western shore of Lake Okeechobee the highest sustained wind measured at a SFWMD instrument was 68 mph with a peak gust of 94 mph. Near Clewiston the highest measured sustained wind was 31 mph with a peak wind gust of 72 mph from a SFWMD instrument.  The highest measured sustained wind in Broward County was 46 mph with a peak wind gust of 67 mph from the ASOS site at Pompano Beach Airpark.  At Fort Lauderdale-Hollywood International Airport the ASOS site measured a maximum sustained wind of 40 mph with a peak gust of 56 mph.  In Miami-Dade County a maximum sustained wind of 49 mph with a peak gust of 59 mph was measured at the C-MAN station at Fowey Rocks Light with sustained winds of 26 mph and gusts to 36 mph at Miami International Airport ASOS.  At the Naples Municipal Airport, the ASOS maximum sustained wind was measured at 33 mph with a peak gust of 45 mph.  The lowest barometric pressure of 960.4 mb was measured at a SFWMD site in the Martin County portion of Lake Okeechobee.

A SFWMD gage measured a maximum storm-total rainfall amount of 10.22 inches over the eastern portion of Lake Okeechobee.  A SFWMD gage about four miles west of West Palm Beach International Airport measured 9.10 inches with 8.79 inches of that occurring in a 24-hour period. At Moore Haven, 5.99 inches of rain was measured.  Widespread storm-total amounts of one to four inches occurred in most of southeast and interior south Florida with Miami-Dade County and Collier County averaging one half to one inch. Mostly minor rainfall flooding was observed except locally severe in Palm Beach Gardens, Jupiter and in the farmlands of western Palm Beach County.

The estimated maximum storm surge ranged from two to four feet along the northeast Palm Beach Coast to one to two feet along the northeast Broward Coast.  Within the confines of the Herbert Hoover Dike, water levels on Lake Okeechobee fluctuated up to seven feet above and below normal causing severe flooding of some marinas.  Beach erosion was moderate in Palm Beach and minor in Broward and Miami-Dade counties.

There were no confirmed tornadoes.

There were no known direct deaths but four persons died in the aftermath.  An unknown number of injuries occurred. 

Property damage from storm surge and winds at the coast occurred to condos, marinas, piers, seawalls, bridges and docks, as well as to boats and a few coastal roadways. Inland wind damage to building roofs, mobile homes, trees, power lines, signs, and outbuildings occurred over mainly over Palm Beach County and portions of eastern Glades and Hendry counties.

A preliminary damage estimate for Jeanne in southeast Florida is $330 million, including $260 million in Palm Beach, $50 million in Broward and $10 million in Miami-Dade.  Agricultural  Damage in Palm Beach County was estimated at $30 million.

Florida Power and Light reported outages occurred to 591,300 customers in Palm Beach, 165,900 in Broward, 25,100 in Miami-Dade, 5,200 in Collier, 3,000 in Hendry and 1,500 in Glades. An estimated 12,534 persons sought refuge in public shelters in Palm Beach County."	310
5422417	COASTAL BROWARD (ZONE)	 	9/25/2004	900	Hurricane (Typhoon)	 	 	0	0	50000000	0	FL	EST	 	1179870	Z	72	MFL	0	0	EMERGENCY MANAGER	 	 	 	 	 	 	 	 	9/26/2004	900	 	 	 	 		"Hurricane Jeanne formed from a tropical depression just east of the Leeward Islands on September 13. She moved across Puerto Rico and Hispaniola then turned north into the Atlantic and became a hurricane on September 20.  Jeanne made a clockwise loop for three days in the Atlantic north of Hispaniola before moving west northwest. It strengthened to a Category 3 Hurricane while over the northwest Bahamas and then make landfall around 11 P.M., September 25 near the south end of Hutchinson Island, nearly coincident with the landfall point of Hurricane Frances nearly three week before.  The 40-mile diameter eye was not quite as large as Frances, but the southern eyewall again affected northeast Palm Beach County.  After landfall Jeanne initially moved along a track similar to Frances, just north of Lake Okeechobee as it weakened to a tropical storm then it turned to the northwest and moved over the northwest Florida Peninsula.

Although slightly smaller and stronger then Hurricane Frances, winds and pressures  over southeast Florida were remarkably similar to Frances.  Unfortunately, the ASOS at West Palm Beach International Airport quit sending data during the height of the hurricane. Sustained tropical storm-force winds likely occurred over most of Palm Beach and northeast Glades counties and portions of Broward, Hendry and Collier counties.  Although no sustained hurricane-force winds were officially observed in any of the six south Florida counties, portions of northern Palm Beach County mostly likely experienced them.  A South Florida Water Management District (SFWMD) instrument in the Martin County portion of Lake Okeechobee measured a 15-minute sustained wind of 79 mph with a peak gust of 105 mph.  In metropolitan Palm Beach the highest official sustained wind speed was 60 mph with a peak gust of 94 mph from the C-MAN station at Lake Worth Pier. An unofficial peak wind gust of 125 mph was measured in West Palm Beach at the Solid Waste Treatment Plant.   In Glades County near the western shore of Lake Okeechobee the highest sustained wind measured at a SFWMD instrument was 68 mph with a peak gust of 94 mph. Near Clewiston the highest measured sustained wind was 31 mph with a peak wind gust of 72 mph from a SFWMD instrument.  The highest measured sustained wind in Broward County was 46 mph with a peak wind gust of 67 mph from the ASOS site at Pompano Beach Airpark.  At Fort Lauderdale-Hollywood International Airport the ASOS site measured a maximum sustained wind of 40 mph with a peak gust of 56 mph.  In Miami-Dade County a maximum sustained wind of 49 mph with a peak gust of 59 mph was measured at the C-MAN station at Fowey Rocks Light with sustained winds of 26 mph and gusts to 36 mph at Miami International Airport ASOS.  At the Naples Municipal Airport, the ASOS maximum sustained wind was measured at 33 mph with a peak gust of 45 mph.  The lowest barometric pressure of 960.4 mb was measured at a SFWMD site in the Martin County portion of Lake Okeechobee.

A SFWMD gage measured a maximum storm-total rainfall amount of 10.22 inches over the eastern portion of Lake Okeechobee.  A SFWMD gage about four miles west of West Palm Beach International Airport measured 9.10 inches with 8.79 inches of that occurring in a 24-hour period. At Moore Haven, 5.99 inches of rain was measured.  Widespread storm-total amounts of one to four inches occurred in most of southeast and interior south Florida with Miami-Dade County and Collier County averaging one half to one inch. Mostly minor rainfall flooding was observed except locally severe in Palm Beach Gardens, Jupiter and in the farmlands of western Palm Beach County.

The estimated maximum storm surge ranged from two to four feet along the northeast Palm Beach Coast to one to two feet along the northeast Broward Coast.  Within the confines of the Herbert Hoover Dike, water levels on Lake Okeechobee fluctuated up to seven feet above and below normal causing severe flooding of some marinas.  Beach erosion was moderate in Palm Beach and minor in Broward and Miami-Dade counties.

There were no confirmed tornadoes.

There were no known direct deaths but four persons died in the aftermath.  An unknown number of injuries occurred. 

Property damage from storm surge and winds at the coast occurred to condos, marinas, piers, seawalls, bridges and docks, as well as to boats and a few coastal roadways. Inland wind damage to building roofs, mobile homes, trees, power lines, signs, and outbuildings occurred over mainly over Palm Beach County and portions of eastern Glades and Hendry counties.

A preliminary damage estimate for Jeanne in southeast Florida is $330 million, including $260 million in Palm Beach, $50 million in Broward and $10 million in Miami-Dade.  Agricultural  Damage in Palm Beach County was estimated at $30 million.

Florida Power and Light reported outages occurred to 591,300 customers in Palm Beach, 165,900 in Broward, 25,100 in Miami-Dade, 5,200 in Collier, 3,000 in Hendry and 1,500 in Glades. An estimated 12,534 persons sought refuge in public shelters in Palm Beach County."	311
5422416	INLAND PALM BEACH (ZONE)	 	9/25/2004	900	Hurricane (Typhoon)	 	 	0	0	0	30000000	FL	EST	 	1179870	Z	67	MFL	0	0	EMERGENCY MANAGER	 	 	 	 	 	 	 	 	9/26/2004	900	 	 	 	 		"Hurricane Jeanne formed from a tropical depression just east of the Leeward Islands on September 13. She moved across Puerto Rico and Hispaniola then turned north into the Atlantic and became a hurricane on September 20.  Jeanne made a clockwise loop for three days in the Atlantic north of Hispaniola before moving west northwest. It strengthened to a Category 3 Hurricane while over the northwest Bahamas and then make landfall around 11 P.M., September 25 near the south end of Hutchinson Island, nearly coincident with the landfall point of Hurricane Frances nearly three week before.  The 40-mile diameter eye was not quite as large as Frances, but the southern eyewall again affected northeast Palm Beach County.  After landfall Jeanne initially moved along a track similar to Frances, just north of Lake Okeechobee as it weakened to a tropical storm then it turned to the northwest and moved over the northwest Florida Peninsula.

Although slightly smaller and stronger then Hurricane Frances, winds and pressures  over southeast Florida were remarkably similar to Frances.  Unfortunately, the ASOS at West Palm Beach International Airport quit sending data during the height of the hurricane. Sustained tropical storm-force winds likely occurred over most of Palm Beach and northeast Glades counties and portions of Broward, Hendry and Collier counties.  Although no sustained hurricane-force winds were officially observed in any of the six south Florida counties, portions of northern Palm Beach County mostly likely experienced them.  A South Florida Water Management District (SFWMD) instrument in the Martin County portion of Lake Okeechobee measured a 15-minute sustained wind of 79 mph with a peak gust of 105 mph.  In metropolitan Palm Beach the highest official sustained wind speed was 60 mph with a peak gust of 94 mph from the C-MAN station at Lake Worth Pier. An unofficial peak wind gust of 125 mph was measured in West Palm Beach at the Solid Waste Treatment Plant.   In Glades County near the western shore of Lake Okeechobee the highest sustained wind measured at a SFWMD instrument was 68 mph with a peak gust of 94 mph. Near Clewiston the highest measured sustained wind was 31 mph with a peak wind gust of 72 mph from a SFWMD instrument.  The highest measured sustained wind in Broward County was 46 mph with a peak wind gust of 67 mph from the ASOS site at Pompano Beach Airpark.  At Fort Lauderdale-Hollywood International Airport the ASOS site measured a maximum sustained wind of 40 mph with a peak gust of 56 mph.  In Miami-Dade County a maximum sustained wind of 49 mph with a peak gust of 59 mph was measured at the C-MAN station at Fowey Rocks Light with sustained winds of 26 mph and gusts to 36 mph at Miami International Airport ASOS.  At the Naples Municipal Airport, the ASOS maximum sustained wind was measured at 33 mph with a peak gust of 45 mph.  The lowest barometric pressure of 960.4 mb was measured at a SFWMD site in the Martin County portion of Lake Okeechobee.

A SFWMD gage measured a maximum storm-total rainfall amount of 10.22 inches over the eastern portion of Lake Okeechobee.  A SFWMD gage about four miles west of West Palm Beach International Airport measured 9.10 inches with 8.79 inches of that occurring in a 24-hour period. At Moore Haven, 5.99 inches of rain was measured.  Widespread storm-total amounts of one to four inches occurred in most of southeast and interior south Florida with Miami-Dade County and Collier County averaging one half to one inch. Mostly minor rainfall flooding was observed except locally severe in Palm Beach Gardens, Jupiter and in the farmlands of western Palm Beach County.

The estimated maximum storm surge ranged from two to four feet along the northeast Palm Beach Coast to one to two feet along the northeast Broward Coast.  Within the confines of the Herbert Hoover Dike, water levels on Lake Okeechobee fluctuated up to seven feet above and below normal causing severe flooding of some marinas.  Beach erosion was moderate in Palm Beach and minor in Broward and Miami-Dade counties.

There were no confirmed tornadoes.

There were no known direct deaths but four persons died in the aftermath.  An unknown number of injuries occurred. 

Property damage from storm surge and winds at the coast occurred to condos, marinas, piers, seawalls, bridges and docks, as well as to boats and a few coastal roadways. Inland wind damage to building roofs, mobile homes, trees, power lines, signs, and outbuildings occurred over mainly over Palm Beach County and portions of eastern Glades and Hendry counties.

A preliminary damage estimate for Jeanne in southeast Florida is $330 million, including $260 million in Palm Beach, $50 million in Broward and $10 million in Miami-Dade.  Agricultural  Damage in Palm Beach County was estimated at $30 million.

Florida Power and Light reported outages occurred to 591,300 customers in Palm Beach, 165,900 in Broward, 25,100 in Miami-Dade, 5,200 in Collier, 3,000 in Hendry and 1,500 in Glades. An estimated 12,534 persons sought refuge in public shelters in Palm Beach County."	312
5424593	MARTIN (ZONE)	 	9/25/2004	2014	Hurricane (Typhoon)	 	 	0	0	0	0	FL	EST	 	1181037	Z	64	MLB	0	0	NEWSPAPER	 	 	 	 	 	 	 	 	9/26/2004	500	 	 	 	 		"The center of category 3 Hurricane Jeanne reached the Florida east coast near Sewall's Point in Martin County shortly after midnight on September 26th.  Remarkably, this is in the same location where Hurricane Frances came ashore on September 5th. Jeanne was moving to the west northwest at 12 mph and maintained hurricane strength as it crossed most of the Florida Peninsula. Jeanne was downgraded to a tropical storm in the afternoon of September 26th when it was about 40 miles northeast of Tampa Bay. 

In Volusia County, hurricane force wind gusts began with the rain bands on the north side of Jeanne as they moved on shore. The county, already battered by Hurricane Frances suffered extensive additional damage. Fresh water flooding from local heavy rain, and Flooding of the St. Johns River affected more than 200 residences and business properties. Total damage estimates were near $60 million.  Hurricane winds damaged or destroyed thousands of  homes and businesses. Hundreds of thousands of residences were with out power.  Most official NWS surface wind equipment failed prior to the max wind of the storm when power was knocked out. The highest recorded wind was only 55 knots (63 mph), but wind damage suggest numerous gusts in excess of hurricane strength.  The lowest recorded pressure was 993.6 mb.     

In Brevard County, the strongest winds swept across the coast south of Cape Canaveral and the southern coastal communities. Grant, Micco and the south part of Palm Bay were hit much harder than the northern locations. County wide damages were reported at $320 million. Especially hard hit was the mobile home community of Barefoot Bay. A Palm Bay man drowned when his pickup truck ran off a road into a deep flooded ditch. Highest wind gusts in the county were, 79 knots (91 mph) at the NWS Melbourne office. Based on radar information, it is estimated that wind gusts over 100 kts (115 mph) swept across the southern coastal areas. The lowest recorded pressure for the storm was 986.8 mb at Melbourne. Total damage estimates for the county were near $320 million. 

Indian River County was hit hard by Jeanne being to the right of the land falling eye. 8,300 residences were damaged or destroyed and over 41,000 residences were damaged. Total wind damage for the county was over $2 billion. Highest wind gusts in the county were, 106 knots (122 mph) at Vero Beach and 101 knots (116 mph) at Sebastian.  The lowest recorded pressure for the county was 965.5 mb at Vero Beach. 

The north part of the hurricane eye passed over St. Lucie County producing $1.2 billion in wind damage. The marinas along Ft. Pierce inlet were hit destroying dozens of boats.  A 34 year old man was electrocuted when his truck ran into a power line.  Thousands of homes and business were damaged and destroyed by the wind. Especially hard hit were the dozens of mobile home communities. Highest wind gusts in the county were, 111 knots (128 mph) from a private residence just north of Ft. Pierce inlet. The lowest recorded pressure for the county was 952.9 mb at Ft. Pierce. 

The eye of Hurricane Jeanne passed over the community of Sewell' Point in Martin County. Over 180 residences were destroyed with about 4000 residences either damaged or destroyed.  The highest wind speed recorded was 91 kts (105 mph) in Jensen Beach.  No pressure data was recorded for Martin County. Severe beach erosion occurred compounding the damage from Hurricane Frances just 3 weeks earlier."	313
5424594	ST. LUCIE (ZONE)	 	9/25/2004	2014	Hurricane (Typhoon)	 	 	0	0	0	0	FL	EST	 	1181037	Z	59	MLB	0	0	NEWSPAPER	 	 	 	 	 	 	 	 	9/26/2004	500	 	 	 	 		"The center of category 3 Hurricane Jeanne reached the Florida east coast near Sewall's Point in Martin County shortly after midnight on September 26th.  Remarkably, this is in the same location where Hurricane Frances came ashore on September 5th. Jeanne was moving to the west northwest at 12 mph and maintained hurricane strength as it crossed most of the Florida Peninsula. Jeanne was downgraded to a tropical storm in the afternoon of September 26th when it was about 40 miles northeast of Tampa Bay. 

In Volusia County, hurricane force wind gusts began with the rain bands on the north side of Jeanne as they moved on shore. The county, already battered by Hurricane Frances suffered extensive additional damage. Fresh water flooding from local heavy rain, and Flooding of the St. Johns River affected more than 200 residences and business properties. Total damage estimates were near $60 million.  Hurricane winds damaged or destroyed thousands of  homes and businesses. Hundreds of thousands of residences were with out power.  Most official NWS surface wind equipment failed prior to the max wind of the storm when power was knocked out. The highest recorded wind was only 55 knots (63 mph), but wind damage suggest numerous gusts in excess of hurricane strength.  The lowest recorded pressure was 993.6 mb.     

In Brevard County, the strongest winds swept across the coast south of Cape Canaveral and the southern coastal communities. Grant, Micco and the south part of Palm Bay were hit much harder than the northern locations. County wide damages were reported at $320 million. Especially hard hit was the mobile home community of Barefoot Bay. A Palm Bay man drowned when his pickup truck ran off a road into a deep flooded ditch. Highest wind gusts in the county were, 79 knots (91 mph) at the NWS Melbourne office. Based on radar information, it is estimated that wind gusts over 100 kts (115 mph) swept across the southern coastal areas. The lowest recorded pressure for the storm was 986.8 mb at Melbourne. Total damage estimates for the county were near $320 million. 

Indian River County was hit hard by Jeanne being to the right of the land falling eye. 8,300 residences were damaged or destroyed and over 41,000 residences were damaged. Total wind damage for the county was over $2 billion. Highest wind gusts in the county were, 106 knots (122 mph) at Vero Beach and 101 knots (116 mph) at Sebastian.  The lowest recorded pressure for the county was 965.5 mb at Vero Beach. 

The north part of the hurricane eye passed over St. Lucie County producing $1.2 billion in wind damage. The marinas along Ft. Pierce inlet were hit destroying dozens of boats.  A 34 year old man was electrocuted when his truck ran into a power line.  Thousands of homes and business were damaged and destroyed by the wind. Especially hard hit were the dozens of mobile home communities. Highest wind gusts in the county were, 111 knots (128 mph) from a private residence just north of Ft. Pierce inlet. The lowest recorded pressure for the county was 952.9 mb at Ft. Pierce. 

The eye of Hurricane Jeanne passed over the community of Sewell' Point in Martin County. Over 180 residences were destroyed with about 4000 residences either damaged or destroyed.  The highest wind speed recorded was 91 kts (105 mph) in Jensen Beach.  No pressure data was recorded for Martin County. Severe beach erosion occurred compounding the damage from Hurricane Frances just 3 weeks earlier."	314
5424595	INDIAN RIVER (ZONE)	 	9/25/2004	2039	Hurricane (Typhoon)	 	 	0	0	0	0	FL	EST	 	1181037	Z	54	MLB	0	0	EMERGENCY MANAGER	 	 	 	 	 	 	 	 	9/26/2004	500	 	 	 	 		"The center of category 3 Hurricane Jeanne reached the Florida east coast near Sewall's Point in Martin County shortly after midnight on September 26th.  Remarkably, this is in the same location where Hurricane Frances came ashore on September 5th. Jeanne was moving to the west northwest at 12 mph and maintained hurricane strength as it crossed most of the Florida Peninsula. Jeanne was downgraded to a tropical storm in the afternoon of September 26th when it was about 40 miles northeast of Tampa Bay. 

In Volusia County, hurricane force wind gusts began with the rain bands on the north side of Jeanne as they moved on shore. The county, already battered by Hurricane Frances suffered extensive additional damage. Fresh water flooding from local heavy rain, and Flooding of the St. Johns River affected more than 200 residences and business properties. Total damage estimates were near $60 million.  Hurricane winds damaged or destroyed thousands of  homes and businesses. Hundreds of thousands of residences were with out power.  Most official NWS surface wind equipment failed prior to the max wind of the storm when power was knocked out. The highest recorded wind was only 55 knots (63 mph), but wind damage suggest numerous gusts in excess of hurricane strength.  The lowest recorded pressure was 993.6 mb.     

In Brevard County, the strongest winds swept across the coast south of Cape Canaveral and the southern coastal communities. Grant, Micco and the south part of Palm Bay were hit much harder than the northern locations. County wide damages were reported at $320 million. Especially hard hit was the mobile home community of Barefoot Bay. A Palm Bay man drowned when his pickup truck ran off a road into a deep flooded ditch. Highest wind gusts in the county were, 79 knots (91 mph) at the NWS Melbourne office. Based on radar information, it is estimated that wind gusts over 100 kts (115 mph) swept across the southern coastal areas. The lowest recorded pressure for the storm was 986.8 mb at Melbourne. Total damage estimates for the county were near $320 million. 

Indian River County was hit hard by Jeanne being to the right of the land falling eye. 8,300 residences were damaged or destroyed and over 41,000 residences were damaged. Total wind damage for the county was over $2 billion. Highest wind gusts in the county were, 106 knots (122 mph) at Vero Beach and 101 knots (116 mph) at Sebastian.  The lowest recorded pressure for the county was 965.5 mb at Vero Beach. 

The north part of the hurricane eye passed over St. Lucie County producing $1.2 billion in wind damage. The marinas along Ft. Pierce inlet were hit destroying dozens of boats.  A 34 year old man was electrocuted when his truck ran into a power line.  Thousands of homes and business were damaged and destroyed by the wind. Especially hard hit were the dozens of mobile home communities. Highest wind gusts in the county were, 111 knots (128 mph) from a private residence just north of Ft. Pierce inlet. The lowest recorded pressure for the county was 952.9 mb at Ft. Pierce. 

The eye of Hurricane Jeanne passed over the community of Sewell' Point in Martin County. Over 180 residences were destroyed with about 4000 residences either damaged or destroyed.  The highest wind speed recorded was 91 kts (105 mph) in Jensen Beach.  No pressure data was recorded for Martin County. Severe beach erosion occurred compounding the damage from Hurricane Frances just 3 weeks earlier."	315
5424596	BREVARD (ZONE)	 	9/25/2004	2200	Hurricane (Typhoon)	 	 	0	0	320400000	7700000	FL	EST	 	1181037	Z	47	MLB	0	0	EMERGENCY MANAGER	 	 	 	 	 	 	 	 	9/26/2004	600	 	 	 	 		"The center of category 3 Hurricane Jeanne reached the Florida east coast near Sewall's Point in Martin County shortly after midnight on September 26th.  Remarkably, this is in the same location where Hurricane Frances came ashore on September 5th. Jeanne was moving to the west northwest at 12 mph and maintained hurricane strength as it crossed most of the Florida Peninsula. Jeanne was downgraded to a tropical storm in the afternoon of September 26th when it was about 40 miles northeast of Tampa Bay. 

In Volusia County, hurricane force wind gusts began with the rain bands on the north side of Jeanne as they moved on shore. The county, already battered by Hurricane Frances suffered extensive additional damage. Fresh water flooding from local heavy rain, and Flooding of the St. Johns River affected more than 200 residences and business properties. Total damage estimates were near $60 million.  Hurricane winds damaged or destroyed thousands of  homes and businesses. Hundreds of thousands of residences were with out power.  Most official NWS surface wind equipment failed prior to the max wind of the storm when power was knocked out. The highest recorded wind was only 55 knots (63 mph), but wind damage suggest numerous gusts in excess of hurricane strength.  The lowest recorded pressure was 993.6 mb.     

In Brevard County, the strongest winds swept across the coast south of Cape Canaveral and the southern coastal communities. Grant, Micco and the south part of Palm Bay were hit much harder than the northern locations. County wide damages were reported at $320 million. Especially hard hit was the mobile home community of Barefoot Bay. A Palm Bay man drowned when his pickup truck ran off a road into a deep flooded ditch. Highest wind gusts in the county were, 79 knots (91 mph) at the NWS Melbourne office. Based on radar information, it is estimated that wind gusts over 100 kts (115 mph) swept across the southern coastal areas. The lowest recorded pressure for the storm was 986.8 mb at Melbourne. Total damage estimates for the county were near $320 million. 

Indian River County was hit hard by Jeanne being to the right of the land falling eye. 8,300 residences were damaged or destroyed and over 41,000 residences were damaged. Total wind damage for the county was over $2 billion. Highest wind gusts in the county were, 106 knots (122 mph) at Vero Beach and 101 knots (116 mph) at Sebastian.  The lowest recorded pressure for the county was 965.5 mb at Vero Beach. 

The north part of the hurricane eye passed over St. Lucie County producing $1.2 billion in wind damage. The marinas along Ft. Pierce inlet were hit destroying dozens of boats.  A 34 year old man was electrocuted when his truck ran into a power line.  Thousands of homes and business were damaged and destroyed by the wind. Especially hard hit were the dozens of mobile home communities. Highest wind gusts in the county were, 111 knots (128 mph) from a private residence just north of Ft. Pierce inlet. The lowest recorded pressure for the county was 952.9 mb at Ft. Pierce. 

The eye of Hurricane Jeanne passed over the community of Sewell' Point in Martin County. Over 180 residences were destroyed with about 4000 residences either damaged or destroyed.  The highest wind speed recorded was 91 kts (105 mph) in Jensen Beach.  No pressure data was recorded for Martin County. Severe beach erosion occurred compounding the damage from Hurricane Frances just 3 weeks earlier."	316
5432272	MICRONESIA (ZONE)	 	11/29/2004	0	Hurricane (Typhoon)	 	 	0	0	0	50000	XX	SST	 	1184665	Z	2	GUA	0	0	NWS STORM SURVEY	 	 	 	 	 	 	 	 	11/30/2004	2330	 	 	 	 		"TYPHOON NANMADOL

Tropical Depression (TD) 30W began about 165 miles southeast of Satawal in Yap State at 0400 SST on the morning of November 29th. As TD 30W moved west-northwest, it was upgraded to Tropical Storm Nanmadol later that morning at 1000 SST, and passed 60 miles south-southwest of Satawal that afternoon around 1300 SST. After reaching typhoon intensity that evening at 2200 SST, Typhoon Nanmadol passed 85 miles south-southwest of Faraulep at 2330 SST, then moved directly over Woleai early on the morning of November 30th at 0030 SST with maximum sustained winds around 80 mph. Nanmadol continued moving rapidly west-northwest at 25 to 28 mph the rest of that day, passing 55 miles southwest of Fais at 1230 SST, 55 miles southwest of Ulithi at 1600 SST, and just 20 miles northeast of Yap that evening at 1830 SST. By this time, maximum winds near the center were estimated at 90 mph, but Nanmadol's rapid movement kept the strongest winds in the northern semicircle of the typhoon, with much weaker winds south of the center. By 0400 SST the morning of December 1st, Typhoon Nanmadol was already 225 miles west-northwest of Yap, moving quickly away. During its quick traversal of Yap State, Nanmadol brought heavy rain and brief periods of tropical storm conditions to the islands it visited. 

Satawal/Faraulep:  No observations were available. Winds were likely around 40 mph with gusts to 50 mph around the time of closest approach.

Woleai:  Wind measurements at Woleai were sporadic and unrepresentative, but the highest sustained winds were likely 55 to 70 mph between 2300 SST and 0200 SST on the 29th-30th. In the 24 hours ending at 1000 SST on the 30th, 6.05 inches of rain fell. No pressure measurements were available.

Fais:  No observations were available, but conditions were likely similar to those on Ulithi. 

Ulithi:  The highest sustained wind at Ulithi's automated observing station was 47 mph from the east-northeast at 1400 SST on the 30th. The peak gust of 70 mph from the east  occurred between 1400 and 1500 SST. Rainfall was relatively light, amounting to only 1.32 inches between 0000 and 1500 SST on the 30th. The barometer was inoperative. 

Yap:  The highest sustained wind at the airport was 35 mph; from the northwest at 1750 SST on the 30th, and from the southwest at 1854 SST. The peak gust of 61 mph was from the west at 1806 SST. Rainfall was heavy, amounting to 7.43 inches in the 24 hours ending at 2200 SST on the 30th. The lowest sea-level pressure was 983.9 mb at 1750 SST. 

STORM EFFECTS AND DAMAGE

Satawal/Faraulep:  There was little or no structural damage, but some banana and papaya trees were blown down. Breadfruit trees suffered moderate damage, with breadfruit being blown from the trees. 

Woleai/Fais/Ulithi:  Most of the banana and papaya trees were blown down, and most of the breadfruit trees lost their fruit. Structural damage was minor. 

Yap:  Little or no structural damage was reported. About 60% of the banana and papaya trees were blown down, and some breadfruit trees lost their fruit. 

Total damage from Typhoon Nanmadol is estimated at $50,000, nearly all crop damage."	317
